object_sha256,repository_object,extension,media_kind,semantic_family,lifecycle_role,canonical_source_member,alias_count,source_layers,distinct_names,same_name_other_sha_count,runtime_match_count,runtime_paths,base_authority,rights_status,review_status,runtime_admission,semantic_decision,decision_note
001219FF107548FE3C12FB9DB8EFB3813153E172ECCD377899E83759EA173A01,sources/base/美术素材/blobs/00/001219ff107548fe3c12fb9db8efb3813153e172eccd377899e83759ea173a01.png,.png,image,reference_capture,stage_evidence,sources/art/ART-13/屏幕截图 2026-06-28 191702.png,1,stage_output,屏幕截图 2026-06-28 191702.png,0,0,,base_source_evidence_only,pending_verification,pending_review,not_admitted,base_reference_only_pending_promotion,Retained as source/reference; not admitted to runtime.
00276660501B46B6C4C099D994F3D9A74904C76A33EF99E92209713DECDF22CA,sources/base/美术素材/blobs/00/00276660501b46b6c4c099d994f3d9a74904c76a33ef99e92209713decdf22ca.png,.png,image,map,game_ready_source;processed_source;runtime_candidate;selected_source,sources/draw/20_processed/map_tile_icon/map_tile_explored.png,4,03_selected;05_export_runtime_candidates;20_processed;30_game_ready,map_tile_explored.png,0,0,,base_source_evidence_only,pending_verification,pending_review,not_admitted,base_reference_only_pending_promotion,Retained as source/reference; not admitted to runtime.
006E007BE2194FE166AD78DFDD357CE294FD40FF02F4D7437AF13AFC741429EB,sources/base/美术素材/blobs/00/006e007be2194fe166ad78dfdd357ce294fd40ff02f4d7437af13afc741429eb.png,.png,image,uncategorized_image,working_candidate,sources/draw/10_working/candidates/3/3_candidate_057.png,1,10_working,3_candidate_057.png,0,0,,base_source_evidence_only,pending_verification,pending_review,not_admitted,base_reference_only_pending_promotion,Retained as source/reference; not admitted to runtime.
0071F07723ED9D7C57D2BF49AC1EF3B9139843D04AF269DC25F4892123024C85,sources/base/美术素材/blobs/00/0071f07723ed9d7c57d2bf49ac1ef3b9139843d04af269dc25f4892123024c85.png,.png,image,source_composite,working_candidate,sources/draw/10_working/candidates/Zujian2/Zujian2_candidate_013.png,1,10_working,Zujian2_candidate_013.png,0,0,,base_source_evidence_only,pending_verification,pending_review,not_admitted,base_reference_only_pending_promotion,Retained as source/reference; not admitted to runtime.
00AB60E5F51AD707EB34E0D2F05B9B00021BD6A1BA2FC88D7F59A04B1EDE60DF,sources/base/美术素材/blobs/00/00ab60e5f51ad707eb34e0d2f05b9b00021bd6a1ba2fc88d7f59a04b1ede60df.png,.png,image,item,processed_source,sources/draw/20_processed/item_recovered/item_evac_device_lit.png,1,20_processed,item_evac_device_lit.png,0,0,,base_source_evidence_only,pending_verification,pending_review,not_admitted,base_reference_only_pending_promotion,Retained as source/reference; not admitted to runtime.
00F516980F01FC7FFC8057A70B5BE140C42A4F2D2571BDB3D892E37AF63C343E,sources/base/美术素材/blobs/00/00f516980f01fc7ffc8057a70b5be140c42a4f2d2571bdb3d892e37af63c343e.png,.png,image,deploy,stage_evidence,sources/art/ART-21/03_cut_output/deploy/ui_art21_deploy_summary_panel_frame.png,2,stage_output,ui_art21_deploy_summary_panel_frame.png,0,1,res://assets/ui/art21/deploy/ui_art21_deploy_summary_panel_frame.png,base_source_evidence_only,pending_verification,pending_review,not_admitted,runtime_crosswalk_required,Exact runtime bytes exist; authority is decided per runtime row.
016D4065BFBE7CA6406816F6BBA786C31F9D8CC2EACDD637A5257B822582E285,sources/base/美术素材/blobs/01/016d4065bfbe7ca6406816f6bba786c31f9d8cc2eacdd637a5257b822582e285.png,.png,image,deploy,game_ready_source;processed_source;runtime_candidate;selected_source;stage_evidence,sources/draw/20_processed/ui_deploy_icon/ui_icon_compass.png,5,03_selected;05_export_runtime_candidates;20_processed;30_game_ready;stage_output,ui_icon_compass.png,0,1,res://assets/ui/deploy/icons/ui_icon_compass.png,base_source_evidence_only,pending_verification,pending_review,not_admitted,runtime_crosswalk_required,Exact runtime bytes exist; authority is decided per runtime row.
029D70D4595463C97AE0611ECD63574C89E966BAC17A230E5FAF096D85690D90,sources/base/美术素材/blobs/02/029d70d4595463c97ae0611ecd63574c89e966bac17a230e5faf096d85690d90.png,.png,image,source_composite,working_candidate,sources/draw/10_working/candidates/3/3_candidate_075.png,1,10_working,3_candidate_075.png,0,0,,base_source_evidence_only,pending_verification,pending_review,not_admitted,base_reference_only_pending_promotion,Retained as source/reference; not admitted to runtime.
02C9B05C349FA42A123C2DFE84634543928605E35FC896D46F56FA29DAED775F,sources/base/美术素材/blobs/02/02c9b05c349fa42a123c2dfe84634543928605e35fc896d46f56fa29daed775f.png,.png,image,uncategorized_image,working_candidate,sources/draw/10_working/candidates/3/3_candidate_098.png,1,10_working,3_candidate_098.png,0,0,,base_source_evidence_only,pending_verification,pending_review,not_admitted,base_reference_only_pending_promotion,Retained as source/reference; not admitted to runtime.
02D14B725826DA29DF025A65DD662ACC35683C6A9D60189AF284B389B11DD574,sources/base/美术素材/blobs/02/02d14b725826da29df025a65dd662acc35683c6a9d60189af284b389b11dd574.csv,.csv,table,source_registry,stage_evidence,sources/art/ART-21R2/_manifest/modal_control_staging_manifest.csv,1,stage_output,modal_control_staging_manifest.csv,0,0,,base_source_evidence_only,pending_verification,pending_review,not_admitted,source_support_not_runtime_art,"Registry, metadata, document, or other support object."
02EE662BC4F0D4E6B3FDE8C42372449C20F9410CCC54B515209876BAA823E356,sources/base/美术素材/blobs/02/02ee662bc4f0d4e6b3fde8c42372449c20f9410ccc54b515209876baa823e356.png,.png,image,deploy,stage_evidence,sources/art/ART-20/03_cut_output/deploy_prep/deploy_equipment_slot/deploy_equipment_slot_item_consumable_syringe.png,1,stage_output,deploy_equipment_slot_item_consumable_syringe.png,0,1,res://assets/ui/art20/deploy/icons/deploy_equipment_slot_item_consumable_syringe.png,base_source_evidence_only,pending_verification,pending_review,not_admitted,runtime_crosswalk_required,Exact runtime bytes exist; authority is decided per runtime row.
03268285DC65DD97B925C847ABA971B99F5DB62AF4FA33015B854DAADBAB5B73,sources/base/美术素材/blobs/03/03268285dc65dd97b925c847aba971b99f5db62af4fa33015b854daadbab5b73.png,.png,image,source_composite,working_candidate,sources/draw/10_working/candidates/Zuhe2/Zuhe2_candidate_027.png,1,10_working,Zuhe2_candidate_027.png,0,0,,base_source_evidence_only,pending_verification,pending_review,not_admitted,base_reference_only_pending_promotion,Retained as source/reference; not admitted to runtime.
03CB44E292793CE64EAE9A42E507704CAC91418D25ABAF4EBEF563E26C9437BC,sources/base/美术素材/blobs/03/03cb44e292793ce64eae9a42e507704cac91418d25abaf4ebef563e26c9437bc.png,.png,image,actor_animation_source,game_ready_source;processed_source;source_reference,sources/draw/20_processed/characters/mao/frames/05_back_walk_1.png,3,20_processed;30_game_ready;art_other,05_back_walk_1.png,7,0,,base_source_evidence_only,pending_verification,pending_review,not_admitted,base_reference_only_pending_promotion,Retained as source/reference; not admitted to runtime.
03D0AC080295A209DA0B1918A50BB238DC74183E91B8F6CC24AFC836F854942C,sources/base/美术素材/blobs/03/03d0ac080295a209da0b1918a50bb238dc74183e91b8f6cc24afc836f854942c.png,.png,image,ui_component,stage_evidence,sources/art/ART-20/03_cut_output/shared/ui_keycap_prompt_set/ui_shared_keycap_t_normal.png,1,stage_output,ui_shared_keycap_t_normal.png,0,1,res://assets/ui/art20/shared/keycaps/ui_shared_keycap_t_normal.png,base_source_evidence_only,pending_verification,pending_review,not_admitted,runtime_crosswalk_required,Exact runtime bytes exist; authority is decided per runtime row.
03EDE6DF183A8ECF4B13C04C935D8B3F978743E26C50B7C9E2822956DE410730,sources/base/美术素材/blobs/03/03ede6df183a8ecf4b13c04c935d8b3f978743e26c50b7c9e2822956de410730.png,.png,image,deploy,processed_source,sources/draw/20_processed/ui_deploy_icon/ui_icon_escape_time.png,1,20_processed,ui_icon_escape_time.png,0,0,,base_source_evidence_only,pending_verification,pending_review,not_admitted,base_reference_only_pending_promotion,Retained as source/reference; not admitted to runtime.
041C5C3E20F6D3F88A70F147AF3A89A7A42EC2F824DFB04F2E5E6644FD6CF225,sources/base/美术素材/blobs/04/041c5c3e20f6d3f88a70f147af3a89a7a42ec2f824dfb04f2e5e6644fd6cf225.png,.png,image,source_composite,working_candidate,sources/draw/10_working/candidates/1/1_candidate_014.png,1,10_working,1_candidate_014.png,0,0,,base_source_evidence_only,pending_verification,pending_review,not_admitted,base_reference_only_pending_promotion,Retained as source/reference; not admitted to runtime.
048E043D6E12078EFAF14AA601F3F95D3C3C51C3CCB193383909421FDA02DCC1,sources/base/美术素材/blobs/04/048e043d6e12078efaf14aa601f3f95d3c3c51c3ccb193383909421fda02dcc1.png,.png,image,source_composite,working_candidate,sources/draw/10_working/candidates/3/3_candidate_094.png,1,10_working,3_candidate_094.png,0,0,,base_source_evidence_only,pending_verification,pending_review,not_admitted,base_reference_only_pending_promotion,Retained as source/reference; not admitted to runtime.
05346CDB918B7956130B95532F5B98EC86E9A4FEE792E36176AC5BCC50F67643,sources/base/美术素材/blobs/05/05346cdb918b7956130b95532f5b98ec86e9a4fee792e36176ac5bcc50f67643.png,.png,image,ui_component,game_ready_source;processed_source,sources/draw/20_processed/ui_title_plate/ui_title_signal_lost.png,2,20_processed;30_game_ready,ui_title_signal_lost.png,0,1,res://assets/ui/result/ui_title_signal_lost.png,base_source_evidence_only,pending_verification,pending_review,not_admitted,runtime_crosswalk_required,Exact runtime bytes exist; authority is decided per runtime row.
05F08CFAE8BDFBE483DDC935DD8F2C3C37297DD04AD5AC12EE50B8D35469408C,sources/base/美术素材/blobs/05/05f08cfae8bdfbe483ddc935dd8f2c3c37297dd04ad5ac12ee50b8d35469408c.png,.png,image,ui_component,processed_source,sources/draw/20_processed/ui/raw/tishi_kuang.png,1,20_processed,tishi_kuang.png,0,0,,base_source_evidence_only,pending_verification,pending_review,not_admitted,base_reference_only_pending_promotion,Retained as source/reference; not admitted to runtime.
061391FA376DDF93C730AE8501606E90E9E448E096451827609CA44904DFC5E2,sources/base/美术素材/blobs/06/061391fa376ddf93c730ae8501606e90e9e448e096451827609ca44904dfc5e2.png,.png,image,source_composite,working_candidate,sources/draw/10_working/candidates/Zuhe2/Zuhe2_candidate_109.png,1,10_working,Zuhe2_candidate_109.png,0,0,,base_source_evidence_only,pending_verification,pending_review,not_admitted,base_reference_only_pending_promotion,Retained as source/reference; not admitted to runtime.
065DC05307C9B60256C05958448094D62D8BDB0946A23B526C7A360BCD70019E,sources/base/美术素材/blobs/06/065dc05307c9b60256c05958448094d62d8bdb0946a23b526c7a360bcd70019e.png,.png,image,source_composite,working_candidate,sources/draw/10_working/candidates/Zuhe2/Zuhe2_candidate_062.png,1,10_working,Zuhe2_candidate_062.png,0,0,,base_source_evidence_only,pending_verification,pending_review,not_admitted,base_reference_only_pending_promotion,Retained as source/reference; not admitted to runtime.
06739DADB750976F6D3531E90E0841C7816D7318E7C5952C41C405387FB4A32E,sources/base/美术素材/blobs/06/06739dadb750976f6d3531e90e0841c7816d7318e7c5952c41c405387fb4a32e.png,.png,image,uncategorized_image,processed_source,sources/draw/20_processed/icons/raw/03_saomiao_ge.png,1,20_processed,03_saomiao_ge.png,2,0,,base_source_evidence_only,pending_verification,pending_review,not_admitted,base_reference_only_pending_promotion,Retained as source/reference; not admitted to runtime.
06E6C7758E3162F16896E11D4753DA589ED711483EE6527A13866EA9B87CE4EF,sources/base/美术素材/blobs/06/06e6c7758e3162f16896e11d4753da589ed711483ee6527a13866ea9b87ce4ef.png,.png,image,source_composite,working_candidate,sources/draw/10_working/candidates/1/1_candidate_012.png,1,10_working,1_candidate_012.png,0,0,,base_source_evidence_only,pending_verification,pending_review,not_admitted,base_reference_only_pending_promotion,Retained as source/reference; not admitted to runtime.
0713EF68AD37FDCE1C375172EA28000C303627B9B88C486D8AE92C4E6FF686C4,sources/base/美术素材/blobs/07/0713ef68ad37fdce1c375172ea28000c303627b9b88c486d8ae92c4e6ff686c4.png,.png,image,uncategorized_image,working_candidate,sources/draw/10_working/candidates/5/5_candidate_047.png,1,10_working,5_candidate_047.png,0,0,,base_source_evidence_only,pending_verification,pending_review,not_admitted,base_reference_only_pending_promotion,Retained as source/reference; not admitted to runtime.
0729639A2E0F947A26FD96AF7D1B1CA723331993974C70208D7B0A2C043F85B3,sources/base/美术素材/blobs/07/0729639a2e0f947a26fd96af7d1b1ca723331993974c70208d7b0a2c043f85b3.png,.png,image,ui_component,stage_evidence,sources/art/ART-20/03_cut_output/run_hud/run_bottom_key_bar_button/run_bottom_key_bar_button_ui_key_e.png,1,stage_output,run_bottom_key_bar_button_ui_key_e.png,0,0,,base_source_evidence_only,pending_verification,pending_review,not_admitted,base_reference_only_pending_promotion,Retained as source/reference; not admitted to runtime.
083041B33BEAFFD21F58C61642C6E04606BEAC4A4F7A90302590D2287F3C383E,sources/base/美术素材/blobs/08/083041b33beaffd21f58c61642c6e04606beac4a4f7a90302590d2287f3c383e.png,.png,image,source_composite,working_candidate,sources/draw/10_working/candidates/3/3_candidate_083.png,1,10_working,3_candidate_083.png,0,0,,base_source_evidence_only,pending_verification,pending_review,not_admitted,base_reference_only_pending_promotion,Retained as source/reference; not admitted to runtime.
088636C54FBD78B080444BD07E3C77710845F94A70156BB714D362C9EE53F7BD,sources/base/美术素材/blobs/08/088636c54fbd78b080444bd07e3c77710845f94a70156bb714d362c9ee53f7bd.png,.png,image,reference_capture,stage_evidence,sources/art/ART-13/屏幕截图 2026-06-28 191650.png,1,stage_output,屏幕截图 2026-06-28 191650.png,0,0,,base_source_evidence_only,pending_verification,pending_review,not_admitted,base_reference_only_pending_promotion,Retained as source/reference; not admitted to runtime.
08C1753BA00FB9A917E41F86853EC2850915405E13669280FD7FD97B6A62595F,sources/base/美术素材/blobs/08/08c1753ba00fb9a917e41f86853ec2850915405e13669280fd7fd97b6a62595f.png,.png,image,source_composite,working_candidate,sources/draw/10_working/candidates/Zujian1/Zujian1_candidate_010.png,1,10_working,Zujian1_candidate_010.png,0,0,,base_source_evidence_only,pending_verification,pending_review,not_admitted,base_reference_only_pending_promotion,Retained as source/reference; not admitted to runtime.
08D5B21481E7B6B995506308297FFC604162B7BDE5AF15FD086A59BCCFD9BBBF,sources/base/美术素材/blobs/08/08d5b21481e7b6b995506308297ffc604162b7bde5af15fd086a59bccfd9bbbf.png,.png,image,source_composite,working_candidate,sources/draw/10_working/candidates/2/2_candidate_042.png,1,10_working,2_candidate_042.png,0,0,,base_source_evidence_only,pending_verification,pending_review,not_admitted,base_reference_only_pending_promotion,Retained as source/reference; not admitted to runtime.
08F985ED5B7921A6CB2F0DEDD002217EB403DE50FF0531C475F5803B7CAA47FC,sources/base/美术素材/blobs/08/08f985ed5b7921a6cb2f0dedd002217eb403de50ff0531c475f5803b7caa47fc.png,.png,image,actor_animation_source,source_reference,sources/draw/processed/Tuzigai/01_back_idle.png,1,draw_other,01_back_idle.png,7,0,,base_source_evidence_only,pending_verification,pending_review,not_admitted,base_reference_only_pending_promotion,Retained as source/reference; not admitted to runtime.
090A4290B3CF0F9AB34021795D4119673003A4E09CB1A511F01077B05266C548,sources/base/美术素材/blobs/09/090a4290b3cf0f9ab34021795d4119673003a4e09cb1a511f01077b05266c548.png,.png,image,uncategorized_image,working_candidate,sources/draw/10_working/candidates/3/3_candidate_068.png,1,10_working,3_candidate_068.png,0,0,,base_source_evidence_only,pending_verification,pending_review,not_admitted,base_reference_only_pending_promotion,Retained as source/reference; not admitted to runtime.
091C0BCF95FE13626798843102E882E9E819EE35596D6DD8FBDA6733556CAA35,sources/base/美术素材/blobs/09/091c0bcf95fe13626798843102e882e9e819ee35596d6dd8fbda6733556caa35.png,.png,image,source_composite,game_ready_source,sources/draw/30_game_ready/icons/32/12_shuzi_2.png,1,30_game_ready,12_shuzi_2.png,2,1,res://assets/ui/minimap/number_2.png,base_source_evidence_only,pending_verification,pending_review,not_admitted,runtime_crosswalk_required,Exact runtime bytes exist; authority is decided per runtime row.
099706289B700AEBAF7B6B679E26B2D7D8414FD624B2C7673378629582A79682,sources/base/美术素材/blobs/09/099706289b700aebaf7b6b679e26b2d7d8414fd624b2c7673378629582a79682.png,.png,image,ui_component,game_ready_source;processed_source;runtime_candidate;selected_source;stage_evidence,sources/draw/20_processed/ui_key_prompt/ui_key_q.png,5,03_selected;05_export_runtime_candidates;20_processed;30_game_ready;stage_output,ui_key_q.png,0,1,res://assets/ui/key_prompt/ui_key_q.png,base_source_evidence_only,pending_verification,pending_review,not_admitted,runtime_crosswalk_required,Exact runtime bytes exist; authority is decided per runtime row.
0A5D7AC41FB2302BB1B9E5F38351F67F97ABB6F12D53E4A4DD7EF046637CC16A,sources/base/美术素材/blobs/0a/0a5d7ac41fb2302bb1b9e5f38351f67f97abb6f12d53e4a4dd7ef046637cc16a.png,.png,image,source_composite,working_candidate,sources/draw/10_working/candidates/2/2_candidate_003.png,1,10_working,2_candidate_003.png,0,0,,base_source_evidence_only,pending_verification,pending_review,not_admitted,base_reference_only_pending_promotion,Retained as source/reference; not admitted to runtime.
0A603F60042717602613F48E4CC48A005AB72E151EEE2C5A2F001A15CA184336,sources/base/美术素材/blobs/0a/0a603f60042717602613f48e4cc48a005ab72e151eee2c5a2f001a15ca184336.png,.png,image,iconography,processed_source,sources/draw/20_processed/ui_icon/ui_icon_settings_gear.png,1,20_processed,ui_icon_settings_gear.png,0,0,,base_source_evidence_only,pending_verification,pending_review,not_admitted,base_reference_only_pending_promotion,Retained as source/reference; not admitted to runtime.
0B70EDD677F2D1D1732D92919C0B80A8109DC59AEB40DF82C837F6976FFB82CD,sources/base/美术素材/blobs/0b/0b70edd677f2d1d1732d92919c0b80a8109dc59aeb40df82c837f6976ffb82cd.png,.png,image,source_composite,working_candidate,sources/draw/10_working/candidates/Zuhe/Zuhe_candidate_021.png,1,10_working,Zuhe_candidate_021.png,0,0,,base_source_evidence_only,pending_verification,pending_review,not_admitted,base_reference_only_pending_promotion,Retained as source/reference; not admitted to runtime.
0BD4B7C94A63CDC68F8440CD2FD4934E44B53E8683C9CDEC0EF4249DBE892984,sources/base/美术素材/blobs/0b/0bd4b7c94a63cdc68f8440cd2fd4934e44b53e8683c9cdec0ef4249dbe892984.png,.png,image,source_composite,working_candidate,sources/draw/10_working/candidates/3/3_candidate_034.png,1,10_working,3_candidate_034.png,0,0,,base_source_evidence_only,pending_verification,pending_review,not_admitted,base_reference_only_pending_promotion,Retained as source/reference; not admitted to runtime.
0C2740A27C6329DDB673C6F87AA62546093E4A41FF275236A503C4E7C18587C0,sources/base/美术素材/blobs/0c/0c2740a27c6329ddb673c6f87aa62546093e4a41ff275236a503c4e7c18587c0.png,.png,image,actor_animation_source,source_reference,sources/draw/processed/Tuzigai/Tuzigai_sheet.png,1,draw_other,Tuzigai_sheet.png,0,0,,base_source_evidence_only,pending_verification,pending_review,not_admitted,base_reference_only_pending_promotion,Retained as source/reference; not admitted to runtime.
0C385F05F040CDCE91C0DF0FBB4E6D3AF82FB1E8C647C1CFA75C4C4C43065DB8,sources/base/美术素材/blobs/0c/0c385f05f040cdce91c0df0fbb4e6d3af82fb1e8c647c1cfa75c4c4c43065db8.png,.png,image,source_composite,working_candidate,sources/draw/10_working/candidates/Zuhe2/Zuhe2_candidate_069.png,1,10_working,Zuhe2_candidate_069.png,0,0,,base_source_evidence_only,pending_verification,pending_review,not_admitted,base_reference_only_pending_promotion,Retained as source/reference; not admitted to runtime.
0C9020D5C6A2478A6503C2E3AE972C7343B5ED76EBBC98D5D75345C92C9B4FF9,sources/base/美术素材/blobs/0c/0c9020d5c6a2478a6503c2e3ae972c7343b5ed76ebbc98d5d75345c92c9b4ff9.png,.png,image,source_composite,working_candidate,sources/draw/10_working/candidates/Zuhe/Zuhe_candidate_039.png,1,10_working,Zuhe_candidate_039.png,0,0,,base_source_evidence_only,pending_verification,pending_review,not_admitted,base_reference_only_pending_promotion,Retained as source/reference; not admitted to runtime.
0CCC8729E79959908FE812CB17C13E4D34801A745E8190F8C47BA289D9B269B2,sources/base/美术素材/blobs/0c/0ccc8729e79959908fe812cb17c13e4d34801a745e8190f8c47ba289d9b269b2.png,.png,image,source_composite,working_candidate,sources/draw/10_working/candidates/5/5_candidate_011.png,1,10_working,5_candidate_011.png,0,0,,base_source_evidence_only,pending_verification,pending_review,not_admitted,base_reference_only_pending_promotion,Retained as source/reference; not admitted to runtime.
0CE3282C9E749A0C38AA5ACE2C58759965CF8A0E5FF4EC29D0D8CEBED128FDA9,sources/base/美术素材/blobs/0c/0ce3282c9e749a0c38aa5ace2c58759965cf8a0e5ff4ec29d0d8cebed128fda9.json,.json,metadata,source_metadata,stage_evidence,sources/art/ART-21/_manifest/cut_summary.json,1,stage_output,cut_summary.json,1,0,,base_source_evidence_only,pending_verification,pending_review,not_admitted,source_support_not_runtime_art,"Registry, metadata, document, or other support object."
0CE5BB3714E31F8D11855E264A54210F6893EDD7A4433C51EE9AB24EC2F482B0,sources/base/美术素材/blobs/0c/0ce5bb3714e31f8d11855e264a54210f6893edd7a4433c51ee9ab24ec2f482b0.png,.png,image,source_composite,working_candidate,sources/draw/10_working/candidates/Zuhe2/Zuhe2_candidate_001.png,1,10_working,Zuhe2_candidate_001.png,0,0,,base_source_evidence_only,pending_verification,pending_review,not_admitted,base_reference_only_pending_promotion,Retained as source/reference; not admitted to runtime.
0D8F305A8D485DB50B97F04A6D57B75BC63506F5A6EFD2C5BE4D2AED98308CAE,sources/base/美术素材/blobs/0d/0d8f305a8d485db50b97f04a6d57b75bc63506f5a6efd2c5be4d2aed98308cae.png,.png,image,uncategorized_image,working_candidate,sources/draw/10_working/candidates/5/5_candidate_020.png,1,10_working,5_candidate_020.png,0,0,,base_source_evidence_only,pending_verification,pending_review,not_admitted,base_reference_only_pending_promotion,Retained as source/reference; not admitted to runtime.
0D9BFA176A1A1572DDE606B70EB2490E91D7C1485E67506888B0CA22035F5313,sources/base/美术素材/blobs/0d/0d9bfa176a1a1572dde606b70eb2490e91d7c1485e67506888b0ca22035f5313.png,.png,image,uncategorized_image,working_candidate,sources/draw/10_working/candidates/5/5_candidate_050.png,1,10_working,5_candidate_050.png,0,0,,base_source_evidence_only,pending_verification,pending_review,not_admitted,base_reference_only_pending_promotion,Retained as source/reference; not admitted to runtime.
0DD0655412EFCFCA03AE5C478B4756D9B98183A6236E9ACA06B7240184A4DE8D,sources/base/美术素材/blobs/0d/0dd0655412efcfca03ae5c478b4756d9b98183a6236e9aca06b7240184a4de8d.png,.png,image,debug_artifact,game_ready_source;processed_source,sources/draw/20_processed/props/debug_detected_boxes.png,2,20_processed;30_game_ready,debug_detected_boxes.png,12,0,,base_source_evidence_only,pending_verification,pending_review,not_admitted,base_reference_only_pending_promotion,Retained as source/reference; not admitted to runtime.
0E0D1EBF9D41D30711E1328C410DA79A35F98661A56F9A6CA80B6A27DD9A097E,sources/base/美术素材/blobs/0e/0e0d1ebf9d41d30711e1328c410da79a35f98661a56f9a6ca80b6a27dd9a097e.csv,.csv,table,source_registry,source_reference,sources/art/_registry/generation_log.csv,1,art_other,generation_log.csv,0,0,,base_source_evidence_only,pending_verification,pending_review,not_admitted,source_support_not_runtime_art,"Registry, metadata, document, or other support object."
0EB993B8DEE383F7E3D656BFF88865B191B2C26604F3284C37AC78C6B39F72C1,sources/base/美术素材/blobs/0e/0eb993b8dee383f7e3d656bff88865b191b2c26604f3284c37ac78c6b39f72c1.png,.png,image,ui_component,processed_source,sources/draw/20_processed/ui_panel/ui_panel_detail_danger.png,1,20_processed,ui_panel_detail_danger.png,0,0,,base_source_evidence_only,pending_verification,pending_review,not_admitted,base_reference_only_pending_promotion,Retained as source/reference; not admitted to runtime.
0ECCE6A7021AF90BA606977E1B392AC4B37C1105BF67EB8633178861A71D3CAC,sources/base/美术素材/blobs/0e/0ecce6a7021af90ba606977e1b392ac4b37c1105bf67eb8633178861a71d3cac.png,.png,image,source_composite,working_candidate,sources/draw/10_working/candidates/2/2_candidate_035.png,1,10_working,2_candidate_035.png,0,0,,base_source_evidence_only,pending_verification,pending_review,not_admitted,base_reference_only_pending_promotion,Retained as source/reference; not admitted to runtime.
0F6E2C29A5F8BE67E72ACF1D8381A57104499D015E2DC171A477B00DA16ADAFB,sources/base/美术素材/blobs/0f/0f6e2c29a5f8be67e72acf1d8381a57104499d015e2dc171a477b00da16adafb.png,.png,image,actor,raw_source;source_reference,sources/draw/Tuzi.png,2,00_raw;draw_root,Tuzi.png,0,0,,base_source_evidence_only,pending_verification,pending_review,not_admitted,base_reference_only_pending_promotion,Retained as source/reference; not admitted to runtime.
0F6EACAE845F57B2C3BD94EB33FBDB6798E9529448B1314D8454388DC8C52629,sources/base/美术素材/blobs/0f/0f6eacae845f57b2c3bd94eb33fbdb6798e9529448b1314d8454388dc8c52629.png,.png,image,actor_animation_source,source_reference,sources/draw/processed/Maogai/04_front_walk_1.png,1,draw_other,04_front_walk_1.png,7,0,,base_source_evidence_only,pending_verification,pending_review,not_admitted,base_reference_only_pending_promotion,Retained as source/reference; not admitted to runtime.
10A258551B15E23CAD4618CD627677682EC4DC12E3F00574B7871CE18C3FF7F9,sources/base/美术素材/blobs/10/10a258551b15e23cad4618cd627677682ec4dc12e3f00574b7871ce18c3ff7f9.png,.png,image,source_composite,working_candidate,sources/draw/10_working/candidates/Zuhe2/Zuhe2_candidate_065.png,1,10_working,Zuhe2_candidate_065.png,0,0,,base_source_evidence_only,pending_verification,pending_review,not_admitted,base_reference_only_pending_promotion,Retained as source/reference; not admitted to runtime.
10B06B8D54036DC54EAA63E31097832B02A9646B95C3E52EEB267C5BE2D58267,sources/base/美术素材/blobs/10/10b06b8d54036dc54eaa63e31097832b02a9646b95c3e52eeb267c5be2d58267.png,.png,image,source_composite,working_candidate,sources/draw/10_working/candidates/3/3_candidate_016.png,1,10_working,3_candidate_016.png,0,0,,base_source_evidence_only,pending_verification,pending_review,not_admitted,base_reference_only_pending_promotion,Retained as source/reference; not admitted to runtime.
10C8EE749FAB6CDE8CC2D8439AC696DFB02E2520A903199FC06E250B86F2DD7C,sources/base/美术素材/blobs/10/10c8ee749fab6cde8cc2d8439ac696dfb02e2520a903199fc06e250b86f2dd7c.png,.png,image,source_composite,working_candidate,sources/draw/10_working/candidates/3/3_candidate_025.png,1,10_working,3_candidate_025.png,0,0,,base_source_evidence_only,pending_verification,pending_review,not_admitted,base_reference_only_pending_promotion,Retained as source/reference; not admitted to runtime.
10D35F335A4BB88F1025792916B8844796745DD777185B36E79D2C34F158D25F,sources/base/美术素材/blobs/10/10d35f335a4bb88f1025792916b8844796745dd777185b36e79d2c34f158d25f.png,.png,image,source_composite,working_candidate,sources/draw/10_working/candidates/Zujian2/Zujian2_candidate_004.png,1,10_working,Zujian2_candidate_004.png,0,0,,base_source_evidence_only,pending_verification,pending_review,not_admitted,base_reference_only_pending_promotion,Retained as source/reference; not admitted to runtime.
10E6539659F8AE6906FE04A34005B7932730B331573CE945740C06A57C93F05A,sources/base/美术素材/blobs/10/10e6539659f8ae6906fe04a34005b7932730b331573ce945740c06a57c93f05a.png,.png,image,source_composite,working_candidate,sources/draw/10_working/candidates/Zuhe2/Zuhe2_candidate_106.png,1,10_working,Zuhe2_candidate_106.png,0,0,,base_source_evidence_only,pending_verification,pending_review,not_admitted,base_reference_only_pending_promotion,Retained as source/reference; not admitted to runtime.
11227F2F415FF5BE6C1B05F5C4CA293D8CBE3189C94CCA9F53A9431CA2336AF8,sources/base/美术素材/blobs/11/11227f2f415ff5be6c1b05f5c4ca293d8cbe3189c94cca9f53a9431ca2336af8.png,.png,image,world_prop,processed_source,sources/draw/20_processed/props/raw/00_baoxiang_kai.png,1,20_processed,00_baoxiang_kai.png,1,0,,base_source_evidence_only,pending_verification,pending_review,not_admitted,base_reference_only_pending_promotion,Retained as source/reference; not admitted to runtime.
1159345959681A9784DE24096AF5D5B4C293FE7447E77AABA39E43F81D70E23D,sources/base/美术素材/blobs/11/1159345959681a9784de24096af5d5b4c293fe7447e77aaba39e43f81d70e23d.png,.png,image,source_composite,working_candidate,sources/draw/10_working/candidates/Zujian3/Zujian3_candidate_001.png,1,10_working,Zujian3_candidate_001.png,0,0,,base_source_evidence_only,pending_verification,pending_review,not_admitted,base_reference_only_pending_promotion,Retained as source/reference; not admitted to runtime.
11C2FEB1CE724B88AFA7B25E881ED6CE27D16DD4F694E4AA52E723653A265C58,sources/base/美术素材/blobs/11/11c2feb1ce724b88afa7b25e881ed6ce27d16dd4f694e4aa52e723653a265c58.png,.png,image,source_composite,working_candidate,sources/draw/10_working/candidates/Zuhe2/Zuhe2_candidate_095.png,1,10_working,Zuhe2_candidate_095.png,0,0,,base_source_evidence_only,pending_verification,pending_review,not_admitted,base_reference_only_pending_promotion,Retained as source/reference; not admitted to runtime.
122C0B54FB80CC4FADA550C30682629316DD889B4DF334A6C655CF526555D6D0,sources/base/美术素材/blobs/12/122c0b54fb80cc4fada550c30682629316dd889b4df334a6c655cf526555d6d0.png,.png,image,deploy,stage_evidence,sources/art/ART-21/03_cut_output/deploy/ui_art21_deploy_route_wall_frame.png,2,stage_output,ui_art21_deploy_route_wall_frame.png,0,1,res://assets/ui/art21/deploy/ui_art21_deploy_route_wall_frame.png,base_source_evidence_only,pending_verification,pending_review,not_admitted,runtime_crosswalk_required,Exact runtime bytes exist; authority is decided per runtime row.
12474198BE522A7A4C31D9036F39E117AB803CA2597C34E662E991440B5C594C,sources/base/美术素材/blobs/12/12474198be522a7a4c31d9036f39e117ab803ca2597c34e662e991440b5c594c.png,.png,image,actor_animation_source,game_ready_source;processed_source;source_reference,sources/draw/20_processed/characters/huanxiong/frames/09_back_walk_2.png,3,20_processed;30_game_ready;art_other,09_back_walk_2.png,7,0,,base_source_evidence_only,pending_verification,pending_review,not_admitted,base_reference_only_pending_promotion,Retained as source/reference; not admitted to runtime.
12B3EF9BC17DB397685A2FA05F3F24CF95F7F2F802FDCCD5A9254B8898F37EED,sources/base/美术素材/blobs/12/12b3ef9bc17db397685a2fa05f3f24cf95f7f2f802fdccd5a9254b8898f37eed.csv,.csv,table,source_registry,stage_evidence,sources/art/ART-21R2/_manifest/map_overlay_marker_cut_manifest.csv,1,stage_output,map_overlay_marker_cut_manifest.csv,0,0,,base_source_evidence_only,pending_verification,pending_review,not_admitted,source_support_not_runtime_art,"Registry, metadata, document, or other support object."
133F9AED0B446129463BE2D6D96A56F8B484F5255F4842A9E86C1D1B05B4A2B9,sources/base/美术素材/blobs/13/133f9aed0b446129463be2d6d96a56f8b484f5255f4842a9e86c1d1b05b4a2b9.png,.png,image,source_composite,working_candidate,sources/draw/10_working/candidates/3/3_candidate_041.png,1,10_working,3_candidate_041.png,0,0,,base_source_evidence_only,pending_verification,pending_review,not_admitted,base_reference_only_pending_promotion,Retained as source/reference; not admitted to runtime.
1341EE8304E7AC91CF0C658CE305118E2E7E09BBFD91908EBB13BCD7865E9A10,sources/base/美术素材/blobs/13/1341ee8304e7ac91cf0c658ce305118e2e7e09bbfd91908ebb13bcd7865e9a10.png,.png,image,source_composite,working_candidate,sources/draw/10_working/candidates/3/3_candidate_063.png,1,10_working,3_candidate_063.png,0,0,,base_source_evidence_only,pending_verification,pending_review,not_admitted,base_reference_only_pending_promotion,Retained as source/reference; not admitted to runtime.
13A358F58A2501702E5D81A3B888E379215E6A4315ABA963DCE691E8B4EFA91A,sources/base/美术素材/blobs/13/13a358f58a2501702e5d81a3b888e379215e6a4315aba963dce691e8b4efa91a.png,.png,image,source_composite,working_candidate,sources/draw/10_working/candidates/Zuhe2/Zuhe2_candidate_112.png,1,10_working,Zuhe2_candidate_112.png,0,0,,base_source_evidence_only,pending_verification,pending_review,not_admitted,base_reference_only_pending_promotion,Retained as source/reference; not admitted to runtime.
145BA2DDB4A4E1F8C0869F40CF41694E65D858EABCB547A6C726854A1CDC37FD,sources/base/美术素材/blobs/14/145ba2ddb4a4e1f8c0869f40cf41694e65d858eabcb547a6c726854a1cdc37fd.png,.png,image,actor_animation_source,game_ready_source;processed_source;source_reference,sources/draw/20_processed/characters/mao/frames/00_front_idle.png,3,20_processed;30_game_ready;art_other,00_front_idle.png,7,0,,base_source_evidence_only,pending_verification,pending_review,not_admitted,base_reference_only_pending_promotion,Retained as source/reference; not admitted to runtime.
14A6E58FF44E092FEE9E5A4CF4A4C461ECCFEB909A2971D726E62E1739F83CE7,sources/base/美术素材/blobs/14/14a6e58ff44e092fee9e5a4cf4a4c461eccfeb909a2971d726e62e1739f83ce7.png,.png,image,source_composite,working_candidate,sources/draw/10_working/candidates/Zuhe2/Zuhe2_candidate_050.png,1,10_working,Zuhe2_candidate_050.png,0,0,,base_source_evidence_only,pending_verification,pending_review,not_admitted,base_reference_only_pending_promotion,Retained as source/reference; not admitted to runtime.
14DD9CE3897305487BBE71970B947E5FD456FBBD42FA502868E66612F43A61AA,sources/base/美术素材/blobs/14/14dd9ce3897305487bbe71970b947e5fd456fbbd42fa502868e66612f43a61aa.png,.png,image,ui_component,stage_evidence,sources/art/ART-20/03_cut_output/shared/ui_icon_slot_frame/ui_icon_slot_frame_ui_frame_highlight.png,1,stage_output,ui_icon_slot_frame_ui_frame_highlight.png,0,0,,base_source_evidence_only,pending_verification,pending_review,not_admitted,base_reference_only_pending_promotion,Retained as source/reference; not admitted to runtime.
15C43E546219601D1AE4FA04E902C832E72581E4765A34A9B2896544733E59E1,sources/base/美术素材/blobs/15/15c43e546219601d1ae4fa04e902c832e72581e4765a34a9b2896544733e59e1.png,.png,image,uncategorized_image,working_candidate,sources/draw/10_working/candidates/3/3_candidate_047.png,1,10_working,3_candidate_047.png,0,0,,base_source_evidence_only,pending_verification,pending_review,not_admitted,base_reference_only_pending_promotion,Retained as source/reference; not admitted to runtime.
15F51D53A98E31D41F6F8E9846BD73A72B1DDCC9993BEB82DBF2D666DE67827F,sources/base/美术素材/blobs/15/15f51d53a98e31d41f6f8e9846bd73a72b1ddcc9993beb82dbf2d666de67827f.png,.png,image,source_composite,game_ready_source,sources/draw/30_game_ready/icons/64/12_shuzi_2.png,1,30_game_ready,12_shuzi_2.png,2,0,,base_source_evidence_only,pending_verification,pending_review,not_admitted,base_reference_only_pending_promotion,Retained as source/reference; not admitted to runtime.
1621C865BB79B85C3CF9746694C909CAA1628651AA96F1CA32051169E10573E4,sources/base/美术素材/blobs/16/1621c865bb79b85c3cf9746694c909caa1628651aa96f1ca32051169e10573e4.png,.png,image,ui_component,stage_evidence,sources/art/ART-21/03_cut_output/shared/buttons/ui_art21_shared_button_primary_pressed.png,2,stage_output,ui_art21_shared_button_primary_pressed.png,0,1,res://assets/ui/art21/shared/buttons/ui_art21_shared_button_primary_pressed.png,base_source_evidence_only,pending_verification,pending_review,not_admitted,runtime_crosswalk_required,Exact runtime bytes exist; authority is decided per runtime row.
168732528CB847079FD5FC44A191BE2C548AFDEF7BB13D92E348A8FF4D56383C,sources/base/美术素材/blobs/16/168732528cb847079fd5fc44a191be2c548afdef7bb13d92e348a8ff4d56383c.png,.png,image,uncategorized_image,working_candidate,sources/draw/10_working/candidates/1/1_candidate_009.png,1,10_working,1_candidate_009.png,0,0,,base_source_evidence_only,pending_verification,pending_review,not_admitted,base_reference_only_pending_promotion,Retained as source/reference; not admitted to runtime.
16A443BCFA0757F1526DC96F3F32DEB0722A934A95301DB82BF739C88BBEACDC,sources/base/美术素材/blobs/16/16a443bcfa0757f1526dc96f3f32deb0722a934a95301db82bf739c88bbeacdc.png,.png,image,actor_animation_source,source_reference,sources/draw/processed/Huanxionggai/sheet.png,1,draw_other,sheet.png,3,0,,base_source_evidence_only,pending_verification,pending_review,not_admitted,base_reference_only_pending_promotion,Retained as source/reference; not admitted to runtime.
16B3CB903CC6CF59AD8A61F379B898BCD7C1F3C6703AC5E8BB2CA8DBA05FE072,sources/base/美术素材/blobs/16/16b3cb903cc6cf59ad8a61f379b898bcd7c1f3c6703ac5e8bb2ca8dba05fe072.png,.png,image,item,processed_source,sources/draw/20_processed/item_recovered/item_chest_closed.png,1,20_processed,item_chest_closed.png,0,0,,base_source_evidence_only,pending_verification,pending_review,not_admitted,base_reference_only_pending_promotion,Retained as source/reference; not admitted to runtime.
16B3CF78EC2152910823FDB05D70053115461C9773F72AC0B62A538AA737FD73,sources/base/美术素材/blobs/16/16b3cf78ec2152910823fdb05d70053115461c9773f72ac0b62a538aa737fd73.png,.png,image,source_composite,working_candidate,sources/draw/10_working/candidates/2/2_candidate_002.png,1,10_working,2_candidate_002.png,0,0,,base_source_evidence_only,pending_verification,pending_review,not_admitted,base_reference_only_pending_promotion,Retained as source/reference; not admitted to runtime.
170A29FFFB0261C45FE8A8BEAC0FDEF33E8C771FCCBF20E3EE965C9AF25E5D33,sources/base/美术素材/blobs/17/170a29fffb0261c45fe8a8beac0fdef33e8c771fccbf20e3ee965c9af25e5d33.png,.png,image,ui_component,stage_evidence,sources/art/ART-21/03_cut_output/shared/panels/ui_art21_shared_panel_slot_normal.png,2,stage_output,ui_art21_shared_panel_slot_normal.png,0,1,res://assets/ui/art21/shared/panels/ui_art21_shared_panel_slot_normal.png,base_source_evidence_only,pending_verification,pending_review,not_admitted,runtime_crosswalk_required,Exact runtime bytes exist; authority is decided per runtime row.
17240923B4538E407652AE1C238078D7DF6D18D90EB9197D38C1E0364B471684,sources/base/美术素材/blobs/17/17240923b4538e407652ae1c238078d7df6d18d90eb9197d38c1e0364b471684.png,.png,image,actor,stage_evidence,sources/art/ART-21/03_cut_output/map/ui_art21_map_marker_player.png,2,stage_output,ui_art21_map_marker_player.png,0,1,res://assets/ui/art21/map/ui_art21_map_marker_player.png,base_source_evidence_only,pending_verification,pending_review,not_admitted,runtime_crosswalk_required,Exact runtime bytes exist; authority is decided per runtime row.
177F513EC429454F1DCCBE46F384ECA32C9784B59DBF28D905C74E90FF152054,sources/base/美术素材/blobs/17/177f513ec429454f1dccbe46f384eca32c9784b59dbf28d905c74e90ff152054.md,.md,document,source_documentation,source_reference,sources/draw/_manifest/asset_inventory.md,1,draw_other,asset_inventory.md,0,0,,base_source_evidence_only,pending_verification,pending_review,not_admitted,source_support_not_runtime_art,"Registry, metadata, document, or other support object."
1782E51D777B626E2313A8ADC67E2F4149E70559B019CCC1C3C52B7C92FE2FD9,sources/base/美术素材/blobs/17/1782e51d777b626e2313a8adc67e2f4149e70559b019ccc1c3c52b7c92fe2fd9.png,.png,image,uncategorized_image,working_candidate,sources/draw/10_working/candidates/5/5_candidate_028.png,1,10_working,5_candidate_028.png,0,0,,base_source_evidence_only,pending_verification,pending_review,not_admitted,base_reference_only_pending_promotion,Retained as source/reference; not admitted to runtime.
17AAA6F9A694B27CB8962AAC8339C6558D1B7D1F455E1872567FA24283A0851B,sources/base/美术素材/blobs/17/17aaa6f9a694b27cb8962aac8339c6558d1b7d1f455e1872567fa24283a0851b.png,.png,image,map,game_ready_source;processed_source;runtime_candidate;selected_source,sources/draw/20_processed/map_icon/map_icon_exit.png,4,03_selected;05_export_runtime_candidates;20_processed;30_game_ready,map_icon_exit.png,0,0,,base_source_evidence_only,pending_verification,pending_review,not_admitted,base_reference_only_pending_promotion,Retained as source/reference; not admitted to runtime.
17CD8C6F343B427437DC7F2FD38FCF5B207DB1ED34E47793CDDF6C45E2AFB876,sources/base/美术素材/blobs/17/17cd8c6f343b427437dc7f2fd38fcf5b207db1ed34e47793cddf6c45e2afb876.png,.png,image,ui_component,processed_source,sources/draw/20_processed/ui/raw/kuaijie_lan.png,1,20_processed,kuaijie_lan.png,0,2,res://assets/art24/ui/ue/ui_bottom_bar.png;res://assets/ui/hud/bottom_bar.png,base_source_evidence_only,pending_verification,pending_review,not_admitted,runtime_crosswalk_required,Exact runtime bytes exist; authority is decided per runtime row.
17CFC58F79B41840BFE8CAA8742FC0AD80EF5CC8D6E8F9802C65693A23F23F13,sources/base/美术素材/blobs/17/17cfc58f79b41840bfe8caa8742fc0ad80ef5cc8d6e8f9802c65693a23f23f13.png,.png,image,actor_animation_source,game_ready_source;processed_source;source_reference,sources/draw/20_processed/characters/tuzi/frames/08_front_walk_2.png,3,20_processed;30_game_ready;art_other,08_front_walk_2.png,7,0,,base_source_evidence_only,pending_verification,pending_review,not_admitted,base_reference_only_pending_promotion,Retained as source/reference; not admitted to runtime.
1811467EB4E44FB0CD7ACE06539A81D9B075517AF60718F8982C695B740A241B,sources/base/美术素材/blobs/18/1811467eb4e44fb0cd7ace06539a81d9b075517af60718f8982c695b740a241b.png,.png,image,source_composite,working_candidate,sources/draw/10_working/candidates/2/2_candidate_001.png,1,10_working,2_candidate_001.png,0,0,,base_source_evidence_only,pending_verification,pending_review,not_admitted,base_reference_only_pending_promotion,Retained as source/reference; not admitted to runtime.
1823680C3A54B1170D636CC00A3145C4A8887B4AF2CF1469317886A43F392CC6,sources/base/美术素材/blobs/18/1823680c3a54b1170d636cc00a3145c4a8887b4af2cf1469317886a43f392cc6.png,.png,image,source_composite,working_candidate,sources/draw/10_working/candidates/Zuhe2/Zuhe2_candidate_004.png,1,10_working,Zuhe2_candidate_004.png,0,0,,base_source_evidence_only,pending_verification,pending_review,not_admitted,base_reference_only_pending_promotion,Retained as source/reference; not admitted to runtime.
1837260E405E007F5AFF2B215F113DFE0C06D0FF823733CDD6C6FC8954A13EAE,sources/base/美术素材/blobs/18/1837260e405e007f5aff2b215f113dfe0c06d0ff823733cdd6c6fc8954a13eae.png,.png,image,source_composite,working_candidate,sources/draw/10_working/candidates/Zuhe2/Zuhe2_candidate_098.png,1,10_working,Zuhe2_candidate_098.png,0,0,,base_source_evidence_only,pending_verification,pending_review,not_admitted,base_reference_only_pending_promotion,Retained as source/reference; not admitted to runtime.
18774D21740C56D7FACC0F95C3F2AA8E287A8C1B4A5220A7D8C67AAF21268C00,sources/base/美术素材/blobs/18/18774d21740c56d7facc0f95c3f2aa8e287a8c1b4a5220a7d8c67aaf21268c00.png,.png,image,source_composite,working_candidate,sources/draw/10_working/candidates/5/5_candidate_012.png,1,10_working,5_candidate_012.png,0,0,,base_source_evidence_only,pending_verification,pending_review,not_admitted,base_reference_only_pending_promotion,Retained as source/reference; not admitted to runtime.
18AAA9D8A10CFF8BAABD92E8875DBA76631031844CE02463D3D015603564304C,sources/base/美术素材/blobs/18/18aaa9d8a10cff8baabd92e8875dba76631031844ce02463d3d015603564304c.png,.png,image,source_composite,working_candidate,sources/draw/10_working/candidates/Zuhe2/Zuhe2_candidate_052.png,1,10_working,Zuhe2_candidate_052.png,0,0,,base_source_evidence_only,pending_verification,pending_review,not_admitted,base_reference_only_pending_promotion,Retained as source/reference; not admitted to runtime.
18B6C1F504E39D292BAD643E55A6153B199374042DFEBF43ED6552B23BD345F2,sources/base/美术素材/blobs/18/18b6c1f504e39d292bad643e55a6153b199374042dfebf43ed6552b23bd345f2.png,.png,image,source_composite,working_candidate,sources/draw/10_working/candidates/Zuhe2/Zuhe2_candidate_036.png,1,10_working,Zuhe2_candidate_036.png,0,0,,base_source_evidence_only,pending_verification,pending_review,not_admitted,base_reference_only_pending_promotion,Retained as source/reference; not admitted to runtime.
18E737B8021ED01216132B95494A0CB7D83D71D006CC3C87AA83B103140F1FCD,sources/base/美术素材/blobs/18/18e737b8021ed01216132b95494a0cb7d83d71d006cc3c87aa83b103140f1fcd.png,.png,image,ui_component,game_ready_source;processed_source;runtime_candidate;selected_source;stage_evidence,sources/draw/20_processed/ui_key_prompt/ui_key_m.png,5,03_selected;05_export_runtime_candidates;20_processed;30_game_ready;stage_output,ui_key_m.png,0,1,res://assets/ui/key_prompt/ui_key_m.png,base_source_evidence_only,pending_verification,pending_review,not_admitted,runtime_crosswalk_required,Exact runtime bytes exist; authority is decided per runtime row.
18F262E05E88599038B9C7A0E98F0C62B82C8447A1856E422AB4641F875AFABD,sources/base/美术素材/blobs/18/18f262e05e88599038b9c7a0e98f0c62b82c8447a1856e422ab4641f875afabd.png,.png,image,uncategorized_image,working_candidate,sources/draw/10_working/candidates/3/3_candidate_090.png,1,10_working,3_candidate_090.png,0,0,,base_source_evidence_only,pending_verification,pending_review,not_admitted,base_reference_only_pending_promotion,Retained as source/reference; not admitted to runtime.
196D5581049C09B1059ECCD171EE18AE6615BE945BF49B6561D656B700822B71,sources/base/美术素材/blobs/19/196d5581049c09b1059eccd171ee18ae6615be945bf49b6561d656b700822b71.csv,.csv,table,source_registry,stage_evidence,sources/art/ART-20/_manifest/staging_manifest.csv,1,stage_output,staging_manifest.csv,1,0,,base_source_evidence_only,pending_verification,pending_review,not_admitted,source_support_not_runtime_art,"Registry, metadata, document, or other support object."
19ABB50557D76B35B27F06B77088D1F8731ED3F190CF2743B30EE81999679F0E,sources/base/美术素材/blobs/19/19abb50557d76b35b27f06b77088d1f8731ed3f190cf2743b30ee81999679f0e.png,.png,image,map,stage_evidence,sources/art/ART-21/03_cut_output/map/ui_art21_map_cell_scanned.png,2,stage_output,ui_art21_map_cell_scanned.png,0,1,res://assets/ui/art21/map/ui_art21_map_cell_scanned.png,base_source_evidence_only,pending_verification,pending_review,not_admitted,runtime_crosswalk_required,Exact runtime bytes exist; authority is decided per runtime row.
19CD308A72911C7B2295E60E35489405A798ADB8AE38F1D89E9D5E676FAAEB94,sources/base/美术素材/blobs/19/19cd308a72911c7b2295e60e35489405a798adb8ae38f1d89e9d5e676faaeb94.png,.png,image,ui_component,stage_evidence,sources/art/ART-20/03_cut_output/shared/ui_keycap_prompt_set/ui_shared_keycap_m_normal.png,1,stage_output,ui_shared_keycap_m_normal.png,0,1,res://assets/ui/art20/shared/keycaps/ui_shared_keycap_m_normal.png,base_source_evidence_only,pending_verification,pending_review,not_admitted,runtime_crosswalk_required,Exact runtime bytes exist; authority is decided per runtime row.
19D29FD3FE904ED3AD1060BEACD995FC39C504EBE4F3636ADB0228EAD004B432,sources/base/美术素材/blobs/19/19d29fd3fe904ed3ad1060beacd995fc39c504ebe4f3636adb0228ead004b432.png,.png,image,source_composite,working_candidate,sources/draw/10_working/candidates/2/2_candidate_043.png,1,10_working,2_candidate_043.png,0,0,,base_source_evidence_only,pending_verification,pending_review,not_admitted,base_reference_only_pending_promotion,Retained as source/reference; not admitted to runtime.
19D5A2AEA1E8354E702B2A1741DA815389372414DDEFF99313FACA230310F7F9,sources/base/美术素材/blobs/19/19d5a2aea1e8354e702b2a1741da815389372414ddeff99313faca230310f7f9.png,.png,image,iconography,game_ready_source,sources/draw/30_game_ready/icons/64/09_chukou_icon.png,1,30_game_ready,09_chukou_icon.png,2,1,res://assets/ui/art19/map64/exit_icon_64.png,base_source_evidence_only,pending_verification,pending_review,not_admitted,runtime_crosswalk_required,Exact runtime bytes exist; authority is decided per runtime row.
19F6AAD0DB15A8D1D7C67FC0D81BC9342771AB60F18F3BAF4F3DDA371D20A5C0,sources/base/美术素材/blobs/19/19f6aad0db15a8d1d7c67fc0d81bc9342771ab60f18f3baf4f3dda371d20a5c0.png,.png,image,uncategorized_image,working_candidate,sources/draw/10_working/candidates/3/3_candidate_097.png,1,10_working,3_candidate_097.png,0,0,,base_source_evidence_only,pending_verification,pending_review,not_admitted,base_reference_only_pending_promotion,Retained as source/reference; not admitted to runtime.
1A695F6D41B8132F1938082B775EB4707A34B74165DEE036B628CB20ECD2BEE2,sources/base/美术素材/blobs/1a/1a695f6d41b8132f1938082b775eb4707a34b74165dee036b628cb20ecd2bee2.png,.png,image,ui_component,stage_evidence,sources/art/ART-21/03_cut_output/long_term/ui_art21_long_term_collection_wall_frame.png,2,stage_output,ui_art21_long_term_collection_wall_frame.png,0,1,res://assets/ui/art21/long_term/ui_art21_long_term_collection_wall_frame.png,base_source_evidence_only,pending_verification,pending_review,not_admitted,runtime_crosswalk_required,Exact runtime bytes exist; authority is decided per runtime row.
1AB95FF780CA13403B713653815E09D31365FAF813F6F8354C8B8E4A5EE4BF45,sources/base/美术素材/blobs/1a/1ab95ff780ca13403b713653815e09d31365faf813f6f8354c8b8e4a5ee4bf45.png,.png,image,debug_artifact,game_ready_source;processed_source,sources/draw/20_processed/characters/huli/debug_detected_boxes.png,2,20_processed;30_game_ready,debug_detected_boxes.png,12,0,,base_source_evidence_only,pending_verification,pending_review,not_admitted,base_reference_only_pending_promotion,Retained as source/reference; not admitted to runtime.
1ABBA3B9687D6B5EE553CD201FF6D24C2868A8463AC9AACACBE3DD13815A3951,sources/base/美术素材/blobs/1a/1abba3b9687d6b5ee553cd201ff6d24c2868a8463ac9aacacbe3dd13815a3951.png,.png,image,ui_component,game_ready_source;processed_source,sources/draw/20_processed/ui_title_plate/ui_title_extraction_success.png,2,20_processed;30_game_ready,ui_title_extraction_success.png,0,1,res://assets/ui/result/ui_title_extraction_success.png,base_source_evidence_only,pending_verification,pending_review,not_admitted,runtime_crosswalk_required,Exact runtime bytes exist; authority is decided per runtime row.
1AD26CF6317AD5E101EC5E018FADCE337B49A409B18D89926FE527407E350B72,sources/base/美术素材/blobs/1a/1ad26cf6317ad5e101ec5e018fadce337b49a409b18d89926fe527407e350b72.png,.png,image,source_composite,working_candidate,sources/draw/10_working/candidates/Zuhe2/Zuhe2_candidate_103.png,1,10_working,Zuhe2_candidate_103.png,0,0,,base_source_evidence_only,pending_verification,pending_review,not_admitted,base_reference_only_pending_promotion,Retained as source/reference; not admitted to runtime.
1AF589B83403E204126CA1F7402158ACC183FB47CEC733B5FE75285505092908,sources/base/美术素材/blobs/1a/1af589b83403e204126ca1f7402158acc183fb47cec733b5fe75285505092908.png,.png,image,world_prop,game_ready_source;runtime_candidate;selected_source,sources/draw/30_game_ready/props/05_yichang_hexin.png,3,03_selected;05_export_runtime_candidates;30_game_ready,05_yichang_hexin.png,1,1,res://assets/props/art07/05_yichang_hexin.png,base_source_evidence_only,pending_verification,pending_review,not_admitted,runtime_crosswalk_required,Exact runtime bytes exist; authority is decided per runtime row.
1B0AF608B83A2768C4D443A9E3C64FCBEF36B4B174D67575DD36811CF2B3E0B3,sources/base/美术素材/blobs/1b/1b0af608b83a2768c4d443a9e3c64fcbef36b4b174d67575dd36811cf2b3e0b3.json,.json,metadata,source_metadata,working_candidate,sources/draw/10_working/candidates/5/manifest.json,1,10_working,manifest.json,11,0,,base_source_evidence_only,pending_verification,pending_review,not_admitted,source_support_not_runtime_art,"Registry, metadata, document, or other support object."
1B1917702EA20C80F87F132EC2FDA6230FA6225E4BB306CEE29497BAE8D70FC5,sources/base/美术素材/blobs/1b/1b1917702ea20c80f87f132ec2fda6230fa6225e4bb306cee29497bae8d70fc5.png,.png,image,source_composite,working_candidate,sources/draw/10_working/candidates/1/1_candidate_003.png,1,10_working,1_candidate_003.png,0,0,,base_source_evidence_only,pending_verification,pending_review,not_admitted,base_reference_only_pending_promotion,Retained as source/reference; not admitted to runtime.
1B6DADB1C35358902F2AD144BB283851192D6BB8DC152B26C90CC664096AA073,sources/base/美术素材/blobs/1b/1b6dadb1c35358902f2ad144bb283851192d6bb8dc152b26c90cc664096aa073.png,.png,image,uncategorized_image,working_candidate,sources/draw/10_working/candidates/3/3_candidate_060.png,1,10_working,3_candidate_060.png,0,0,,base_source_evidence_only,pending_verification,pending_review,not_admitted,base_reference_only_pending_promotion,Retained as source/reference; not admitted to runtime.
1B8ECF7AE2E688B7F9C3313F324862E677DF99268DE3213C3007CB3382507D03,sources/base/美术素材/blobs/1b/1b8ecf7ae2e688b7f9c3313f324862e677df99268de3213c3007cb3382507d03.png,.png,image,actor_animation_source,game_ready_source;processed_source;source_reference,sources/draw/20_processed/characters/mao/frames/08_front_walk_2.png,3,20_processed;30_game_ready;art_other,08_front_walk_2.png,7,0,,base_source_evidence_only,pending_verification,pending_review,not_admitted,base_reference_only_pending_promotion,Retained as source/reference; not admitted to runtime.
1BB2011B429F41EBADBED3C67D99684650660D9591324874A44061CF0B6978F3,sources/base/美术素材/blobs/1b/1bb2011b429f41ebadbed3c67d99684650660d9591324874a44061cf0b6978f3.png,.png,image,source_composite,working_candidate,sources/draw/10_working/candidates/Zuhe2/Zuhe2_candidate_021.png,1,10_working,Zuhe2_candidate_021.png,0,0,,base_source_evidence_only,pending_verification,pending_review,not_admitted,base_reference_only_pending_promotion,Retained as source/reference; not admitted to runtime.
1BC45EF20062431C0381672370523661EB3A92CD478467E06B0D4FA4E448048C,sources/base/美术素材/blobs/1b/1bc45ef20062431c0381672370523661eb3a92cd478467e06b0d4fa4e448048c.png,.png,image,ui_component,processed_source,sources/draw/20_processed/ui/raw/xieyi_mianban.png,1,20_processed,xieyi_mianban.png,0,2,res://assets/art24/ui/ue/ui_panel_protocol.png;res://assets/ui/hud/panel_protocol.png,base_source_evidence_only,pending_verification,pending_review,not_admitted,runtime_crosswalk_required,Exact runtime bytes exist; authority is decided per runtime row.
1BE602FB09CE5C305C00256F2D69DFDB4E7F566E682D784A406A5F1FEBB87221,sources/base/美术素材/blobs/1b/1be602fb09ce5c305c00256f2d69dfdb4e7f566e682d784a406a5f1febb87221.png,.png,image,source_composite,working_candidate,sources/draw/10_working/candidates/Zuhe2/Zuhe2_candidate_077.png,1,10_working,Zuhe2_candidate_077.png,0,0,,base_source_evidence_only,pending_verification,pending_review,not_admitted,base_reference_only_pending_promotion,Retained as source/reference; not admitted to runtime.
1BFA977888CB26B9AA913B164DE80EBC458EE2A1C8D0B565A6659C78B0276E4F,sources/base/美术素材/blobs/1b/1bfa977888cb26b9aa913b164de80ebc458ee2a1c8d0b565a6659c78b0276e4f.png,.png,image,source_composite,working_candidate,sources/draw/10_working/candidates/4/4_candidate_022.png,1,10_working,4_candidate_022.png,0,0,,base_source_evidence_only,pending_verification,pending_review,not_admitted,base_reference_only_pending_promotion,Retained as source/reference; not admitted to runtime.
1C436BB336D9010D6503926186D027D741981F4F8AA12CCE748EE03908A9A2C7,sources/base/美术素材/blobs/1c/1c436bb336d9010d6503926186d027d741981f4f8aa12cce748ee03908a9a2c7.png,.png,image,source_composite,working_candidate,sources/draw/10_working/candidates/Zujian3/Zujian3_candidate_012.png,1,10_working,Zujian3_candidate_012.png,0,0,,base_source_evidence_only,pending_verification,pending_review,not_admitted,base_reference_only_pending_promotion,Retained as source/reference; not admitted to runtime.
1C4612E83504C2CC0D3C60036693BD6AAA3CFDBCB2A06A1093494D540B356EAD,sources/base/美术素材/blobs/1c/1c4612e83504c2cc0d3c60036693bd6aaa3cfdbcb2a06a1093494d540b356ead.png,.png,image,source_composite,working_candidate,sources/draw/10_working/candidates/Zuhe/Zuhe_candidate_012.png,1,10_working,Zuhe_candidate_012.png,0,0,,base_source_evidence_only,pending_verification,pending_review,not_admitted,base_reference_only_pending_promotion,Retained as source/reference; not admitted to runtime.
1D103D257DFA58ADF097BE31493DC94906836857DF6431B6D42065EA61FCDB45,sources/base/美术素材/blobs/1d/1d103d257dfa58adf097be31493dc94906836857df6431b6d42065ea61fcdb45.png,.png,image,item,game_ready_source;processed_source;runtime_candidate;selected_source;stage_evidence,sources/draw/20_processed/item_consumable/item_consumable_syringe.png,5,03_selected;05_export_runtime_candidates;20_processed;30_game_ready;stage_output,item_consumable_syringe.png,0,1,res://assets/items/consumable/item_consumable_syringe.png,base_source_evidence_only,pending_verification,pending_review,not_admitted,runtime_crosswalk_required,Exact runtime bytes exist; authority is decided per runtime row.
1DB793A623237CEDB1F0C9F3B3B698FFD6ACAB43CC4D9DBF181BB1B481CA1426,sources/base/美术素材/blobs/1d/1db793a623237cedb1f0c9f3b3b698ffd6acab43cc4d9dbf181bb1b481ca1426.png,.png,image,reference_capture,packaged_base_input;visual_target,sources/art/Base/出发探索示例.png,2,08_visual_targets;Base,出发探索示例.png,0,0,,base_source_evidence_only,pending_verification,pending_review,not_admitted,base_reference_only_pending_promotion,Retained as source/reference; not admitted to runtime.
1E051FC7D42A1CB6B8C52EAFF11F50E2E6C67AF0D9A2CEE2E99A971078DFE242,sources/base/美术素材/blobs/1e/1e051fc7d42a1cb6b8c52eaff11f50e2e6c67af0d9a2cee2e99a971078dfe242.png,.png,image,actor_animation_source,source_reference,sources/draw/processed/Huanxionggai/09_back_walk_2.png,1,draw_other,09_back_walk_2.png,7,0,,base_source_evidence_only,pending_verification,pending_review,not_admitted,base_reference_only_pending_promotion,Retained as source/reference; not admitted to runtime.
1E1E1BC5AAB790EB9E7488190FB15EFDA906EDDD227F64BB75C47F6EF8CCC24D,sources/base/美术素材/blobs/1e/1e1e1bc5aab790eb9e7488190fb15efda906eddd227f64bb75c47f6ef8ccc24d.png,.png,image,actor_animation_source,source_reference,sources/draw/processed/Tuzigai/04_front_walk_1.png,1,draw_other,04_front_walk_1.png,7,0,,base_source_evidence_only,pending_verification,pending_review,not_admitted,base_reference_only_pending_promotion,Retained as source/reference; not admitted to runtime.
1E28D20D5ACA9BB85F443A7AAA9FCDB759035CB5FF5C65108E47CE79FED2AC43,sources/base/美术素材/blobs/1e/1e28d20d5aca9bb85f443a7aaa9fcdb759035cb5ff5c65108e47ce79fed2ac43.png,.png,image,source_composite,working_candidate,sources/draw/10_working/candidates/4/4_candidate_036.png,1,10_working,4_candidate_036.png,0,0,,base_source_evidence_only,pending_verification,pending_review,not_admitted,base_reference_only_pending_promotion,Retained as source/reference; not admitted to runtime.
1F00CA06066D9628ABC51B9EA318556689BAF30863FB1A1E2C40BD04E8F6C5D8,sources/base/美术素材/blobs/1f/1f00ca06066d9628abc51b9ea318556689baf30863fb1a1e2c40bd04e8f6c5d8.png,.png,image,uncategorized_image,working_candidate,sources/draw/10_working/candidates/4/4_candidate_039.png,1,10_working,4_candidate_039.png,0,0,,base_source_evidence_only,pending_verification,pending_review,not_admitted,base_reference_only_pending_promotion,Retained as source/reference; not admitted to runtime.
1F4D635492D2ECA5BDE21F2D10AC0C079306F72988FF3328B723EB8D086C0126,sources/base/美术素材/blobs/1f/1f4d635492d2eca5bde21f2d10ac0c079306f72988ff3328b723eb8d086c0126.png,.png,image,source_composite,working_candidate,sources/draw/10_working/candidates/1/1_candidate_021.png,1,10_working,1_candidate_021.png,0,0,,base_source_evidence_only,pending_verification,pending_review,not_admitted,base_reference_only_pending_promotion,Retained as source/reference; not admitted to runtime.
1F778C00488523975CCB1E140745737EC9D0B55F45E25F8C36C801837BFB242B,sources/base/美术素材/blobs/1f/1f778c00488523975ccb1e140745737ec9d0b55f45e25f8c36c801837bfb242b.png,.png,image,source_composite,working_candidate,sources/draw/10_working/candidates/2/2_candidate_012.png,1,10_working,2_candidate_012.png,0,0,,base_source_evidence_only,pending_verification,pending_review,not_admitted,base_reference_only_pending_promotion,Retained as source/reference; not admitted to runtime.
1F83524C5A175D2C392868C1E81A5AAAE9B0D56D723AFA3834C4AB121948CAD9,sources/base/美术素材/blobs/1f/1f83524c5a175d2c392868c1e81a5aaae9b0d56d723afa3834c4ab121948cad9.png,.png,image,uncategorized_image,game_ready_source,sources/draw/30_game_ready/icons/32/04_biaoji_qi.png,1,30_game_ready,04_biaoji_qi.png,2,1,res://assets/ui/minimap/flag_marker.png,base_source_evidence_only,pending_verification,pending_review,not_admitted,runtime_crosswalk_required,Exact runtime bytes exist; authority is decided per runtime row.
1FEEB03F3ACF6D82D2AFDD50905B5944C64C016D5ADAD22AE57F47963C2E3941,sources/base/美术素材/blobs/1f/1feeb03f3acf6d82d2afdd50905b5944c64c016d5adad22ae57f47963c2e3941.png,.png,image,source_composite,working_candidate,sources/draw/10_working/candidates/Zuhe/Zuhe_candidate_026.png,1,10_working,Zuhe_candidate_026.png,0,0,,base_source_evidence_only,pending_verification,pending_review,not_admitted,base_reference_only_pending_promotion,Retained as source/reference; not admitted to runtime.
2075E1299D1822F35885B3A563F4174B866DB9F1CE472FEFAD26CCF9DE7CECC5,sources/base/美术素材/blobs/20/2075e1299d1822f35885b3a563f4174b866db9f1ce472fefad26ccf9de7cecc5.png,.png,image,source_composite,working_candidate,sources/draw/10_working/candidates/Zujian2/Zujian2_candidate_015.png,1,10_working,Zujian2_candidate_015.png,0,0,,base_source_evidence_only,pending_verification,pending_review,not_admitted,base_reference_only_pending_promotion,Retained as source/reference; not admitted to runtime.
2109E78EFB987054450FB3182ED6E00B919CACBAC1056E9E7F62AADBA945CF2D,sources/base/美术素材/blobs/21/2109e78efb987054450fb3182ed6e00b919cacbac1056e9e7f62aadba945cf2d.png,.png,image,source_composite,working_candidate,sources/draw/10_working/candidates/4/4_candidate_043.png,1,10_working,4_candidate_043.png,0,0,,base_source_evidence_only,pending_verification,pending_review,not_admitted,base_reference_only_pending_promotion,Retained as source/reference; not admitted to runtime.
210E05477508FECC45EC20E6E5CD39A5F5FC6945F2B5B30652FECC6036A35D62,sources/base/美术素材/blobs/21/210e05477508fecc45ec20e6e5cd39a5f5fc6945f2b5b30652fecc6036a35d62.png,.png,image,source_composite,working_candidate,sources/draw/10_working/candidates/2/2_candidate_044.png,1,10_working,2_candidate_044.png,0,0,,base_source_evidence_only,pending_verification,pending_review,not_admitted,base_reference_only_pending_promotion,Retained as source/reference; not admitted to runtime.
222F475C981FA20063686E3BA1C203A46E04B9B2DBE6C6CDD1C4B5827E9EF525,sources/base/美术素材/blobs/22/222f475c981fa20063686e3ba1c203a46e04b9b2dbe6c6cdd1c4b5827e9ef525.png,.png,image,deploy,game_ready_source;processed_source;runtime_candidate;selected_source;stage_evidence,sources/draw/20_processed/ui_deploy_panel/ui_panel_deploy_main_blank.png,6,03_selected;05_export_runtime_candidates;20_processed;30_game_ready;stage_output,ui_deploy_route_card_selected.png;ui_panel_deploy_main_blank.png,0,2,res://assets/ui/art19/panels/deploy_main_blank.png;res://assets/ui/deploy/panels/ui_panel_deploy_main_blank.png,base_source_evidence_only,pending_verification,pending_review,not_admitted,runtime_crosswalk_required,Exact runtime bytes exist; authority is decided per runtime row.
2231ECDC86A25A72AC5E9425A02DF3C69207629F6A2AE109171D444FB11642EC,sources/base/美术素材/blobs/22/2231ecdc86a25a72ac5e9425a02df3c69207629f6a2ae109171d444fb11642ec.png,.png,image,source_composite,working_candidate,sources/draw/10_working/candidates/1/1_candidate_043.png,1,10_working,1_candidate_043.png,0,0,,base_source_evidence_only,pending_verification,pending_review,not_admitted,base_reference_only_pending_promotion,Retained as source/reference; not admitted to runtime.
22606E59685F8B507F40A65B84FBEF601AFC5435787A24C58FC59C1794442FE5,sources/base/美术素材/blobs/22/22606e59685f8b507f40a65b84fbef601afc5435787a24c58fc59c1794442fe5.png,.png,image,item,processed_source,sources/draw/20_processed/item_recovered/item_spike_trap.png,1,20_processed,item_spike_trap.png,0,0,,base_source_evidence_only,pending_verification,pending_review,not_admitted,base_reference_only_pending_promotion,Retained as source/reference; not admitted to runtime.
22824196BD409BDDE9AC394481422B2EFB3B91C7296BD57BAA00108F5C696E7A,sources/base/美术素材/blobs/22/22824196bd409bdde9ac394481422b2efb3b91c7296bd57baa00108f5c696e7a.png,.png,image,uncategorized_image,processed_source,sources/draw/20_processed/icons/raw/00_wanjia_dingwei.png,1,20_processed,00_wanjia_dingwei.png,2,0,,base_source_evidence_only,pending_verification,pending_review,not_admitted,base_reference_only_pending_promotion,Retained as source/reference; not admitted to runtime.
230C36F56DDA5819CEA4D1955A6DFE57C627495FF04C2355E2B904DB1529E698,sources/base/美术素材/blobs/23/230c36f56dda5819cea4d1955a6dfe57c627495ff04c2355e2b904db1529e698.png,.png,image,source_composite,working_candidate,sources/draw/10_working/candidates/Zuhe2/Zuhe2_candidate_013.png,1,10_working,Zuhe2_candidate_013.png,0,0,,base_source_evidence_only,pending_verification,pending_review,not_admitted,base_reference_only_pending_promotion,Retained as source/reference; not admitted to runtime.
235BD44CF4F8BCCF6153DF205CB76C6E1A87E3A79EFCEBB9D1590D3FA29DC02B,sources/base/美术素材/blobs/23/235bd44cf4f8bccf6153df205cb76c6e1a87e3a79efcebb9d1590d3fa29dc02b.png,.png,image,reference_capture,stage_evidence,sources/art/ART-14/屏幕截图 2026-06-29 095454.png,1,stage_output,屏幕截图 2026-06-29 095454.png,0,0,,base_source_evidence_only,pending_verification,pending_review,not_admitted,base_reference_only_pending_promotion,Retained as source/reference; not admitted to runtime.
237875D4B2B71B7B9A791C015ED6389D84B1022330FEB2F3299220E747941A92,sources/base/美术素材/blobs/23/237875d4b2b71b7b9a791c015ed6389d84b1022330feb2f3299220e747941a92.csv,.csv,table,source_registry,stage_evidence,sources/art/ART-21R2/_manifest/modal_section_cut_manifest.csv,1,stage_output,modal_section_cut_manifest.csv,0,0,,base_source_evidence_only,pending_verification,pending_review,not_admitted,source_support_not_runtime_art,"Registry, metadata, document, or other support object."
2384639FA18AC740490B90E32C392185EB4A254834B9170A14D1736818231792,sources/base/美术素材/blobs/23/2384639fa18ac740490b90e32c392185eb4a254834b9170a14d1736818231792.png,.png,image,source_composite,working_candidate,sources/draw/10_working/candidates/4/4_candidate_014.png,1,10_working,4_candidate_014.png,0,0,,base_source_evidence_only,pending_verification,pending_review,not_admitted,base_reference_only_pending_promotion,Retained as source/reference; not admitted to runtime.
23A18FF1F95040D2EDB84BFFCE36EC58DA9414879014B657BB2BD66B35F36186,sources/base/美术素材/blobs/23/23a18ff1f95040d2edb84bffce36ec58da9414879014b657bb2bd66b35f36186.png,.png,image,source_composite,working_candidate,sources/draw/10_working/candidates/Zuhe/Zuhe_candidate_003.png,1,10_working,Zuhe_candidate_003.png,0,0,,base_source_evidence_only,pending_verification,pending_review,not_admitted,base_reference_only_pending_promotion,Retained as source/reference; not admitted to runtime.
23C2277CB4E1F0A6D2987D77CA2C0D5552BF285532F86D371625F9AE5F827384,sources/base/美术素材/blobs/23/23c2277cb4e1f0a6d2987d77ca2c0d5552bf285532f86d371625f9ae5f827384.png,.png,image,actor_animation_source,source_reference,sources/draw/processed/Huanxionggai/03_right_idle.png,1,draw_other,03_right_idle.png,7,1,res://assets/player/player_idle_right.png,base_source_evidence_only,pending_verification,pending_review,not_admitted,runtime_crosswalk_required,Exact runtime bytes exist; authority is decided per runtime row.
243D600876EE1064AE62E5ADBE3A1D972FA78DC9431C8A28A8B57892C4718E78,sources/base/美术素材/blobs/24/243d600876ee1064ae62e5adbe3a1d972fa78dc9431c8a28a8b57892c4718e78.png,.png,image,source_composite,working_candidate,sources/draw/10_working/candidates/1/1_candidate_004.png,1,10_working,1_candidate_004.png,0,0,,base_source_evidence_only,pending_verification,pending_review,not_admitted,base_reference_only_pending_promotion,Retained as source/reference; not admitted to runtime.
24462587E2902253A8383BE61EDFA1EC3118A0FE4F1610840FD165309B80A335,sources/base/美术素材/blobs/24/24462587e2902253a8383be61edfa1ec3118a0fe4f1610840fd165309b80a335.png,.png,image,item,game_ready_source;processed_source;runtime_candidate;selected_source;stage_evidence,sources/draw/20_processed/item_equipment/item_equipment_goggles.png,5,03_selected;05_export_runtime_candidates;20_processed;30_game_ready;stage_output,item_equipment_goggles.png,0,1,res://assets/items/equipment/item_equipment_goggles.png,base_source_evidence_only,pending_verification,pending_review,not_admitted,runtime_crosswalk_required,Exact runtime bytes exist; authority is decided per runtime row.
246C71909BE693E7091E5A6BA9954904885B80E15388FCF79FD84DBFFBADD625,sources/base/美术素材/blobs/24/246c71909be693e7091e5a6ba9954904885b80e15388fcf79fd84dbffbadd625.json,.json,metadata,source_metadata,stage_evidence,sources/art/ART-21R2/_manifest/main_menu_cut_summary.json,1,stage_output,main_menu_cut_summary.json,0,0,,base_source_evidence_only,pending_verification,pending_review,not_admitted,source_support_not_runtime_art,"Registry, metadata, document, or other support object."
254F770EAB102920012E433A79B48745A294EACFB292D7532ACFE291A7481CC2,sources/base/美术素材/blobs/25/254f770eab102920012e433a79b48745a294eacfb292d7532acfe291a7481cc2.png,.png,image,source_composite,working_candidate,sources/draw/10_working/candidates/2/2_candidate_054.png,1,10_working,2_candidate_054.png,0,0,,base_source_evidence_only,pending_verification,pending_review,not_admitted,base_reference_only_pending_promotion,Retained as source/reference; not admitted to runtime.
2565A06EE73395F5A5793E7BC3E1B60D67BA6C05952AE81343AB4914F332F6C7,sources/base/美术素材/blobs/25/2565a06ee73395f5a5793e7bc3e1b60d67ba6c05952ae81343ab4914f332f6c7.png,.png,image,ui_component,game_ready_source;processed_source,sources/draw/20_processed/ui_title_plate/ui_title_extract_confirm.png,2,20_processed;30_game_ready,ui_title_extract_confirm.png,0,1,res://assets/ui/result/ui_title_extract_confirm.png,base_source_evidence_only,pending_verification,pending_review,not_admitted,runtime_crosswalk_required,Exact runtime bytes exist; authority is decided per runtime row.
256B8CC43FAFAF0B42B62EE95951C676FDFBB5109CD2CCF14F46F8ACEA12EB7B,sources/base/美术素材/blobs/25/256b8cc43fafaf0b42b62ee95951c676fdfbb5109cd2ccf14f46f8acea12eb7b.png,.png,image,source_composite,working_candidate,sources/draw/10_working/candidates/3/3_candidate_093.png,1,10_working,3_candidate_093.png,0,0,,base_source_evidence_only,pending_verification,pending_review,not_admitted,base_reference_only_pending_promotion,Retained as source/reference; not admitted to runtime.
25E1E496D20706A4AD5227CCDDADB75F69B91CF7646959206917BF9F1BA5F592,sources/base/美术素材/blobs/25/25e1e496d20706a4ad5227ccddadb75f69b91cf7646959206917bf9f1ba5f592.png,.png,image,uncategorized_image,working_candidate,sources/draw/10_working/candidates/5/5_candidate_060.png,1,10_working,5_candidate_060.png,0,0,,base_source_evidence_only,pending_verification,pending_review,not_admitted,base_reference_only_pending_promotion,Retained as source/reference; not admitted to runtime.
2619FCA91C859900EB074BC0BE5609070BE6E1F3222055AA8C2F597557D8D002,sources/base/美术素材/blobs/26/2619fca91c859900eb074bc0be5609070be6e1f3222055aa8c2f597557d8d002.png,.png,image,source_composite,working_candidate,sources/draw/10_working/candidates/5/5_candidate_001.png,1,10_working,5_candidate_001.png,0,0,,base_source_evidence_only,pending_verification,pending_review,not_admitted,base_reference_only_pending_promotion,Retained as source/reference; not admitted to runtime.
263241613BB1E08641A5EFF3CA40FA34FFB8327599BE7EE282F8C5A64567AF4F,sources/base/美术素材/blobs/26/263241613bb1e08641a5eff3ca40fa34ffb8327599be7ee282f8c5a64567af4f.png,.png,image,world_prop,processed_source,sources/draw/20_processed/props/raw/03_baoxiang_guan.png,1,20_processed,03_baoxiang_guan.png,1,0,,base_source_evidence_only,pending_verification,pending_review,not_admitted,base_reference_only_pending_promotion,Retained as source/reference; not admitted to runtime.
2645124B86FF30C117FCDD3818A7F9DA91C7D34F8D5C2B4141D4FFACBDB6F4D5,sources/base/美术素材/blobs/26/2645124b86ff30c117fcdd3818a7f9da91c7d34f8d5c2b4141d4ffacbdb6f4d5.png,.png,image,source_composite,working_candidate,sources/draw/10_working/candidates/4/4_candidate_032.png,1,10_working,4_candidate_032.png,0,0,,base_source_evidence_only,pending_verification,pending_review,not_admitted,base_reference_only_pending_promotion,Retained as source/reference; not admitted to runtime.
265EE1DB69C0DAF451604F18B0FF33FE55B50EF271DD309A71F875956DA08584,sources/base/美术素材/blobs/26/265ee1db69c0daf451604f18b0ff33fe55b50ef271dd309a71f875956da08584.png,.png,image,world_prop,processed_source,sources/draw/20_processed/props/raw/05_yichang_hexin.png,1,20_processed,05_yichang_hexin.png,1,0,,base_source_evidence_only,pending_verification,pending_review,not_admitted,base_reference_only_pending_promotion,Retained as source/reference; not admitted to runtime.
26A75D2BC13962CC2BDAF08E713F5AAC08006E73DA17568E21C129FA37171B99,sources/base/美术素材/blobs/26/26a75d2bc13962cc2bdaf08e713f5aac08006e73da17568e21c129fa37171b99.png,.png,image,world_prop,game_ready_source,sources/draw/30_game_ready/icons/64/08_cheli_icon.png,1,30_game_ready,08_cheli_icon.png,2,0,,base_source_evidence_only,pending_verification,pending_review,not_admitted,base_reference_only_pending_promotion,Retained as source/reference; not admitted to runtime.
26E02FC232A3ACBC4DF6C401F9A841C791CF3966C8D52AD0FC949F0297009FEB,sources/base/美术素材/blobs/26/26e02fc232a3acbc4df6c401f9a841c791cf3966c8d52ad0fc949f0297009feb.png,.png,image,main_menu,stage_evidence,sources/art/ART-21/03_cut_output/main_menu/ui_art21_main_menu_action_deck_frame.png,2,stage_output,ui_art21_main_menu_action_deck_frame.png,0,1,res://assets/ui/art21/main_menu/ui_art21_main_menu_action_deck_frame.png,base_source_evidence_only,pending_verification,pending_review,not_admitted,runtime_crosswalk_required,Exact runtime bytes exist; authority is decided per runtime row.
2731167C3DA031A924F2D1A2F99E4DFB2AF2D014F9214672678C4C6A353F50FB,sources/base/美术素材/blobs/27/2731167c3da031a924f2d1a2f99e4dfb2af2d014f9214672678c4c6a353f50fb.png,.png,image,actor_animation_source,game_ready_source;processed_source;source_reference,sources/draw/20_processed/characters/tuzi/frames/07_right_walk_1.png,3,20_processed;30_game_ready;art_other,07_right_walk_1.png,7,0,,base_source_evidence_only,pending_verification,pending_review,not_admitted,base_reference_only_pending_promotion,Retained as source/reference; not admitted to runtime.
273D71C208FE9644BF2D67D716CD1D21B03BF7366856DED325CCEA5727859866,sources/base/美术素材/blobs/27/273d71c208fe9644bf2d67d716cd1d21b03bf7366856ded325ccea5727859866.png,.png,image,source_composite,processed_source,sources/draw/20_processed/icons/raw/11_shuzi_1.png,1,20_processed,11_shuzi_1.png,2,0,,base_source_evidence_only,pending_verification,pending_review,not_admitted,base_reference_only_pending_promotion,Retained as source/reference; not admitted to runtime.
280E5380697FC3E9229D7A955EE8C2CC8F973704E038408084BEC89987592E66,sources/base/美术素材/blobs/28/280e5380697fc3e9229d7a955ee8c2cc8f973704e038408084bec89987592e66.png,.png,image,source_composite,game_ready_source,sources/draw/30_game_ready/icons/32/11_shuzi_1.png,1,30_game_ready,11_shuzi_1.png,2,1,res://assets/ui/minimap/number_1.png,base_source_evidence_only,pending_verification,pending_review,not_admitted,runtime_crosswalk_required,Exact runtime bytes exist; authority is decided per runtime row.
283EDAECB2B5D6B3C5E09008F3AD3CF36C6FB913D85ABF7DCBBF3C5355A0FFFF,sources/base/美术素材/blobs/28/283edaecb2b5d6b3c5e09008f3ad3cf36c6fb913d85abf7dcbbf3c5355a0ffff.png,.png,image,source_composite,working_candidate,sources/draw/10_working/candidates/Zujian1/Zujian1_candidate_012.png,1,10_working,Zujian1_candidate_012.png,0,0,,base_source_evidence_only,pending_verification,pending_review,not_admitted,base_reference_only_pending_promotion,Retained as source/reference; not admitted to runtime.
28A7A44874E035BB92B2EEA714AA53F3D6C5D1A3291D140D8D9F766C2E78AB36,sources/base/美术素材/blobs/28/28a7a44874e035bb92b2eea714aa53f3d6c5d1a3291d140d8d9f766c2e78ab36.png,.png,image,source_composite,working_candidate,sources/draw/10_working/candidates/Zuhe2/Zuhe2_candidate_043.png,1,10_working,Zuhe2_candidate_043.png,0,0,,base_source_evidence_only,pending_verification,pending_review,not_admitted,base_reference_only_pending_promotion,Retained as source/reference; not admitted to runtime.
28EAA56504E1F7EA3136BE8AD7478357E03C4E6C28AEB27D67C011CCE416951E,sources/base/美术素材/blobs/28/28eaa56504e1f7ea3136be8ad7478357e03c4e6c28aeb27d67c011cce416951e.png,.png,image,deploy,game_ready_source;processed_source;runtime_candidate;selected_source;stage_evidence,sources/draw/20_processed/ui_deploy_button/ui_button_nav_warehouse.png,7,03_selected;05_export_runtime_candidates;20_processed;30_game_ready;stage_output,ui_button_nav_warehouse.png;ui_deploy_prep_tab_primary_warehouse.png;ui_long_term_tab_primary_warehouse.png,0,1,res://assets/ui/deploy/buttons/ui_button_nav_warehouse.png,base_source_evidence_only,pending_verification,pending_review,not_admitted,runtime_crosswalk_required,Exact runtime bytes exist; authority is decided per runtime row.
292C7D9104A1A1D439945C58FE658C57559351B72B72FBE46EDB538D3D080159,sources/base/美术素材/blobs/29/292c7d9104a1a1d439945c58fe658c57559351b72b72fbe46edb538d3d080159.png,.png,image,source_composite,working_candidate,sources/draw/10_working/candidates/Zujian2/Zujian2_candidate_003.png,1,10_working,Zujian2_candidate_003.png,0,0,,base_source_evidence_only,pending_verification,pending_review,not_admitted,base_reference_only_pending_promotion,Retained as source/reference; not admitted to runtime.
2937472BD9DFEA06C59A1C151A02ECF4BD800670C991930263CCDF17D110C5B8,sources/base/美术素材/blobs/29/2937472bd9dfea06c59a1c151a02ecf4bd800670c991930263ccdf17d110c5b8.png,.png,image,source_composite,working_candidate,sources/draw/10_working/candidates/Zuhe/Zuhe_candidate_046.png,1,10_working,Zuhe_candidate_046.png,0,0,,base_source_evidence_only,pending_verification,pending_review,not_admitted,base_reference_only_pending_promotion,Retained as source/reference; not admitted to runtime.
293B259429E8EAD27815DD5A959A8BF6E882C7EA4583BABEF91242441EF81F0B,sources/base/美术素材/blobs/29/293b259429e8ead27815dd5a959a8bf6e882c7ea4583babef91242441ef81f0b.png,.png,image,source_composite,working_candidate,sources/draw/10_working/candidates/Zuhe2/Zuhe2_candidate_028.png,1,10_working,Zuhe2_candidate_028.png,0,0,,base_source_evidence_only,pending_verification,pending_review,not_admitted,base_reference_only_pending_promotion,Retained as source/reference; not admitted to runtime.
2990242D520B8EE73F3AAE726AB053755593B2E488C014CFC552B35D76B6761B,sources/base/美术素材/blobs/29/2990242d520b8ee73f3aae726ab053755593b2e488c014cfc552b35d76b6761b.png,.png,image,source_composite,processed_source,sources/draw/20_processed/ui_status_tag/ui_tag_level_1_3.png,1,20_processed,ui_tag_level_1_3.png,0,0,,base_source_evidence_only,pending_verification,pending_review,not_admitted,base_reference_only_pending_promotion,Retained as source/reference; not admitted to runtime.
299DBA040724779167760A179AD82B307A6801D67064BFFF1B29044572F6A098,sources/base/美术素材/blobs/29/299dba040724779167760a179ad82b307a6801d67064bfff1b29044572f6a098.png,.png,image,deploy,stage_evidence,sources/art/ART-20/03_cut_output/deploy_prep/deploy_equipment_slot/deploy_equipment_slot_item_consumable_medkit.png,1,stage_output,deploy_equipment_slot_item_consumable_medkit.png,0,1,res://assets/ui/art20/deploy/icons/deploy_equipment_slot_item_consumable_medkit.png,base_source_evidence_only,pending_verification,pending_review,not_admitted,runtime_crosswalk_required,Exact runtime bytes exist; authority is decided per runtime row.
29EC7E5A934D55497A576D8866BDE7BD9D7020833E4B9F53D1B795E19A31C081,sources/base/美术素材/blobs/29/29ec7e5a934d55497a576d8866bde7bd9d7020833e4b9f53d1b795e19a31c081.png,.png,image,debug_artifact,source_reference,sources/draw/processed/Huanxionggai/debug_detected_boxes.png,1,draw_other,debug_detected_boxes.png,12,0,,base_source_evidence_only,pending_verification,pending_review,not_admitted,base_reference_only_pending_promotion,Retained as source/reference; not admitted to runtime.
29F5314FB1A23A4EFAC2F30FD70E7CB6F8D6E5FB43928E085E96E70363B58816,sources/base/美术素材/blobs/29/29f5314fb1a23a4efac2f30fd70e7cb6f8d6e5fb43928e085e96e70363b58816.png,.png,image,uncategorized_image,working_candidate,sources/draw/10_working/candidates/2/2_candidate_008.png,1,10_working,2_candidate_008.png,0,0,,base_source_evidence_only,pending_verification,pending_review,not_admitted,base_reference_only_pending_promotion,Retained as source/reference; not admitted to runtime.
29F71E2E65B31F0D3C1F0B6775482351C4837148E4D1773FAC4CB35127DC58F4,sources/base/美术素材/blobs/29/29f71e2e65b31f0d3c1f0b6775482351c4837148e4d1773fac4cb35127dc58f4.png,.png,image,deploy,game_ready_source;processed_source;runtime_candidate;selected_source;stage_evidence,sources/draw/20_processed/ui_deploy_icon/ui_icon_armor.png,5,03_selected;05_export_runtime_candidates;20_processed;30_game_ready;stage_output,ui_icon_armor.png,0,1,res://assets/ui/deploy/icons/ui_icon_armor.png,base_source_evidence_only,pending_verification,pending_review,not_admitted,runtime_crosswalk_required,Exact runtime bytes exist; authority is decided per runtime row.
2A0B18CA4B9868F9CA200872A924307B380445397BC4B454FF922B2109EBAB39,sources/base/美术素材/blobs/2a/2a0b18ca4b9868f9ca200872a924307b380445397bc4b454ff922b2109ebab39.png,.png,image,actor_animation_source,game_ready_source;processed_source;source_reference,sources/draw/20_processed/characters/huanxiong/frames/06_left_walk_1.png,3,20_processed;30_game_ready;art_other,06_left_walk_1.png,7,0,,base_source_evidence_only,pending_verification,pending_review,not_admitted,base_reference_only_pending_promotion,Retained as source/reference; not admitted to runtime.
2B1F1E10F40A7E125C8A056C9F03CA089CC7666587A6B803FA9354E9336AB3E8,sources/base/美术素材/blobs/2b/2b1f1e10f40a7e125c8a056c9f03ca089cc7666587a6b803fa9354e9336ab3e8.png,.png,image,ui_component,game_ready_source;runtime_candidate;selected_source,sources/draw/30_game_ready/ui/icons/xuetiao_tianchong.png,3,03_selected;05_export_runtime_candidates;30_game_ready,xuetiao_tianchong.png,1,1,res://assets/ui/icons/xuetiao_tianchong.png,base_source_evidence_only,pending_verification,pending_review,not_admitted,runtime_crosswalk_required,Exact runtime bytes exist; authority is decided per runtime row.
2B20665779D2B4B123B7D35246F38D04ED8C66DC8DA37565DC0125F6C06457C9,sources/base/美术素材/blobs/2b/2b20665779d2b4b123b7d35246f38d04ed8c66dc8da37565dc0125f6c06457c9.png,.png,image,source_composite,working_candidate,sources/draw/10_working/candidates/5/5_candidate_006.png,1,10_working,5_candidate_006.png,0,0,,base_source_evidence_only,pending_verification,pending_review,not_admitted,base_reference_only_pending_promotion,Retained as source/reference; not admitted to runtime.
2B3E7A1742C7BE4A9B5D46E7012E0A8DC8FFA170E538DAE4F63FF96045B0EC73,sources/base/美术素材/blobs/2b/2b3e7a1742c7be4a9b5d46e7012e0a8dc8ffa170e538dae4f63ff96045b0ec73.png,.png,image,uncategorized_image,working_candidate,sources/draw/10_working/candidates/1/1_candidate_019.png,1,10_working,1_candidate_019.png,0,0,,base_source_evidence_only,pending_verification,pending_review,not_admitted,base_reference_only_pending_promotion,Retained as source/reference; not admitted to runtime.
2B4ED99884371A7A9DE900638E0C6248EFD99911A42F2A8DA536E00965603FC7,sources/base/美术素材/blobs/2b/2b4ed99884371a7a9de900638e0c6248efd99911a42f2a8da536e00965603fc7.png,.png,image,source_composite,working_candidate,sources/draw/10_working/candidates/Zuhe2/Zuhe2_candidate_074.png,1,10_working,Zuhe2_candidate_074.png,0,0,,base_source_evidence_only,pending_verification,pending_review,not_admitted,base_reference_only_pending_promotion,Retained as source/reference; not admitted to runtime.
2C14B2C5F9592F0812A499F436CF0E7909A50054E4E0B7A6641E3BC6F66E2706,sources/base/美术素材/blobs/2c/2c14b2c5f9592f0812a499f436cf0e7909a50054e4e0b7a6641e3bc6f66e2706.png,.png,image,source_composite,working_candidate,sources/draw/10_working/candidates/Zuhe/Zuhe_candidate_029.png,1,10_working,Zuhe_candidate_029.png,0,0,,base_source_evidence_only,pending_verification,pending_review,not_admitted,base_reference_only_pending_promotion,Retained as source/reference; not admitted to runtime.
2C528551A6504AD7E12D837B554A121EBE32C03C850832C99CE4B7D2F8AF8586,sources/base/美术素材/blobs/2c/2c528551a6504ad7e12d837b554a121ebe32c03c850832c99ce4b7d2f8af8586.png,.png,image,source_composite,working_candidate,sources/draw/10_working/candidates/4/4_candidate_041.png,1,10_working,4_candidate_041.png,0,0,,base_source_evidence_only,pending_verification,pending_review,not_admitted,base_reference_only_pending_promotion,Retained as source/reference; not admitted to runtime.
2CD48196640B901CE98744B568F935468529312B3341534B2AC6CED4ED1CAEAD,sources/base/美术素材/blobs/2c/2cd48196640b901ce98744b568f935468529312b3341534b2ac6ced4ed1caead.png,.png,image,source_composite,working_candidate,sources/draw/10_working/candidates/Zuhe2/Zuhe2_candidate_089.png,1,10_working,Zuhe2_candidate_089.png,0,0,,base_source_evidence_only,pending_verification,pending_review,not_admitted,base_reference_only_pending_promotion,Retained as source/reference; not admitted to runtime.
2D0DE85156833AF7273C02E014DAB23EE470DC8680135D3ECB97E5388B038097,sources/base/美术素材/blobs/2d/2d0de85156833af7273c02e014dab23ee470dc8680135d3ecb97e5388b038097.png,.png,image,source_composite,working_candidate,sources/draw/10_working/candidates/4/4_candidate_031.png,1,10_working,4_candidate_031.png,0,0,,base_source_evidence_only,pending_verification,pending_review,not_admitted,base_reference_only_pending_promotion,Retained as source/reference; not admitted to runtime.
2D6989064AC3315B9B122E07901F71F0A86E31184FFE27C532829732D66E7253,sources/base/美术素材/blobs/2d/2d6989064ac3315b9b122e07901f71f0a86e31184ffe27c532829732d66e7253.png,.png,image,source_composite,working_candidate,sources/draw/10_working/candidates/Zuhe/Zuhe_candidate_047.png,1,10_working,Zuhe_candidate_047.png,0,0,,base_source_evidence_only,pending_verification,pending_review,not_admitted,base_reference_only_pending_promotion,Retained as source/reference; not admitted to runtime.
2DB93755DE894BA51A4E5AC4FD44C6CB8C4C5599133BB8351AD3FC1C559F889A,sources/base/美术素材/blobs/2d/2db93755de894ba51a4e5ac4fd44c6cb8c4c5599133bb8351ad3fc1c559f889a.png,.png,image,actor_animation_source,source_reference,sources/draw/processed/Huanxionggai/05_back_walk_1.png,1,draw_other,05_back_walk_1.png,7,0,,base_source_evidence_only,pending_verification,pending_review,not_admitted,base_reference_only_pending_promotion,Retained as source/reference; not admitted to runtime.
2DBB12E9DEB380A1C8A0BC39487ED91B06C12F7139D2ED5C9EA97B6BDC369A6A,sources/base/美术素材/blobs/2d/2dbb12e9deb380a1c8a0bc39487ed91b06c12f7139d2ed5c9ea97b6bdc369a6a.png,.png,image,source_composite,working_candidate,sources/draw/10_working/candidates/1/1_candidate_035.png,1,10_working,1_candidate_035.png,0,0,,base_source_evidence_only,pending_verification,pending_review,not_admitted,base_reference_only_pending_promotion,Retained as source/reference; not admitted to runtime.
2DCD2615FFB6CDD7D0802559C6E2CC75949856251ADF83501BA7C717AB466301,sources/base/美术素材/blobs/2d/2dcd2615ffb6cdd7d0802559c6e2cc75949856251adf83501ba7c717ab466301.png,.png,image,actor_animation_source,game_ready_source;processed_source;source_reference,sources/draw/20_processed/characters/mao/frames/09_back_walk_2.png,3,20_processed;30_game_ready;art_other,09_back_walk_2.png,7,0,,base_source_evidence_only,pending_verification,pending_review,not_admitted,base_reference_only_pending_promotion,Retained as source/reference; not admitted to runtime.
2DD8216700B9A63BED850FA883ECDB326666CDCC1DF3B1A8DCAB423E4EC5E1DA,sources/base/美术素材/blobs/2d/2dd8216700b9a63bed850fa883ecdb326666cdcc1df3b1a8dcab423e4ec5e1da.png,.png,image,source_composite,working_candidate,sources/draw/10_working/candidates/3/3_candidate_024.png,1,10_working,3_candidate_024.png,0,0,,base_source_evidence_only,pending_verification,pending_review,not_admitted,base_reference_only_pending_promotion,Retained as source/reference; not admitted to runtime.
2E09EAD238EE0EF0461191FC8A0005607AA2A6A7215CB9EB81939F231563E7CF,sources/base/美术素材/blobs/2e/2e09ead238ee0ef0461191fc8a0005607aa2a6a7215cb9eb81939f231563e7cf.png,.png,image,uncategorized_image,working_candidate,sources/draw/10_working/candidates/1/1_candidate_028.png,1,10_working,1_candidate_028.png,0,0,,base_source_evidence_only,pending_verification,pending_review,not_admitted,base_reference_only_pending_promotion,Retained as source/reference; not admitted to runtime.
2E3033501F4671AF184666287FEAB0A29E584120E6D3AD17BFCCDCB49641A0E9,sources/base/美术素材/blobs/2e/2e3033501f4671af184666287feab0a29e584120e6d3ad17bfccdcb49641a0e9.png,.png,image,source_composite,working_candidate,sources/draw/10_working/candidates/Zujian3/Zujian3_candidate_006.png,1,10_working,Zujian3_candidate_006.png,0,0,,base_source_evidence_only,pending_verification,pending_review,not_admitted,base_reference_only_pending_promotion,Retained as source/reference; not admitted to runtime.
2E56CC9649A6C019931D62D0749039ECB2E3986A5CE6B30EAA928C28BB47C73D,sources/base/美术素材/blobs/2e/2e56cc9649a6c019931d62d0749039ecb2e3986a5ce6b30eaa928c28bb47c73d.png,.png,image,source_composite,working_candidate,sources/draw/10_working/candidates/Zujian2/Zujian2_candidate_012.png,1,10_working,Zujian2_candidate_012.png,0,0,,base_source_evidence_only,pending_verification,pending_review,not_admitted,base_reference_only_pending_promotion,Retained as source/reference; not admitted to runtime.
2EF92773BC0C61F99F02F9655B2564799347F709648EDA21952186E1DFAE945A,sources/base/美术素材/blobs/2e/2ef92773bc0c61f99f02f9655b2564799347f709648eda21952186e1dfae945a.png,.png,image,source_composite,working_candidate,sources/draw/10_working/candidates/3/3_candidate_054.png,1,10_working,3_candidate_054.png,0,0,,base_source_evidence_only,pending_verification,pending_review,not_admitted,base_reference_only_pending_promotion,Retained as source/reference; not admitted to runtime.
2F16BD615FB6904A1FE546458420F213AACB5BC6D182E0966D31F29A0CCE1039,sources/base/美术素材/blobs/2f/2f16bd615fb6904a1fe546458420f213aacb5bc6d182e0966d31f29a0cce1039.png,.png,image,source_composite,working_candidate,sources/draw/10_working/candidates/4/4_candidate_044.png,1,10_working,4_candidate_044.png,0,0,,base_source_evidence_only,pending_verification,pending_review,not_admitted,base_reference_only_pending_promotion,Retained as source/reference; not admitted to runtime.
2F50F2800CC338737A1D4DF2E72A40F427D41C02F62E418FFC61665B5BE95893,sources/base/美术素材/blobs/2f/2f50f2800cc338737a1d4df2e72a40f427d41c02f62e418ffc61665b5be95893.png,.png,image,source_composite,working_candidate,sources/draw/10_working/candidates/4/4_candidate_034.png,1,10_working,4_candidate_034.png,0,0,,base_source_evidence_only,pending_verification,pending_review,not_admitted,base_reference_only_pending_promotion,Retained as source/reference; not admitted to runtime.
2F832C4B4DE0DF4262F82B6F5FA594837FE417B1D8CB19411E610C1B233C22AD,sources/base/美术素材/blobs/2f/2f832c4b4de0df4262f82b6f5fa594837fe417b1d8cb19411e610c1b233c22ad.png,.png,image,actor_animation_source,game_ready_source;processed_source;source_reference,sources/draw/20_processed/characters/tuzi/frames/09_back_walk_2.png,3,20_processed;30_game_ready;art_other,09_back_walk_2.png,7,0,,base_source_evidence_only,pending_verification,pending_review,not_admitted,base_reference_only_pending_promotion,Retained as source/reference; not admitted to runtime.
2FAA1604C8F583E61E69ADF61329B7EB9BD201B8E229362F3E48C1EEEB1E7799,sources/base/美术素材/blobs/2f/2faa1604c8f583e61e69adf61329b7eb9bd201b8e229362f3e48c1eeeb1e7799.png,.png,image,ui_component,stage_evidence,sources/art/ART-20/03_cut_output/run_hud/run_bottom_key_bar_button/run_bottom_key_bar_button_ui_button_blank_dark.png,1,stage_output,run_bottom_key_bar_button_ui_button_blank_dark.png,0,0,,base_source_evidence_only,pending_verification,pending_review,not_admitted,base_reference_only_pending_promotion,Retained as source/reference; not admitted to runtime.
2FE6687C3A1DF378CD2CFAD3BAF39A4D5126068113979EBCD385FB3C357F8DA8,sources/base/美术素材/blobs/2f/2fe6687c3a1df378cd2cfad3baf39a4d5126068113979ebcd385fb3c357f8da8.png,.png,image,actor_animation_source,game_ready_source;processed_source;source_reference,sources/draw/20_processed/characters/mao/frames/02_left_idle.png,3,20_processed;30_game_ready;art_other,02_left_idle.png,7,0,,base_source_evidence_only,pending_verification,pending_review,not_admitted,base_reference_only_pending_promotion,Retained as source/reference; not admitted to runtime.
3067171D9914B6B4DF7D742479CFA94CC11D533F21B28F2F501F92F07D50393C,sources/base/美术素材/blobs/30/3067171d9914b6b4df7d742479cfa94cc11d533f21b28f2f501f92f07d50393c.png,.png,image,source_composite,working_candidate,sources/draw/10_working/candidates/Zuhe2/Zuhe2_candidate_097.png,1,10_working,Zuhe2_candidate_097.png,0,0,,base_source_evidence_only,pending_verification,pending_review,not_admitted,base_reference_only_pending_promotion,Retained as source/reference; not admitted to runtime.
309908BC49A303CC3A5D7D448B433F41FBAFB6F5B8517CE9F8525C181554C202,sources/base/美术素材/blobs/30/309908bc49a303cc3a5d7d448b433f41fbafb6f5b8517ce9f8525c181554c202.png,.png,image,source_composite,working_candidate,sources/draw/10_working/candidates/2/2_candidate_023.png,1,10_working,2_candidate_023.png,0,0,,base_source_evidence_only,pending_verification,pending_review,not_admitted,base_reference_only_pending_promotion,Retained as source/reference; not admitted to runtime.
30BAC2D650CB3231E74758E91D31F1448F92CE851FA7560123CC2DAB1D45EFF6,sources/base/美术素材/blobs/30/30bac2d650cb3231e74758e91d31f1448f92ce851fa7560123cc2dab1d45eff6.png,.png,image,source_composite,working_candidate,sources/draw/10_working/candidates/5/5_candidate_044.png,1,10_working,5_candidate_044.png,0,0,,base_source_evidence_only,pending_verification,pending_review,not_admitted,base_reference_only_pending_promotion,Retained as source/reference; not admitted to runtime.
30E288965F1CCA6EF6E0B197F92A0996244C1AD0F522D68F26CCE278088626AD,sources/base/美术素材/blobs/30/30e288965f1cca6ef6e0b197f92a0996244c1ad0f522d68f26cce278088626ad.png,.png,image,iconography,processed_source,sources/draw/20_processed/icons/raw/10_yiqingli_icon.png,1,20_processed,10_yiqingli_icon.png,2,0,,base_source_evidence_only,pending_verification,pending_review,not_admitted,base_reference_only_pending_promotion,Retained as source/reference; not admitted to runtime.
311AFD33C105CB4F4997671E6D113118708CFF1319B8F1D61AE5E8A49603226B,sources/base/美术素材/blobs/31/311afd33c105cb4f4997671e6d113118708cff1319b8f1d61ae5e8a49603226b.png,.png,image,source_composite,working_candidate,sources/draw/10_working/candidates/5/5_candidate_034.png,1,10_working,5_candidate_034.png,0,0,,base_source_evidence_only,pending_verification,pending_review,not_admitted,base_reference_only_pending_promotion,Retained as source/reference; not admitted to runtime.
3121C60123D804869580215D63CA8FD7BAA0FDCF3C5118A548E763F34E16DFBB,sources/base/美术素材/blobs/31/3121c60123d804869580215d63ca8fd7baa0fdcf3c5118a548e763f34e16dfbb.csv,.csv,table,source_registry,stage_evidence,sources/art/ART-21R2/_manifest/map_overlay_marker_staging_manifest.csv,1,stage_output,map_overlay_marker_staging_manifest.csv,0,0,,base_source_evidence_only,pending_verification,pending_review,not_admitted,source_support_not_runtime_art,"Registry, metadata, document, or other support object."
3152AE6376B3265C1F1DD56F11FA110802726DE770468195C6C7BCC3C64322DF,sources/base/美术素材/blobs/31/3152ae6376b3265c1f1dd56f11fa110802726de770468195c6c7bcc3c64322df.png,.png,image,actor_animation_source,game_ready_source;processed_source;source_reference,sources/draw/20_processed/characters/tuzi/frames/04_front_walk_1.png,3,20_processed;30_game_ready;art_other,04_front_walk_1.png,7,0,,base_source_evidence_only,pending_verification,pending_review,not_admitted,base_reference_only_pending_promotion,Retained as source/reference; not admitted to runtime.
316453D913315C34C0DB493D0C62E461DFFD9D423C0B195C588426F838A3017D,sources/base/美术素材/blobs/31/316453d913315c34c0db493d0c62e461dffd9d423c0b195c588426f838a3017d.png,.png,image,iconography,game_ready_source;processed_source,sources/draw/20_processed/ui_icon/ui_icon_account_gold.png,2,20_processed;30_game_ready,ui_icon_account_gold.png,0,1,res://assets/ui/common/gold_icon.png,base_source_evidence_only,pending_verification,pending_review,not_admitted,runtime_crosswalk_required,Exact runtime bytes exist; authority is decided per runtime row.
318785A2715AED068B8FEF568C0A446A70B17CC448098A7B00CAC8AE00EA698F,sources/base/美术素材/blobs/31/318785a2715aed068b8fef568c0a446a70b17cc448098a7b00cac8ae00ea698f.png,.png,image,source_composite,working_candidate,sources/draw/10_working/candidates/Zuhe/Zuhe_candidate_052.png,1,10_working,Zuhe_candidate_052.png,0,0,,base_source_evidence_only,pending_verification,pending_review,not_admitted,base_reference_only_pending_promotion,Retained as source/reference; not admitted to runtime.
320F39D177D090A3DE5A3E150F5CF9DB217DA01D93C61BBEF0E61B48AC00C620,sources/base/美术素材/blobs/32/320f39d177d090a3de5a3e150f5cf9db217da01d93c61bbef0e61b48ac00c620.png,.png,image,item,processed_source,sources/draw/20_processed/item_recovered/item_chest_open.png,1,20_processed,item_chest_open.png,0,0,,base_source_evidence_only,pending_verification,pending_review,not_admitted,base_reference_only_pending_promotion,Retained as source/reference; not admitted to runtime.
3295CAA4F282540E7F982C20D4AD048790EA3F7ACF73F83AF198C59E2CB0DA09,sources/base/美术素材/blobs/32/3295caa4f282540e7f982c20d4ad048790ea3f7acf73f83af198c59e2cb0da09.png,.png,image,map,stage_evidence,sources/art/ART-21/03_cut_output/map/ui_art21_map_cell_explored.png,2,stage_output,ui_art21_map_cell_explored.png,0,1,res://assets/ui/art21/map/ui_art21_map_cell_explored.png,base_source_evidence_only,pending_verification,pending_review,not_admitted,runtime_crosswalk_required,Exact runtime bytes exist; authority is decided per runtime row.
32AFBE783A638122C3E328231F615BF605ED72FDC393DBA31CA4399660EC9946,sources/base/美术素材/blobs/32/32afbe783a638122c3e328231f615bf605ed72fdc393dba31ca4399660ec9946.png,.png,image,source_composite,working_candidate,sources/draw/10_working/candidates/1/1_candidate_006.png,1,10_working,1_candidate_006.png,0,0,,base_source_evidence_only,pending_verification,pending_review,not_admitted,base_reference_only_pending_promotion,Retained as source/reference; not admitted to runtime.
32D6308D1BC908C7E1EF1D6FF34DF998889AC520591A64A950139D2FE7996F54,sources/base/美术素材/blobs/32/32d6308d1bc908c7e1ef1d6ff34df998889ac520591a64a950139d2fe7996f54.json,.json,metadata,source_metadata,stage_evidence,sources/art/ART-21R2/_manifest/modal_section_cut_summary.json,1,stage_output,modal_section_cut_summary.json,0,0,,base_source_evidence_only,pending_verification,pending_review,not_admitted,source_support_not_runtime_art,"Registry, metadata, document, or other support object."
339826ACF7CEB1736B2A3D4B172022B0CD1ACE084AC49FEAA2DF65D5793C4A35,sources/base/美术素材/blobs/33/339826acf7ceb1736b2a3d4b172022b0cd1ace084ac49feaa2df65d5793c4a35.png,.png,image,item,game_ready_source;processed_source;runtime_candidate;selected_source;stage_evidence,sources/draw/20_processed/item_equipment/item_equipment_flashlight.png,5,03_selected;05_export_runtime_candidates;20_processed;30_game_ready;stage_output,item_equipment_flashlight.png,0,1,res://assets/items/equipment/item_equipment_flashlight.png,base_source_evidence_only,pending_verification,pending_review,not_admitted,runtime_crosswalk_required,Exact runtime bytes exist; authority is decided per runtime row.
339C30A1AADB37EE5813DFFD1D7EAF64F86B9BF7BEAAF1F7AD370E7C637C571C,sources/base/美术素材/blobs/33/339c30a1aadb37ee5813dffd1d7eaf64f86b9bf7beaaf1f7ad370e7c637c571c.json,.json,metadata,source_metadata,stage_evidence,sources/art/ART-21R2/_manifest/modal_cut_summary.json,1,stage_output,modal_cut_summary.json,0,0,,base_source_evidence_only,pending_verification,pending_review,not_admitted,source_support_not_runtime_art,"Registry, metadata, document, or other support object."
33C925C169926E7B3F6F6B912BBE5439F7CA16E0AAC835663FD92E8A838D194A,sources/base/美术素材/blobs/33/33c925c169926e7b3f6f6b912bbe5439f7ca16e0aac835663fd92e8a838d194a.png,.png,image,actor_animation_source,game_ready_source;processed_source;source_reference,sources/draw/20_processed/characters/huli/frames/08_front_walk_2.png,3,20_processed;30_game_ready;art_other,08_front_walk_2.png,7,0,,base_source_evidence_only,pending_verification,pending_review,not_admitted,base_reference_only_pending_promotion,Retained as source/reference; not admitted to runtime.
33C94D0A0891A6825A3BFA513690F5D270173021EE583382B1F2C36563DD9A06,sources/base/美术素材/blobs/33/33c94d0a0891a6825a3bfa513690f5d270173021ee583382b1f2c36563dd9a06.png,.png,image,debug_artifact,source_reference,sources/draw/processed/Maogai/debug_detected_boxes.png,1,draw_other,debug_detected_boxes.png,12,0,,base_source_evidence_only,pending_verification,pending_review,not_admitted,base_reference_only_pending_promotion,Retained as source/reference; not admitted to runtime.
33CACC66B431646E6159434F61EFFBDE04F3FFDDE638F142477C4D53C5E0774C,sources/base/美术素材/blobs/33/33cacc66b431646e6159434f61effbde04f3ffdde638f142477c4d53c5e0774c.png,.png,image,uncategorized_image,working_candidate,sources/draw/10_working/candidates/2/2_candidate_059.png,1,10_working,2_candidate_059.png,0,0,,base_source_evidence_only,pending_verification,pending_review,not_admitted,base_reference_only_pending_promotion,Retained as source/reference; not admitted to runtime.
33D0ACE9D5A62AC1AE1B3C29EDD511851FB6348A5FDEB4F0D5021CD690055272,sources/base/美术素材/blobs/33/33d0ace9d5a62ac1ae1b3c29edd511851fb6348a5fdeb4f0d5021cd690055272.png,.png,image,source_composite,working_candidate,sources/draw/10_working/candidates/5/5_candidate_046.png,1,10_working,5_candidate_046.png,0,0,,base_source_evidence_only,pending_verification,pending_review,not_admitted,base_reference_only_pending_promotion,Retained as source/reference; not admitted to runtime.
341D90616A28BDFB5E4557FAB0CF69AAD9623DD037F78F52E924E0A456634D82,sources/base/美术素材/blobs/34/341d90616a28bdfb5e4557fab0cf69aad9623dd037f78f52e924e0a456634d82.png,.png,image,ui_component,stage_evidence,sources/art/ART-21R2/03_cut_output/modal_controls/ui_art21r2_modal_button_danger.png,1,stage_output,ui_art21r2_modal_button_danger.png,0,1,res://assets/ui/art21r2/modal/ui_art21r2_modal_button_danger.png,base_source_evidence_only,pending_verification,pending_review,not_admitted,runtime_crosswalk_required,Exact runtime bytes exist; authority is decided per runtime row.
346B03409EBBDBA06125A43A6B4A5E553A6BDDEAA883ADEDFC7B7FCC69911548,sources/base/美术素材/blobs/34/346b03409ebbdba06125a43a6b4a5e553a6bddeaa883adedfc7b7fcc69911548.png,.png,image,source_composite,working_candidate,sources/draw/10_working/candidates/Zuhe2/Zuhe2_candidate_068.png,1,10_working,Zuhe2_candidate_068.png,0,0,,base_source_evidence_only,pending_verification,pending_review,not_admitted,base_reference_only_pending_promotion,Retained as source/reference; not admitted to runtime.
348E3693A8200A65B8359376CAB04F03D68CB4384B1449088AD8370C82D9117C,sources/base/美术素材/blobs/34/348e3693a8200a65b8359376cab04f03d68cb4384b1449088ad8370c82d9117c.png,.png,image,actor_animation_source,source_reference,sources/draw/processed/HUligai/11_right_walk_2.png,1,draw_other,11_right_walk_2.png,7,0,,base_source_evidence_only,pending_verification,pending_review,not_admitted,base_reference_only_pending_promotion,Retained as source/reference; not admitted to runtime.
34DB91EC2128CD00E57CDB72B5CBF15A5507755DC23293AC93B48E7D021DAD85,sources/base/美术素材/blobs/34/34db91ec2128cd00e57cdb72b5cbf15a5507755dc23293ac93b48e7d021dad85.png,.png,image,source_composite,working_candidate,sources/draw/10_working/candidates/2/2_candidate_024.png,1,10_working,2_candidate_024.png,0,0,,base_source_evidence_only,pending_verification,pending_review,not_admitted,base_reference_only_pending_promotion,Retained as source/reference; not admitted to runtime.
3536FFC71EA3F8860DD5FCE7A2EF30E2E1B2D1F307C2AD91CE07E7BF23DF4D1E,sources/base/美术素材/blobs/35/3536ffc71ea3f8860dd5fce7a2ef30e2e1b2d1f307c2ad91ce07e7bf23df4d1e.json,.json,metadata,source_metadata,processed_source,sources/draw/20_processed/props/manifest.json,1,20_processed,manifest.json,11,0,,base_source_evidence_only,pending_verification,pending_review,not_admitted,source_support_not_runtime_art,"Registry, metadata, document, or other support object."
35845CA453B827C43CD5DF851B4F92829456E28C0ABAAF214A1B22EBEE3141DA,sources/base/美术素材/blobs/35/35845ca453b827c43cd5df851b4f92829456e28c0abaaf214a1b22ebee3141da.png,.png,image,world_prop,processed_source,sources/draw/20_processed/props/raw/11_wuzi_xiang.png,1,20_processed,11_wuzi_xiang.png,1,0,,base_source_evidence_only,pending_verification,pending_review,not_admitted,base_reference_only_pending_promotion,Retained as source/reference; not admitted to runtime.
3668DEE695A209CBFDE5246CF86A93E92596D6D022F22C27C2EEC8B745B8891E,sources/base/美术素材/blobs/36/3668dee695a209cbfde5246cf86a93e92596d6d022f22c27c2eec8b745b8891e.png,.png,image,source_composite,working_candidate,sources/draw/10_working/candidates/Zuhe2/Zuhe2_candidate_031.png,1,10_working,Zuhe2_candidate_031.png,0,0,,base_source_evidence_only,pending_verification,pending_review,not_admitted,base_reference_only_pending_promotion,Retained as source/reference; not admitted to runtime.
368FE74A54156EC4E31DD517BE74C0569F8233831F824081C03F96ADC52BBB78,sources/base/美术素材/blobs/36/368fe74a54156ec4e31dd517be74c0569f8233831f824081c03f96adc52bbb78.png,.png,image,source_composite,working_candidate,sources/draw/10_working/candidates/2/2_candidate_055.png,1,10_working,2_candidate_055.png,0,0,,base_source_evidence_only,pending_verification,pending_review,not_admitted,base_reference_only_pending_promotion,Retained as source/reference; not admitted to runtime.
379A5FF323D78C2766993C24FC262BADCF10D008E4EB995821367BF7BE921D02,sources/base/美术素材/blobs/37/379a5ff323d78c2766993c24fc262badcf10d008e4eb995821367bf7be921d02.png,.png,image,deploy,stage_evidence,sources/art/ART-20/03_cut_output/deploy_prep/deploy_equipment_slot/deploy_equipment_slot_ui_icon_bandage.png,1,stage_output,deploy_equipment_slot_ui_icon_bandage.png,0,1,res://assets/ui/art20/deploy/icons/deploy_equipment_slot_ui_icon_bandage.png,base_source_evidence_only,pending_verification,pending_review,not_admitted,runtime_crosswalk_required,Exact runtime bytes exist; authority is decided per runtime row.
3869461FBEF3CDEB66F16FA874610306C0E9E0C836E523022B33E526A743DD6B,sources/base/美术素材/blobs/38/3869461fbef3cdeb66f16fa874610306c0e9e0c836e523022b33e526a743dd6b.png,.png,image,uncategorized_image,game_ready_source,sources/draw/30_game_ready/icons/64/02_yitan_ge.png,1,30_game_ready,02_yitan_ge.png,2,1,res://assets/ui/art19/map64/explored_cell_64.png,base_source_evidence_only,pending_verification,pending_review,not_admitted,runtime_crosswalk_required,Exact runtime bytes exist; authority is decided per runtime row.
38A3CD8D0FCE2B538A37E2CDC8DDAF1186DB243A7F0541B65C806FC2D085F4E0,sources/base/美术素材/blobs/38/38a3cd8d0fce2b538a37e2cdc8ddaf1186db243a7f0541b65c806fc2d085f4e0.png,.png,image,source_composite,working_candidate,sources/draw/10_working/candidates/4/4_candidate_013.png,1,10_working,4_candidate_013.png,0,0,,base_source_evidence_only,pending_verification,pending_review,not_admitted,base_reference_only_pending_promotion,Retained as source/reference; not admitted to runtime.
38AD107A0AE8B34666480F97D7962A8406D6B89AB42235E18ADC42F3B51E4295,sources/base/美术素材/blobs/38/38ad107a0ae8b34666480f97d7962a8406d6b89ab42235e18adc42f3b51e4295.png,.png,image,reference_capture,stage_evidence,sources/art/ART-14/屏幕截图 2026-06-29 095441.png,1,stage_output,屏幕截图 2026-06-29 095441.png,0,0,,base_source_evidence_only,pending_verification,pending_review,not_admitted,base_reference_only_pending_promotion,Retained as source/reference; not admitted to runtime.
39143D8A5DC8CBE0419141FCA3D3AE7F1B88744D6CD93D12B1E661F1FD41C724,sources/base/美术素材/blobs/39/39143d8a5dc8cbe0419141fca3d3ae7f1b88744d6cd93d12b1e661f1fd41c724.png,.png,image,source_composite,working_candidate,sources/draw/10_working/candidates/Zuhe2/Zuhe2_candidate_117.png,1,10_working,Zuhe2_candidate_117.png,0,0,,base_source_evidence_only,pending_verification,pending_review,not_admitted,base_reference_only_pending_promotion,Retained as source/reference; not admitted to runtime.
3925829A2BB88C732FAF2231FA09BBAF73883A509391F3366E194C8B29D09B5D,sources/base/美术素材/blobs/39/3925829a2bb88c732faf2231fa09bbaf73883a509391f3366e194c8b29d09b5d.png,.png,image,uncategorized_image,working_candidate,sources/draw/10_working/candidates/3/3_candidate_007.png,1,10_working,3_candidate_007.png,0,0,,base_source_evidence_only,pending_verification,pending_review,not_admitted,base_reference_only_pending_promotion,Retained as source/reference; not admitted to runtime.
392A9405F64EE4731BA7058A4A743E36550AB0CDB2468D99997DA5B56E40FBFE,sources/base/美术素材/blobs/39/392a9405f64ee4731ba7058a4a743e36550ab0cdb2468d99997da5b56e40fbfe.png,.png,image,iconography,processed_source,sources/draw/20_processed/ui/raw/beibao_icon.png,1,20_processed,beibao_icon.png,0,1,res://assets/art24/ui/ue/ui_icon_backpack.png,base_source_evidence_only,pending_verification,pending_review,not_admitted,runtime_crosswalk_required,Exact runtime bytes exist; authority is decided per runtime row.
394D43C7126742C301BF813758CFAABF9679D0C7933D30E7EC597D9BE9D33C40,sources/base/美术素材/blobs/39/394d43c7126742c301bf813758cfaabf9679d0c7933d30e7ec597d9be9d33c40.json,.json,metadata,source_metadata,source_reference,sources/draw/_manifest/asset_manifest.json,1,draw_other,asset_manifest.json,0,0,,base_source_evidence_only,pending_verification,pending_review,not_admitted,source_support_not_runtime_art,"Registry, metadata, document, or other support object."
398C1AC14CCD2E51E50EA7F13658C4225A3F9C1FD12EB1048FFFB4A6A2509F68,sources/base/美术素材/blobs/39/398c1ac14ccd2e51e50ea7f13658c4225a3f9c1fd12eb1048fffb4a6a2509f68.png,.png,image,uncategorized_image,working_candidate,sources/draw/10_working/candidates/1/1_candidate_027.png,1,10_working,1_candidate_027.png,0,0,,base_source_evidence_only,pending_verification,pending_review,not_admitted,base_reference_only_pending_promotion,Retained as source/reference; not admitted to runtime.
3A4D3445312B5611B7F9FA9066FBE7FB666C48A074579BE7D303003CC9C0180A,sources/base/美术素材/blobs/3a/3a4d3445312b5611b7f9fa9066fbe7fb666c48a074579be7d303003cc9c0180a.png,.png,image,world_prop,game_ready_source;runtime_candidate;selected_source,sources/draw/30_game_ready/props/00_baoxiang_kai.png,3,03_selected;05_export_runtime_candidates;30_game_ready,00_baoxiang_kai.png,1,1,res://assets/props/art07/00_baoxiang_kai.png,base_source_evidence_only,pending_verification,pending_review,not_admitted,runtime_crosswalk_required,Exact runtime bytes exist; authority is decided per runtime row.
3A8096B7239B7BA9E2470977603D66D850A08B3565DF463B5A492071A681DB60,sources/base/美术素材/blobs/3a/3a8096b7239b7ba9e2470977603d66d850a08b3565df463b5a492071a681db60.png,.png,image,deploy,stage_evidence,sources/art/ART-20/03_cut_output/deploy_prep/deploy_equipment_slot/deploy_equipment_slot_ui_icon_backpack.png,1,stage_output,deploy_equipment_slot_ui_icon_backpack.png,0,1,res://assets/ui/art20/deploy/icons/deploy_equipment_slot_ui_icon_backpack.png,base_source_evidence_only,pending_verification,pending_review,not_admitted,runtime_crosswalk_required,Exact runtime bytes exist; authority is decided per runtime row.
3A9112636A55ABB4135555F1A29D0F1630697156073205537F18DC6F736DE50F,sources/base/美术素材/blobs/3a/3a9112636a55abb4135555f1a29d0f1630697156073205537f18dc6f736de50f.png,.png,image,actor_animation_source,source_reference,sources/draw/processed/Maogai/06_left_walk_1.png,1,draw_other,06_left_walk_1.png,7,0,,base_source_evidence_only,pending_verification,pending_review,not_admitted,base_reference_only_pending_promotion,Retained as source/reference; not admitted to runtime.
3A9567505AA0D68CB25992B49D95F7F750E2797C21417C4B763DFC2322DBC64E,sources/base/美术素材/blobs/3a/3a9567505aa0d68cb25992b49d95f7f750e2797c21417c4b763dfc2322dbc64e.png,.png,image,source_composite,working_candidate,sources/draw/10_working/candidates/Zuhe/Zuhe_candidate_044.png,1,10_working,Zuhe_candidate_044.png,0,0,,base_source_evidence_only,pending_verification,pending_review,not_admitted,base_reference_only_pending_promotion,Retained as source/reference; not admitted to runtime.
3B41F16C4BB497B5D90CDC63D5D806ED7DA06B16F17DD09CD0A4EFF9F9728B75,sources/base/美术素材/blobs/3b/3b41f16c4bb497b5d90cdc63d5d806ed7da06b16f17dd09cd0a4eff9f9728b75.png,.png,image,actor_animation_source,source_reference,sources/draw/processed/HUligai/05_back_walk_1.png,1,draw_other,05_back_walk_1.png,7,0,,base_source_evidence_only,pending_verification,pending_review,not_admitted,base_reference_only_pending_promotion,Retained as source/reference; not admitted to runtime.
3B6AF928401AD5D0142C382D165CDDF6F4FA2A03C2AB12694169D996C30377FA,sources/base/美术素材/blobs/3b/3b6af928401ad5d0142c382d165cddf6f4fa2a03c2ab12694169d996c30377fa.png,.png,image,source_composite,working_candidate,sources/draw/10_working/candidates/4/4_candidate_045.png,1,10_working,4_candidate_045.png,0,0,,base_source_evidence_only,pending_verification,pending_review,not_admitted,base_reference_only_pending_promotion,Retained as source/reference; not admitted to runtime.
3BDD5FF78775DCC92DD4B92F92C029BC850A0ABB455AC4AC53C6DF9F90C2B252,sources/base/美术素材/blobs/3b/3bdd5ff78775dcc92dd4b92f92c029bc850a0abb455ac4ac53c6df9f90c2b252.png,.png,image,source_composite,working_candidate,sources/draw/10_working/candidates/4/4_candidate_033.png,1,10_working,4_candidate_033.png,0,0,,base_source_evidence_only,pending_verification,pending_review,not_admitted,base_reference_only_pending_promotion,Retained as source/reference; not admitted to runtime.
3C5646B26309A545FF4293D90F7F9BA769656A2109F5EDBAFDE3D3572FEED398,sources/base/美术素材/blobs/3c/3c5646b26309a545ff4293d90f7f9ba769656a2109f5edbafde3d3572feed398.png,.png,image,ui_component,stage_evidence,sources/art/ART-21/03_cut_output/shared/buttons/ui_art21_shared_tab_selected.png,2,stage_output,ui_art21_shared_tab_selected.png,0,1,res://assets/ui/art21/shared/buttons/ui_art21_shared_tab_selected.png,base_source_evidence_only,pending_verification,pending_review,not_admitted,runtime_crosswalk_required,Exact runtime bytes exist; authority is decided per runtime row.
3C6DAB1D4087081B8D925D9C5D2977814C7CDDC1F81FF583CCAEF44C467D9CE4,sources/base/美术素材/blobs/3c/3c6dab1d4087081b8d925d9c5d2977814c7cddc1f81ff583ccaef44c467d9ce4.png,.png,image,item,processed_source,sources/draw/20_processed/ui_tab/ui_tab_item_categories_strip.png,1,20_processed,ui_tab_item_categories_strip.png,0,0,,base_source_evidence_only,pending_verification,pending_review,not_admitted,base_reference_only_pending_promotion,Retained as source/reference; not admitted to runtime.
3C7003460E0F788B2BF1019E6D1BD4EA94944B6FD7FDCEDE488403C31672A5D4,sources/base/美术素材/blobs/3c/3c7003460e0f788b2bf1019e6d1bd4ea94944b6fd7fdcede488403c31672a5d4.png,.png,image,source_composite,working_candidate,sources/draw/10_working/candidates/Zuhe2/Zuhe2_candidate_015.png,1,10_working,Zuhe2_candidate_015.png,0,0,,base_source_evidence_only,pending_verification,pending_review,not_admitted,base_reference_only_pending_promotion,Retained as source/reference; not admitted to runtime.
3D8C461B73DB12F27537DE14671684FEBF0E65E37311AF86A0E94DEAF0C9D266,sources/base/美术素材/blobs/3d/3d8c461b73db12f27537de14671684febf0e65e37311af86a0e94deaf0c9d266.png,.png,image,actor_animation_source,source_reference;working_candidate,sources/draw/Tuzigai.png,2,10_working;draw_root,Tuzigai.png,0,0,,base_source_evidence_only,pending_verification,pending_review,not_admitted,base_reference_only_pending_promotion,Retained as source/reference; not admitted to runtime.
3DB476901205887CC3025E52B91C9599404D60C2E19E140F5FC87F6AFFE2F80C,sources/base/美术素材/blobs/3d/3db476901205887cc3025e52b91c9599404d60c2e19e140f5fc87f6affe2f80c.png,.png,image,map,game_ready_source;processed_source;runtime_candidate;selected_source,sources/draw/20_processed/map_icon/map_icon_event.png,4,03_selected;05_export_runtime_candidates;20_processed;30_game_ready,map_icon_event.png,0,0,,base_source_evidence_only,pending_verification,pending_review,not_admitted,base_reference_only_pending_promotion,Retained as source/reference; not admitted to runtime.
3E0CD9B7C4225662584EA5F997285D1AF67741D8FFCE7F2770335B603E57B306,sources/base/美术素材/blobs/3e/3e0cd9b7c4225662584ea5f997285d1af67741d8ffce7f2770335b603e57b306.png,.png,image,uncategorized_image,working_candidate,sources/draw/10_working/candidates/1/1_candidate_037.png,1,10_working,1_candidate_037.png,0,0,,base_source_evidence_only,pending_verification,pending_review,not_admitted,base_reference_only_pending_promotion,Retained as source/reference; not admitted to runtime.
3E92E296E7E8A42CDC94EC94288C35BF2779FDB2E36929F0110C24D57004BF7F,sources/base/美术素材/blobs/3e/3e92e296e7e8a42cdc94ec94288c35bf2779fdb2e36929f0110c24d57004bf7f.png,.png,image,source_composite,prototype_reference;stage_evidence,sources/art/M1/A1.png,2,M1;stage_output,A1.png,0,0,,base_source_evidence_only,pending_verification,pending_review,not_admitted,base_reference_only_pending_promotion,Retained as source/reference; not admitted to runtime.
3EAF2D45789781C5F2008EB0B4C04F8BB2E3A6783FE4F0DD6BDF9670B089327F,sources/base/美术素材/blobs/3e/3eaf2d45789781c5f2008eb0b4c04f8bb2e3a6783fe4f0dd6bdf9670b089327f.png,.png,image,source_composite,working_candidate,sources/draw/10_working/candidates/5/5_candidate_042.png,1,10_working,5_candidate_042.png,0,0,,base_source_evidence_only,pending_verification,pending_review,not_admitted,base_reference_only_pending_promotion,Retained as source/reference; not admitted to runtime.
3F330B0AD1681D0752A92732B3D9B11FCB780C30D73224C3303BB03D097A042C,sources/base/美术素材/blobs/3f/3f330b0ad1681d0752a92732b3d9b11fcb780c30d73224c3303bb03d097a042c.png,.png,image,source_composite,working_candidate,sources/draw/10_working/candidates/1/1_candidate_016.png,1,10_working,1_candidate_016.png,0,0,,base_source_evidence_only,pending_verification,pending_review,not_admitted,base_reference_only_pending_promotion,Retained as source/reference; not admitted to runtime.
4073479982E56EEB31181D014D2F915F1A5BC79527F307595DDAD404E00CDAE2,sources/base/美术素材/blobs/40/4073479982e56eeb31181d014d2f915f1a5bc79527f307595ddad404e00cdae2.png,.png,image,source_composite,working_candidate,sources/draw/10_working/candidates/Zujian2/Zujian2_candidate_008.png,1,10_working,Zujian2_candidate_008.png,0,0,,base_source_evidence_only,pending_verification,pending_review,not_admitted,base_reference_only_pending_promotion,Retained as source/reference; not admitted to runtime.
408BBAA68A6060CC4CDDDE82BC0248358C9EFCDAC4A95FD9BEF8842151BA87E8,sources/base/美术素材/blobs/40/408bbaa68a6060cc4cddde82bc0248358c9efcdac4a95fd9bef8842151ba87e8.png,.png,image,source_composite,working_candidate,sources/draw/10_working/candidates/Zuhe2/Zuhe2_candidate_102.png,1,10_working,Zuhe2_candidate_102.png,0,0,,base_source_evidence_only,pending_verification,pending_review,not_admitted,base_reference_only_pending_promotion,Retained as source/reference; not admitted to runtime.
40CD451EAD50BB5313B9A4178C0D695AC9FBDD3460237E5A2CB30A5EE00BC8C8,sources/base/美术素材/blobs/40/40cd451ead50bb5313b9a4178c0d695ac9fbdd3460237e5a2cb30a5ee00bc8c8.png,.png,image,source_composite,working_candidate,sources/draw/10_working/candidates/Zujian1/Zujian1_candidate_006.png,1,10_working,Zujian1_candidate_006.png,0,0,,base_source_evidence_only,pending_verification,pending_review,not_admitted,base_reference_only_pending_promotion,Retained as source/reference; not admitted to runtime.
40FEBDF0B02C514510BFBA54182DF3C52E70F7AD6A02BB4F4E3327872654E881,sources/base/美术素材/blobs/40/40febdf0b02c514510bfba54182df3c52e70f7ad6a02bb4f4e3327872654e881.png,.png,image,source_composite,source_reference,sources/draw/Zuhe.png,1,draw_root,Zuhe.png,0,0,,base_source_evidence_only,pending_verification,pending_review,not_admitted,base_reference_only_pending_promotion,Retained as source/reference; not admitted to runtime.
4171303BEA91BC0264B6E2A880D0E5B99004CF1B8B77C67DFDFEA938BD0D7DDB,sources/base/美术素材/blobs/41/4171303bea91bc0264b6e2a880d0e5b99004cf1b8b77c67dfdfea938bd0d7ddb.png,.png,image,map,stage_evidence,sources/art/ART-21/03_cut_output/map/ui_art21_map_cell_flagged.png,2,stage_output,ui_art21_map_cell_flagged.png,0,1,res://assets/ui/art21/map/ui_art21_map_cell_flagged.png,base_source_evidence_only,pending_verification,pending_review,not_admitted,runtime_crosswalk_required,Exact runtime bytes exist; authority is decided per runtime row.
41A112D0EDA2C028187A30E5614EBCEF4931D248963470365AD72284AA6A4AB9,sources/base/美术素材/blobs/41/41a112d0eda2c028187a30e5614ebcef4931d248963470365ad72284aa6a4ab9.png,.png,image,deploy,processed_source,sources/draw/20_processed/ui_deploy_icon/ui_icon_life.png,1,20_processed,ui_icon_life.png,0,0,,base_source_evidence_only,pending_verification,pending_review,not_admitted,base_reference_only_pending_promotion,Retained as source/reference; not admitted to runtime.
424EDF0A3FCCE4A008B7BAED9473710E641B9DE529BF7D8B93B64A7694306CBA,sources/base/美术素材/blobs/42/424edf0a3fcce4a008b7baed9473710e641b9de529bf7d8b93b64a7694306cba.png,.png,image,source_composite,source_reference,sources/draw/6.png,1,draw_root,6.png,0,0,,base_source_evidence_only,pending_verification,pending_review,not_admitted,base_reference_only_pending_promotion,Retained as source/reference; not admitted to runtime.
42538536E35438262CF1EE6C6BF6FCA444FC5B484D121E298657D51C0D153BAA,sources/base/美术素材/blobs/42/42538536e35438262cf1ee6c6bf6fca444fc5b484d121e298657d51c0d153baa.png,.png,image,source_composite,working_candidate,sources/draw/10_working/candidates/Zuhe2/Zuhe2_candidate_055.png,1,10_working,Zuhe2_candidate_055.png,0,0,,base_source_evidence_only,pending_verification,pending_review,not_admitted,base_reference_only_pending_promotion,Retained as source/reference; not admitted to runtime.
4253D97EDB1C3DBA99DF8CCB1A75B1FD3D132F0343A3B90003A32DFAD4CBEF99,sources/base/美术素材/blobs/42/4253d97edb1c3dba99df8ccb1a75b1fd3d132f0343a3b90003a32dfad4cbef99.png,.png,image,source_composite,working_candidate,sources/draw/10_working/candidates/Zuhe/Zuhe_candidate_022.png,1,10_working,Zuhe_candidate_022.png,0,0,,base_source_evidence_only,pending_verification,pending_review,not_admitted,base_reference_only_pending_promotion,Retained as source/reference; not admitted to runtime.
4257F51B8F694CB82AFC85CF8258C1882FDFA03DA3D57B57A4A95D4EB801631A,sources/base/美术素材/blobs/42/4257f51b8f694cb82afc85cf8258c1882fdfa03da3d57b57a4a95d4eb801631a.png,.png,image,source_composite,working_candidate,sources/draw/10_working/candidates/Zuhe2/Zuhe2_candidate_047.png,1,10_working,Zuhe2_candidate_047.png,0,0,,base_source_evidence_only,pending_verification,pending_review,not_admitted,base_reference_only_pending_promotion,Retained as source/reference; not admitted to runtime.
42D3089AC6938D5787A75D1A38855A693DE4A3941B793D5EC5AF2641815ADFCE,sources/base/美术素材/blobs/42/42d3089ac6938d5787a75d1a38855a693de4a3941b793d5ec5af2641815adfce.png,.png,image,source_composite,working_candidate,sources/draw/10_working/candidates/2/2_candidate_004.png,1,10_working,2_candidate_004.png,0,0,,base_source_evidence_only,pending_verification,pending_review,not_admitted,base_reference_only_pending_promotion,Retained as source/reference; not admitted to runtime.
434444E514EF7F776D65D543AA29D1E43C33913033C202EEA1D0D28FCDEC647E,sources/base/美术素材/blobs/43/434444e514ef7f776d65d543aa29d1e43c33913033c202eea1d0d28fcdec647e.png,.png,image,source_composite,working_candidate,sources/draw/10_working/candidates/3/3_candidate_064.png,1,10_working,3_candidate_064.png,0,0,,base_source_evidence_only,pending_verification,pending_review,not_admitted,base_reference_only_pending_promotion,Retained as source/reference; not admitted to runtime.
434E22AF6B165F6ED2BDC19F1BF4F24535365F200E9A92DC58EE7D126E4E06ED,sources/base/美术素材/blobs/43/434e22af6b165f6ed2bdc19f1bf4f24535365f200e9a92dc58ee7d126e4e06ed.png,.png,image,uncategorized_image,game_ready_source,sources/draw/30_game_ready/icons/64/04_biaoji_qi.png,1,30_game_ready,04_biaoji_qi.png,2,0,,base_source_evidence_only,pending_verification,pending_review,not_admitted,base_reference_only_pending_promotion,Retained as source/reference; not admitted to runtime.
43F4EE7EDFF2AE34276C0780BB3D2AD8CB0CC83855F50F9B164D28C4F4AE5D2C,sources/base/美术素材/blobs/43/43f4ee7edff2ae34276c0780bb3d2ad8cb0cc83855f50f9b164d28c4f4ae5d2c.png,.png,image,map,game_ready_source;stage_evidence,sources/draw/30_game_ready/icons/32/05_dici_xianjing_icon.png,2,30_game_ready;stage_output,05_dici_xianjing_icon.png;ui_art21r2_minimap_hud_mine_32.png,2,2,res://assets/ui/art21r2/minimap/ui_art21r2_minimap_hud_mine_32.png;res://assets/ui/minimap/mine_icon.png,base_source_evidence_only,pending_verification,pending_review,not_admitted,runtime_crosswalk_required,Exact runtime bytes exist; authority is decided per runtime row.
4410E3FFFBB76F9A5455BD48D80E887DCDCB9452DF85E904405E7011295C8977,sources/base/美术素材/blobs/44/4410e3fffbb76f9a5455bd48d80e887dcdcb9452df85e904405e7011295c8977.png,.png,image,source_composite,working_candidate,sources/draw/10_working/candidates/Zuhe2/Zuhe2_candidate_088.png,1,10_working,Zuhe2_candidate_088.png,0,0,,base_source_evidence_only,pending_verification,pending_review,not_admitted,base_reference_only_pending_promotion,Retained as source/reference; not admitted to runtime.
443FA00D9CE070DD91D21893DAD2377EDAB29FF07BDDAE27404150A755F8C998,sources/base/美术素材/blobs/44/443fa00d9ce070dd91d21893dad2377edab29ff07bddae27404150a755f8c998.md,.md,document,source_documentation,source_reference,sources/art/README.md,1,art_other,README.md,0,0,,base_source_evidence_only,pending_verification,pending_review,not_admitted,source_support_not_runtime_art,"Registry, metadata, document, or other support object."
4565707190989E150335023B5B8F26BB92505D4A27EBE2138ADD827518D773E7,sources/base/美术素材/blobs/45/4565707190989e150335023b5b8f26bb92505d4a27ebe2138add827518d773e7.png,.png,image,world_prop,processed_source,sources/draw/20_processed/props/raw/01_cheli_zhuangzhi_an.png,1,20_processed,01_cheli_zhuangzhi_an.png,1,0,,base_source_evidence_only,pending_verification,pending_review,not_admitted,base_reference_only_pending_promotion,Retained as source/reference; not admitted to runtime.
45C35D9ECC3E8251B1A045FC386EE35A1BD9E498D504FEF2FD9FDD0DF5764133,sources/base/美术素材/blobs/45/45c35d9ecc3e8251b1a045fc386ee35a1bd9e498d504fef2fd9fdd0df5764133.png,.png,image,source_composite,working_candidate,sources/draw/10_working/candidates/3/3_candidate_085.png,1,10_working,3_candidate_085.png,0,0,,base_source_evidence_only,pending_verification,pending_review,not_admitted,base_reference_only_pending_promotion,Retained as source/reference; not admitted to runtime.
461C9B924EFA5167909B185C8E816D275C4100F95BF8C025431D54B74F08BC92,sources/base/美术素材/blobs/46/461c9b924efa5167909b185c8e816d275c4100f95bf8c025431d54b74f08bc92.png,.png,image,actor_animation_source,source_reference,sources/draw/processed/Maogai/05_back_walk_1.png,1,draw_other,05_back_walk_1.png,7,0,,base_source_evidence_only,pending_verification,pending_review,not_admitted,base_reference_only_pending_promotion,Retained as source/reference; not admitted to runtime.
46659E8ABC0A48180AF49A827FDE3C4F04E8EC7D3DEF55EA734AD2F5313311F0,sources/base/美术素材/blobs/46/46659e8abc0a48180af49a827fde3c4f04e8ec7d3def55ea734ad2f5313311f0.png,.png,image,source_composite,working_candidate,sources/draw/10_working/candidates/3/3_candidate_013.png,1,10_working,3_candidate_013.png,0,0,,base_source_evidence_only,pending_verification,pending_review,not_admitted,base_reference_only_pending_promotion,Retained as source/reference; not admitted to runtime.
466663F534496F74CE229F7DF3F19298330510B909B1C40EA4602DD11070976D,sources/base/美术素材/blobs/46/466663f534496f74ce229f7df3f19298330510b909b1c40ea4602dd11070976d.png,.png,image,uncategorized_image,working_candidate,sources/draw/10_working/candidates/1/1_candidate_048.png,1,10_working,1_candidate_048.png,0,0,,base_source_evidence_only,pending_verification,pending_review,not_admitted,base_reference_only_pending_promotion,Retained as source/reference; not admitted to runtime.
4676D02596C2FB4947AC210423FB7265A397B84CADB693073A2E855CFE753873,sources/base/美术素材/blobs/46/4676d02596c2fb4947ac210423fb7265a397b84cadb693073a2e855cfe753873.png,.png,image,uncategorized_image,working_candidate,sources/draw/10_working/candidates/2/2_candidate_028.png,1,10_working,2_candidate_028.png,0,0,,base_source_evidence_only,pending_verification,pending_review,not_admitted,base_reference_only_pending_promotion,Retained as source/reference; not admitted to runtime.
467F4977B198F418D5FF2701F62147BB6AF09EA99AC3F15B7FED1638A8A04BA8,sources/base/美术素材/blobs/46/467f4977b198f418d5ff2701f62147bb6af09ea99ac3f15b7fed1638a8a04ba8.png,.png,image,main_menu,stage_evidence,sources/art/ART-20/03_cut_output/main_menu/main_menu_background_base/ui_main_menu_background_base_hall.png,1,stage_output,ui_main_menu_background_base_hall.png,0,1,res://assets/ui/art20/main_menu/backgrounds/ui_main_menu_background_base_hall.png,base_source_evidence_only,pending_verification,pending_review,not_admitted,runtime_crosswalk_required,Exact runtime bytes exist; authority is decided per runtime row.
4681B50BE12E74713CDCA3EBDD08FCA4C00D391F08C934E80EEAF41D8E5CF019,sources/base/美术素材/blobs/46/4681b50be12e74713cdca3ebdd08fca4c00d391f08c934e80eeaf41d8e5cf019.png,.png,image,actor_animation_source,game_ready_source;processed_source;source_reference,sources/draw/20_processed/characters/huanxiong/frames/03_right_idle.png,3,20_processed;30_game_ready;art_other,03_right_idle.png,7,0,,base_source_evidence_only,pending_verification,pending_review,not_admitted,base_reference_only_pending_promotion,Retained as source/reference; not admitted to runtime.
469AED55F996858072CA11BFCC6CDD470EAB5CAE7CE1F1025D09BA00CB368455,sources/base/美术素材/blobs/46/469aed55f996858072ca11bfcc6cdd470eab5cae7ce1f1025d09ba00cb368455.png,.png,image,actor_animation_source,game_ready_source;processed_source;source_reference,sources/draw/20_processed/characters/huanxiong/frames/07_right_walk_1.png,3,20_processed;30_game_ready;art_other,07_right_walk_1.png,7,0,,base_source_evidence_only,pending_verification,pending_review,not_admitted,base_reference_only_pending_promotion,Retained as source/reference; not admitted to runtime.
46AB54EE9D6EB956109F08922F4D49ACAEC4F47EF264EBD8C13E2BFDFF68B6C0,sources/base/美术素材/blobs/46/46ab54ee9d6eb956109f08922f4d49acaec4f47ef264ebd8c13e2bfdff68b6c0.png,.png,image,deploy,stage_evidence,sources/art/ART-20/03_cut_output/deploy_prep/deploy_equipment_slot/deploy_equipment_slot_ui_icon_armor.png,1,stage_output,deploy_equipment_slot_ui_icon_armor.png,0,1,res://assets/ui/art20/deploy/icons/deploy_equipment_slot_ui_icon_armor.png,base_source_evidence_only,pending_verification,pending_review,not_admitted,runtime_crosswalk_required,Exact runtime bytes exist; authority is decided per runtime row.
4712A6FD12AE868698080FE6AFB8B76482906BA25ADAECD254B7F873397ACB1E,sources/base/美术素材/blobs/47/4712a6fd12ae868698080fe6afb8b76482906ba25adaecd254b7f873397acb1e.png,.png,image,map,game_ready_source;stage_evidence,sources/draw/30_game_ready/icons/32/07_baoxiang_icon.png,2,30_game_ready;stage_output,07_baoxiang_icon.png;ui_art21r2_minimap_hud_chest_32.png,2,2,res://assets/ui/art21r2/minimap/ui_art21r2_minimap_hud_chest_32.png;res://assets/ui/minimap/chest_icon.png,base_source_evidence_only,pending_verification,pending_review,not_admitted,runtime_crosswalk_required,Exact runtime bytes exist; authority is decided per runtime row.
4742BE8BACCEB77F7AF1137CDA887C2BFBA9E1530BAEC47ED17F49BDDD7D4789,sources/base/美术素材/blobs/47/4742be8bacceb77f7af1137cda887c2bfba9e1530baec47ed17f49bddd7d4789.png,.png,image,source_composite,working_candidate,sources/draw/10_working/candidates/Zuhe2/Zuhe2_candidate_014.png,1,10_working,Zuhe2_candidate_014.png,0,0,,base_source_evidence_only,pending_verification,pending_review,not_admitted,base_reference_only_pending_promotion,Retained as source/reference; not admitted to runtime.
479F6B3B5C7C98757589E979C0F0C42093738CC623B16DB876155ACFB31A8DFB,sources/base/美术素材/blobs/47/479f6b3b5c7c98757589e979c0f0c42093738cc623b16db876155acfb31a8dfb.png,.png,image,uncategorized_image,working_candidate,sources/draw/10_working/candidates/5/5_candidate_038.png,1,10_working,5_candidate_038.png,0,0,,base_source_evidence_only,pending_verification,pending_review,not_admitted,base_reference_only_pending_promotion,Retained as source/reference; not admitted to runtime.
47A97D74C6B7B19186F536C5FE356A0C98159B4AF43972E10FD6E94891DDE6F9,sources/base/美术素材/blobs/47/47a97d74c6b7b19186f536c5fe356a0c98159b4af43972e10fd6e94891dde6f9.png,.png,image,source_composite,working_candidate,sources/draw/10_working/candidates/Zuhe2/Zuhe2_candidate_019.png,1,10_working,Zuhe2_candidate_019.png,0,0,,base_source_evidence_only,pending_verification,pending_review,not_admitted,base_reference_only_pending_promotion,Retained as source/reference; not admitted to runtime.
47B724F47932A1370FD3F961BC3710D4C4195864FE3A4805CD34B5978AB35F9B,sources/base/美术素材/blobs/47/47b724f47932a1370fd3f961bc3710d4c4195864fe3a4805cd34b5978ab35f9b.png,.png,image,actor_animation_source,game_ready_source;processed_source;source_reference,sources/draw/20_processed/characters/tuzi/frames/01_back_idle.png,3,20_processed;30_game_ready;art_other,01_back_idle.png,7,0,,base_source_evidence_only,pending_verification,pending_review,not_admitted,base_reference_only_pending_promotion,Retained as source/reference; not admitted to runtime.
47E74960BFBB045A671AFB2136BD65E1FAC11DEBBE73B3922AC1ACD42811AA0C,sources/base/美术素材/blobs/47/47e74960bfbb045a671afb2136bd65e1fac11debbe73b3922ac1acd42811aa0c.png,.png,image,source_composite,working_candidate,sources/draw/10_working/candidates/Zujian1/Zujian1_candidate_011.png,1,10_working,Zujian1_candidate_011.png,0,0,,base_source_evidence_only,pending_verification,pending_review,not_admitted,base_reference_only_pending_promotion,Retained as source/reference; not admitted to runtime.
4828A818409AC8CB5EA21583514F03F365EC263A6C3CF892DB86D0C76940BA65,sources/base/美术素材/blobs/48/4828a818409ac8cb5ea21583514f03f365ec263a6c3cf892db86d0c76940ba65.png,.png,image,reference_capture,packaged_base_input;visual_target,sources/art/Base/长期系统确定.png,2,08_visual_targets;Base,长期系统确定.png,0,0,,base_source_evidence_only,pending_verification,pending_review,not_admitted,base_reference_only_pending_promotion,Retained as source/reference; not admitted to runtime.
485FC36C7B000D77C710AD9E04E23FD8E380DB1167D394FB1F29590C2521EE6B,sources/base/美术素材/blobs/48/485fc36c7b000d77c710ad9e04e23fd8e380db1167d394fb1f29590c2521ee6b.png,.png,image,source_composite,working_candidate,sources/draw/10_working/candidates/3/3_candidate_021.png,1,10_working,3_candidate_021.png,0,0,,base_source_evidence_only,pending_verification,pending_review,not_admitted,base_reference_only_pending_promotion,Retained as source/reference; not admitted to runtime.
4884DCED20EAAD591334B410A5E3B891B548FA56E279158D0C383CCE9AA87099,sources/base/美术素材/blobs/48/4884dced20eaad591334b410a5e3b891b548fa56e279158d0c383cce9aa87099.png,.png,image,source_composite,working_candidate,sources/draw/10_working/candidates/5/5_candidate_002.png,1,10_working,5_candidate_002.png,0,0,,base_source_evidence_only,pending_verification,pending_review,not_admitted,base_reference_only_pending_promotion,Retained as source/reference; not admitted to runtime.
48C1B7CC7A9E95C8BD491FFF290B75EBC0E5D6E431121368DC0E41681B10DF7E,sources/base/美术素材/blobs/48/48c1b7cc7a9e95c8bd491fff290b75ebc0e5d6e431121368dc0e41681b10df7e.png,.png,image,source_composite,working_candidate,sources/draw/10_working/candidates/5/5_candidate_024.png,1,10_working,5_candidate_024.png,0,0,,base_source_evidence_only,pending_verification,pending_review,not_admitted,base_reference_only_pending_promotion,Retained as source/reference; not admitted to runtime.
48D7D9E24FA4F97C66CE3B94FB8C0149BF0637E959EC7CDAB555EF1A29766756,sources/base/美术素材/blobs/48/48d7d9e24fa4f97c66ce3b94fb8c0149bf0637e959ec7cdab555ef1a29766756.png,.png,image,world_prop,processed_source,sources/draw/20_processed/props/raw/04_shangren_tai.png,1,20_processed,04_shangren_tai.png,1,0,,base_source_evidence_only,pending_verification,pending_review,not_admitted,base_reference_only_pending_promotion,Retained as source/reference; not admitted to runtime.
490B0F19221B68CFE049D9ADBB1739528E78405D8D791FC2CE8A0EA11C3D886A,sources/base/美术素材/blobs/49/490b0f19221b68cfe049d9adbb1739528e78405d8d791fc2ce8a0ea11c3d886a.png,.png,image,uncategorized_image,working_candidate,sources/draw/10_working/candidates/3/3_candidate_010.png,1,10_working,3_candidate_010.png,0,0,,base_source_evidence_only,pending_verification,pending_review,not_admitted,base_reference_only_pending_promotion,Retained as source/reference; not admitted to runtime.
490D34BACF07AE6314F4FC62961C13E675B703912682C112D598D9444BFDF83A,sources/base/美术素材/blobs/49/490d34bacf07ae6314f4fc62961c13e675b703912682c112d598d9444bfdf83a.png,.png,image,room,processed_source,sources/draw/20_processed/rooms/fangjian_jichu_raw.png,1,20_processed,fangjian_jichu_raw.png,0,0,,base_source_evidence_only,pending_verification,pending_review,not_admitted,base_reference_only_pending_promotion,Retained as source/reference; not admitted to runtime.
4929C94C3AAF78677009CD8F0D44DA2628DFCCB0B50104C15AF33813657BD04F,sources/base/美术素材/blobs/49/4929c94c3aaf78677009cd8f0d44da2628dfccb0b50104c15af33813657bd04f.png,.png,image,source_composite,working_candidate,sources/draw/10_working/candidates/5/5_candidate_061.png,1,10_working,5_candidate_061.png,0,0,,base_source_evidence_only,pending_verification,pending_review,not_admitted,base_reference_only_pending_promotion,Retained as source/reference; not admitted to runtime.
494CAC8113348E76D1476764A4E03ACD70EA1F45A6221BD3D24AB95913632323,sources/base/美术素材/blobs/49/494cac8113348e76d1476764a4e03acd70ea1f45a6221bd3d24ab95913632323.json,.json,metadata,source_metadata,game_ready_source;processed_source,sources/draw/20_processed/characters/mao/manifest.json,2,20_processed;30_game_ready,manifest.json,11,0,,base_source_evidence_only,pending_verification,pending_review,not_admitted,source_support_not_runtime_art,"Registry, metadata, document, or other support object."
49AC601D40A4E14B5F76E5906F573C444C0A6D36EACA013B60B1B74C81DD3D47,sources/base/美术素材/blobs/49/49ac601d40a4e14b5f76e5906f573c444c0a6d36eaca013b60b1b74c81dd3d47.png,.png,image,ui_component,game_ready_source;processed_source;runtime_candidate;selected_source;stage_evidence,sources/draw/20_processed/ui_key_prompt/ui_key_t.png,5,03_selected;05_export_runtime_candidates;20_processed;30_game_ready;stage_output,ui_key_t.png,0,1,res://assets/ui/key_prompt/ui_key_t.png,base_source_evidence_only,pending_verification,pending_review,not_admitted,runtime_crosswalk_required,Exact runtime bytes exist; authority is decided per runtime row.
4A0437D9E108E8ABB0DFB96D29E57051345D8475AC0047746EEDC2328D5B1C39,sources/base/美术素材/blobs/4a/4a0437d9e108e8abb0dfb96d29e57051345d8475ac0047746eedc2328d5b1c39.png,.png,image,source_composite,working_candidate,sources/draw/10_working/candidates/Zujian2/Zujian2_candidate_011.png,1,10_working,Zujian2_candidate_011.png,0,0,,base_source_evidence_only,pending_verification,pending_review,not_admitted,base_reference_only_pending_promotion,Retained as source/reference; not admitted to runtime.
4A0A929EA880326BC35CDB8F37E7771F93E4221F60B1CF9E986BB14EAB89E852,sources/base/美术素材/blobs/4a/4a0a929ea880326bc35cdb8f37e7771f93e4221f60b1cf9e986bb14eab89e852.png,.png,image,source_composite,working_candidate,sources/draw/10_working/candidates/4/4_candidate_004.png,1,10_working,4_candidate_004.png,0,0,,base_source_evidence_only,pending_verification,pending_review,not_admitted,base_reference_only_pending_promotion,Retained as source/reference; not admitted to runtime.
4A99C05BF9B18C44F988D2B8ECD2104BA24A22A3AC38E9421C6BA1D40AECBD25,sources/base/美术素材/blobs/4a/4a99c05bf9b18c44f988d2b8ecd2104ba24a22a3ac38e9421c6ba1d40aecbd25.png,.png,image,source_composite,working_candidate,sources/draw/10_working/candidates/Zuhe/Zuhe_candidate_006.png,1,10_working,Zuhe_candidate_006.png,0,0,,base_source_evidence_only,pending_verification,pending_review,not_admitted,base_reference_only_pending_promotion,Retained as source/reference; not admitted to runtime.
4AE13C333B8E39E410AF5A0005D7709E5BCC4289F725109593599393373DD2D2,sources/base/美术素材/blobs/4a/4ae13c333b8e39e410af5a0005d7709e5bcc4289f725109593599393373dd2d2.png,.png,image,actor_animation_source,game_ready_source;processed_source;source_reference,sources/draw/20_processed/characters/mao/frames/01_back_idle.png,3,20_processed;30_game_ready;art_other,01_back_idle.png,7,0,,base_source_evidence_only,pending_verification,pending_review,not_admitted,base_reference_only_pending_promotion,Retained as source/reference; not admitted to runtime.
4B045AC9A308D09F20DB5981497D5E91975EB75228EB3AF5CF78383E29E139E4,sources/base/美术素材/blobs/4b/4b045ac9a308d09f20db5981497d5e91975eb75228eb3af5cf78383e29e139e4.csv,.csv,table,source_registry,stage_evidence,sources/art/ART-21R2/_manifest/main_menu_staging_manifest.csv,1,stage_output,main_menu_staging_manifest.csv,0,0,,base_source_evidence_only,pending_verification,pending_review,not_admitted,source_support_not_runtime_art,"Registry, metadata, document, or other support object."
4BB57AC94C797BE82FD9B03B1EB708D87E3FE6CD014AF898A059486DCA6EACBC,sources/base/美术素材/blobs/4b/4bb57ac94c797be82fd9b03b1eb708d87e3fe6cd014af898a059486dca6eacbc.png,.png,image,ui_component,game_ready_source;processed_source;runtime_candidate;selected_source;stage_evidence,sources/draw/20_processed/ui_panel/ui_panel_terminal_main.png,8,03_selected;05_export_runtime_candidates;20_processed;30_game_ready;stage_output,map_overlay_fullscreen_backplate_ui_panel_terminal_main.png;run_left_info_rail_frame_ui_panel_terminal_main.png;ui_panel_large_terminal_frame_ui_panel_terminal_main.png;ui_panel_terminal_main.png,0,2,res://assets/ui/art19/panels/terminal_main.png;res://assets/ui/panels/ui_panel_terminal_main.png,base_source_evidence_only,pending_verification,pending_review,not_admitted,runtime_crosswalk_required,Exact runtime bytes exist; authority is decided per runtime row.
4BE54A2A0820ECC0447DED181E0B6D8FAC34B28EDE2D8C36002C8D77722A5023,sources/base/美术素材/blobs/4b/4be54a2a0820ecc0447ded181e0b6d8fac34b28ede2d8c36002c8d77722a5023.png,.png,image,map,processed_source,sources/draw/20_processed/map_icon/map_label_number_1.png,1,20_processed,map_label_number_1.png,0,0,,base_source_evidence_only,pending_verification,pending_review,not_admitted,base_reference_only_pending_promotion,Retained as source/reference; not admitted to runtime.
4BF6583FBE628E3C818C249A6BFF01659382D82522718E090939F63530D103D1,sources/base/美术素材/blobs/4b/4bf6583fbe628e3c818c249a6bff01659382d82522718e090939f63530d103d1.png,.png,image,source_composite,working_candidate,sources/draw/10_working/candidates/3/3_candidate_086.png,1,10_working,3_candidate_086.png,0,0,,base_source_evidence_only,pending_verification,pending_review,not_admitted,base_reference_only_pending_promotion,Retained as source/reference; not admitted to runtime.
4C0568AB7AE3673CC732EE4E52E093447470C40F0ABF81AAC7A69D69EC7FDB59,sources/base/美术素材/blobs/4c/4c0568ab7ae3673cc732ee4e52e093447470c40f0abf81aac7a69d69ec7fdb59.png,.png,image,source_composite,prototype_reference,sources/art/M1/3.png,1,M1,3.png,1,0,,base_source_evidence_only,pending_verification,pending_review,not_admitted,base_reference_only_pending_promotion,Retained as source/reference; not admitted to runtime.
4C3A391D8FEA1EC1833F26C900420DEC1410D802C7117C2A7CB10F73F6443C2F,sources/base/美术素材/blobs/4c/4c3a391d8fea1ec1833f26c900420dec1410d802c7117c2a7cb10f73f6443c2f.png,.png,image,uncategorized_image,working_candidate,sources/draw/10_working/candidates/1/1_candidate_039.png,1,10_working,1_candidate_039.png,0,0,,base_source_evidence_only,pending_verification,pending_review,not_admitted,base_reference_only_pending_promotion,Retained as source/reference; not admitted to runtime.
4D26359EB19E56A52CCF494FFA5E335B521EC73A868A34F1111B9312BD34D56B,sources/base/美术素材/blobs/4d/4d26359eb19e56a52ccf494ffa5e335b521ec73a868a34f1111b9312bd34d56b.png,.png,image,actor_animation_source,game_ready_source;processed_source;source_reference,sources/draw/20_processed/characters/huanxiong/frames/08_front_walk_2.png,3,20_processed;30_game_ready;art_other,08_front_walk_2.png,7,0,,base_source_evidence_only,pending_verification,pending_review,not_admitted,base_reference_only_pending_promotion,Retained as source/reference; not admitted to runtime.
4D663ADDAA4B4B9AF4F50678B3AC158B0AFDD8E7A67F9FC9D22D382CB980B6E7,sources/base/美术素材/blobs/4d/4d663addaa4b4b9af4f50678b3ac158b0afdd8e7a67f9fc9d22d382cb980b6e7.png,.png,image,uncategorized_image,working_candidate,sources/draw/10_working/candidates/1/1_candidate_018.png,1,10_working,1_candidate_018.png,0,0,,base_source_evidence_only,pending_verification,pending_review,not_admitted,base_reference_only_pending_promotion,Retained as source/reference; not admitted to runtime.
4D76A2AF200E56D986B026B88D7D171DB131A21B4E6208F7DD640D91068BEB63,sources/base/美术素材/blobs/4d/4d76a2af200e56d986b026b88d7d171db131a21b4e6208f7dd640d91068beb63.png,.png,image,source_composite,working_candidate,sources/draw/10_working/candidates/Zuhe2/Zuhe2_candidate_063.png,1,10_working,Zuhe2_candidate_063.png,0,0,,base_source_evidence_only,pending_verification,pending_review,not_admitted,base_reference_only_pending_promotion,Retained as source/reference; not admitted to runtime.
4D7903F9DC1379D5F17E0D8BA004491081DE774830B6C9BA80A12B4E75BCFF93,sources/base/美术素材/blobs/4d/4d7903f9dc1379d5f17e0d8ba004491081de774830b6c9ba80a12b4e75bcff93.png,.png,image,source_composite,working_candidate,sources/draw/10_working/candidates/Zuhe2/Zuhe2_candidate_024.png,1,10_working,Zuhe2_candidate_024.png,0,0,,base_source_evidence_only,pending_verification,pending_review,not_admitted,base_reference_only_pending_promotion,Retained as source/reference; not admitted to runtime.
4E3F6FF73612B468D42383F57A82AD456558F602ABD0DE12B41293C5449BADE1,sources/base/美术素材/blobs/4e/4e3f6ff73612b468d42383f57a82ad456558f602abd0de12b41293c5449bade1.png,.png,image,source_composite,working_candidate,sources/draw/10_working/candidates/2/2_candidate_053.png,1,10_working,2_candidate_053.png,0,0,,base_source_evidence_only,pending_verification,pending_review,not_admitted,base_reference_only_pending_promotion,Retained as source/reference; not admitted to runtime.
4EC0B8C3269A1F8046853158DA5D74450B86A13CB52B2B217752AEA56EAE3219,sources/base/美术素材/blobs/4e/4ec0b8c3269a1f8046853158da5d74450b86a13cb52b2b217752aea56eae3219.png,.png,image,source_composite,working_candidate,sources/draw/10_working/candidates/Zuhe2/Zuhe2_candidate_018.png,1,10_working,Zuhe2_candidate_018.png,0,0,,base_source_evidence_only,pending_verification,pending_review,not_admitted,base_reference_only_pending_promotion,Retained as source/reference; not admitted to runtime.
4F2D2826CF57611D0341665A58709ADCCB0E9A1DC2C1CB80EF7150EC58CB198B,sources/base/美术素材/blobs/4f/4f2d2826cf57611d0341665a58709adccb0e9a1dc2c1cb80ef7150ec58cb198b.png,.png,image,actor_animation_source,game_ready_source;processed_source;source_reference,sources/draw/20_processed/characters/huli/frames/10_left_walk_2.png,3,20_processed;30_game_ready;art_other,10_left_walk_2.png,7,0,,base_source_evidence_only,pending_verification,pending_review,not_admitted,base_reference_only_pending_promotion,Retained as source/reference; not admitted to runtime.
4F39D2ACFB4F5D7E6DD9172FBF0446695DD705B02393F3252C214EFE1C54ABBB,sources/base/美术素材/blobs/4f/4f39d2acfb4f5d7e6dd9172fbf0446695dd705b02393f3252c214efe1c54abbb.png,.png,image,source_composite,working_candidate,sources/draw/10_working/candidates/Zujian1/Zujian1_candidate_001.png,1,10_working,Zujian1_candidate_001.png,0,0,,base_source_evidence_only,pending_verification,pending_review,not_admitted,base_reference_only_pending_promotion,Retained as source/reference; not admitted to runtime.
4F3A8353C213B4ACC82F09109CA9AD3B7FF52829D9E9EC62F5DD94FFF99076EA,sources/base/美术素材/blobs/4f/4f3a8353c213b4acc82f09109ca9ad3b7ff52829d9e9ec62f5dd94fff99076ea.png,.png,image,item,processed_source,sources/draw/20_processed/item_recovered/item_crate_supply.png,1,20_processed,item_crate_supply.png,0,0,,base_source_evidence_only,pending_verification,pending_review,not_admitted,base_reference_only_pending_promotion,Retained as source/reference; not admitted to runtime.
4FAFB6A30BBED4E4D1F806E2F9C6F05A270B8D840F48ED8F8B84EB75E968057B,sources/base/美术素材/blobs/4f/4fafb6a30bbed4e4d1f806e2f9c6f05a270b8d840f48ed8f8b84eb75e968057b.png,.png,image,ui_component,stage_evidence,sources/art/ART-21R2/03_cut_output/map_overlay/ui_art21r2_map_overlay_marker_flag.png,1,stage_output,ui_art21r2_map_overlay_marker_flag.png,0,1,res://assets/ui/art21r2/map_overlay/ui_art21r2_map_overlay_marker_flag.png,base_source_evidence_only,pending_verification,pending_review,not_admitted,runtime_crosswalk_required,Exact runtime bytes exist; authority is decided per runtime row.
4FF9A6560225FC395F2A1C8EA202676F2F9C73BE1C2B4CB5F49C91891FFA36EB,sources/base/美术素材/blobs/4f/4ff9a6560225fc395f2a1c8ea202676f2f9c73be1c2b4cb5f49c91891ffa36eb.png,.png,image,uncategorized_image,working_candidate,sources/draw/10_working/candidates/3/3_candidate_049.png,1,10_working,3_candidate_049.png,0,0,,base_source_evidence_only,pending_verification,pending_review,not_admitted,base_reference_only_pending_promotion,Retained as source/reference; not admitted to runtime.
5004140F12AC9DF603E6A40D275B4A613C71243E1E18B0FFA13549574461E213,sources/base/美术素材/blobs/50/5004140f12ac9df603e6a40d275b4a613c71243e1e18b0ffa13549574461e213.png,.png,image,source_composite,working_candidate,sources/draw/10_working/candidates/1/1_candidate_026.png,1,10_working,1_candidate_026.png,0,0,,base_source_evidence_only,pending_verification,pending_review,not_admitted,base_reference_only_pending_promotion,Retained as source/reference; not admitted to runtime.
5004D73076B8C376E16B02B300AAC6C665F3A10D9A23BB38303A8299DA1AA7D9,sources/base/美术素材/blobs/50/5004d73076b8c376e16b02b300aac6c665f3a10d9a23bb38303a8299da1aa7d9.csv,.csv,table,source_registry,stage_evidence,sources/art/ART-21/_manifest/runtime_import_manifest.csv,1,stage_output,runtime_import_manifest.csv,0,0,,base_source_evidence_only,pending_verification,pending_review,not_admitted,source_support_not_runtime_art,"Registry, metadata, document, or other support object."
50350A00ED22E9EFF963B6B5A260F7EB49F5E5709EBF02C3B38CEBB5986D0984,sources/base/美术素材/blobs/50/50350a00ed22e9eff963b6b5a260f7eb49f5e5709ebf02c3b38cebb5986d0984.png,.png,image,source_composite,working_candidate,sources/draw/10_working/candidates/5/5_candidate_041.png,1,10_working,5_candidate_041.png,0,0,,base_source_evidence_only,pending_verification,pending_review,not_admitted,base_reference_only_pending_promotion,Retained as source/reference; not admitted to runtime.
50407F5E3F755B6E4E24D2B4B930273D4969725E1AC3775F2B8598C6D5AACE07,sources/base/美术素材/blobs/50/50407f5e3f755b6e4e24d2b4b930273d4969725e1ac3775f2b8598c6d5aace07.png,.png,image,source_composite,working_candidate,sources/draw/10_working/candidates/5/5_candidate_051.png,1,10_working,5_candidate_051.png,0,0,,base_source_evidence_only,pending_verification,pending_review,not_admitted,base_reference_only_pending_promotion,Retained as source/reference; not admitted to runtime.
50B4239F76BF654686972C1D6D238F8481B29F7EAA6E0A99E3EBF1E1949146B2,sources/base/美术素材/blobs/50/50b4239f76bf654686972c1d6d238f8481b29f7eaa6e0a99e3ebf1e1949146b2.png,.png,image,world_prop,game_ready_source;runtime_candidate;selected_source,sources/draw/30_game_ready/props/02_cheli_zhuangzhi_liang.png,3,03_selected;05_export_runtime_candidates;30_game_ready,02_cheli_zhuangzhi_liang.png,1,1,res://assets/props/art07/02_cheli_zhuangzhi_liang.png,base_source_evidence_only,pending_verification,pending_review,not_admitted,runtime_crosswalk_required,Exact runtime bytes exist; authority is decided per runtime row.
50C77B5F35DC8E5C66ACD38263AB38789F39573EB6B408C8C4FC05B14762FACA,sources/base/美术素材/blobs/50/50c77b5f35dc8e5c66acd38263ab38789f39573eb6b408c8c4fc05b14762faca.png,.png,image,source_composite,working_candidate,sources/draw/10_working/candidates/4/4_candidate_001.png,1,10_working,4_candidate_001.png,0,0,,base_source_evidence_only,pending_verification,pending_review,not_admitted,base_reference_only_pending_promotion,Retained as source/reference; not admitted to runtime.
5190DBF719B644AA5B7287249139AAB2A1E7916D791462F2A27042DCB82E975A,sources/base/美术素材/blobs/51/5190dbf719b644aa5b7287249139aab2a1e7916d791462f2a27042dcb82e975a.png,.png,image,source_composite,working_candidate,sources/draw/10_working/candidates/Zuhe2/Zuhe2_candidate_071.png,1,10_working,Zuhe2_candidate_071.png,0,0,,base_source_evidence_only,pending_verification,pending_review,not_admitted,base_reference_only_pending_promotion,Retained as source/reference; not admitted to runtime.
51CA1E831B5C348782360B6DB70206D4AA7C5027EB358FCD0558E5F43CEF045F,sources/base/美术素材/blobs/51/51ca1e831b5c348782360b6db70206d4aa7c5027eb358fcd0558e5f43cef045f.png,.png,image,source_composite,working_candidate,sources/draw/10_working/candidates/Zuhe2/Zuhe2_candidate_032.png,1,10_working,Zuhe2_candidate_032.png,0,0,,base_source_evidence_only,pending_verification,pending_review,not_admitted,base_reference_only_pending_promotion,Retained as source/reference; not admitted to runtime.
525E112FD0AF313AA2AA50544FD60A99252E379F2A6CFA1DDE27B75D2701E06E,sources/base/美术素材/blobs/52/525e112fd0af313aa2aa50544fd60a99252e379f2a6cfa1dde27b75d2701e06e.png,.png,image,source_composite,working_candidate,sources/draw/10_working/candidates/5/5_candidate_023.png,1,10_working,5_candidate_023.png,0,0,,base_source_evidence_only,pending_verification,pending_review,not_admitted,base_reference_only_pending_promotion,Retained as source/reference; not admitted to runtime.
533A7450BB8DA51FB439E01589D0550E4B3AB8281F7EDCDAD9670C32C333BD35,sources/base/美术素材/blobs/53/533a7450bb8da51fb439e01589d0550e4b3ab8281f7edcdad9670c32c333bd35.mp4,.mp4,video,motion_reference,prototype_reference,sources/art/M1/Lua demo.mp4,1,M1,Lua demo.mp4,0,0,,base_source_evidence_only,pending_verification,pending_review,not_admitted,base_reference_only_pending_promotion,Retained as source/reference; not admitted to runtime.
538CB557EE16B3FBDC5B01D7B4FDC6674EBFBC134C2B88FAC2061BB521C5FFFD,sources/base/美术素材/blobs/53/538cb557ee16b3fbdc5b01d7b4fdc6674ebfbc134c2b88fac2061bb521c5fffd.png,.png,image,source_composite,working_candidate,sources/draw/10_working/candidates/Zujian3/Zujian3_candidate_003.png,1,10_working,Zujian3_candidate_003.png,0,0,,base_source_evidence_only,pending_verification,pending_review,not_admitted,base_reference_only_pending_promotion,Retained as source/reference; not admitted to runtime.
53ADF6B5313EF05DBA8F0B94F2963898837A5504F479267C4D8B2F353BD220E7,sources/base/美术素材/blobs/53/53adf6b5313ef05dba8f0b94f2963898837a5504f479267c4d8b2f353bd220e7.png,.png,image,source_composite,working_candidate,sources/draw/10_working/candidates/5/5_candidate_036.png,1,10_working,5_candidate_036.png,0,0,,base_source_evidence_only,pending_verification,pending_review,not_admitted,base_reference_only_pending_promotion,Retained as source/reference; not admitted to runtime.
53CAD07937E2EE617B793D56C7B965FBE048070F3A71913370F51D8CC4A15218,sources/base/美术素材/blobs/53/53cad07937e2ee617b793d56c7b965fbe048070f3a71913370f51d8cc4a15218.png,.png,image,source_composite,working_candidate,sources/draw/10_working/candidates/Zuhe2/Zuhe2_candidate_022.png,1,10_working,Zuhe2_candidate_022.png,0,0,,base_source_evidence_only,pending_verification,pending_review,not_admitted,base_reference_only_pending_promotion,Retained as source/reference; not admitted to runtime.
53E748FF85EF482156F08148ADD58834482D8264D6533A787A59669C2FB73EA7,sources/base/美术素材/blobs/53/53e748ff85ef482156f08148add58834482d8264d6533a787a59669c2fb73ea7.png,.png,image,uncategorized_image,working_candidate,sources/draw/10_working/candidates/4/4_candidate_029.png,1,10_working,4_candidate_029.png,0,0,,base_source_evidence_only,pending_verification,pending_review,not_admitted,base_reference_only_pending_promotion,Retained as source/reference; not admitted to runtime.
53ED5AFB260BA5ED3603F27C7D697CB71D44C79B68FF105BBEBED70D9752CB32,sources/base/美术素材/blobs/53/53ed5afb260ba5ed3603f27c7d697cb71d44c79b68ff105bbebed70d9752cb32.png,.png,image,uncategorized_image,game_ready_source,sources/draw/30_game_ready/icons/64/03_saomiao_ge.png,1,30_game_ready,03_saomiao_ge.png,2,1,res://assets/ui/art19/map64/scanned_cell_64.png,base_source_evidence_only,pending_verification,pending_review,not_admitted,runtime_crosswalk_required,Exact runtime bytes exist; authority is decided per runtime row.
541F72BFA7337FF4B8B23819C5A0188CB59881DAC1FA78307A532DBE66A0DDEE,sources/base/美术素材/blobs/54/541f72bfa7337ff4b8b23819c5a0188cb59881dac1fa78307a532dbe66a0ddee.png,.png,image,world_prop,game_ready_source;runtime_candidate;selected_source,sources/draw/30_game_ready/props/03_baoxiang_guan.png,3,03_selected;05_export_runtime_candidates;30_game_ready,03_baoxiang_guan.png,1,1,res://assets/props/chest_closed.png,base_source_evidence_only,pending_verification,pending_review,not_admitted,runtime_crosswalk_required,Exact runtime bytes exist; authority is decided per runtime row.
5426CBCF75284BDE97B98A0E1677C9E78F349DCC6C78224F8E6441343BD0A3E2,sources/base/美术素材/blobs/54/5426cbcf75284bde97b98a0e1677c9e78f349dcc6c78224f8e6441343bd0a3e2.png,.png,image,deploy,game_ready_source;processed_source;runtime_candidate;selected_source,sources/draw/20_processed/ui_deploy_button/ui_button_back_main.png,4,03_selected;05_export_runtime_candidates;20_processed;30_game_ready,ui_button_back_main.png,0,1,res://assets/ui/deploy/buttons/ui_button_back_main.png,base_source_evidence_only,pending_verification,pending_review,not_admitted,runtime_crosswalk_required,Exact runtime bytes exist; authority is decided per runtime row.
5427E2109097524A9CACA431FF063344BD3C783A6FA0EE9EE7C24169CC408FB7,sources/base/美术素材/blobs/54/5427e2109097524a9caca431ff063344bd3c783a6fa0ee9ee7c24169cc408fb7.png,.png,image,source_composite,working_candidate,sources/draw/10_working/candidates/Zuhe/Zuhe_candidate_014.png,1,10_working,Zuhe_candidate_014.png,0,0,,base_source_evidence_only,pending_verification,pending_review,not_admitted,base_reference_only_pending_promotion,Retained as source/reference; not admitted to runtime.
54F22EC3F62C8AA997EAF7FD7FC293FC31C72119D48CB253342DC979CD20FFB7,sources/base/美术素材/blobs/54/54f22ec3f62c8aa997eaf7fd7fc293fc31c72119d48cb253342dc979cd20ffb7.png,.png,image,deploy,stage_evidence,sources/art/ART-20/03_cut_output/deploy_prep/deploy_equipment_slot/deploy_equipment_slot_item_equipment_flashlight.png,1,stage_output,deploy_equipment_slot_item_equipment_flashlight.png,0,1,res://assets/ui/art20/deploy/icons/deploy_equipment_slot_item_equipment_flashlight.png,base_source_evidence_only,pending_verification,pending_review,not_admitted,runtime_crosswalk_required,Exact runtime bytes exist; authority is decided per runtime row.
551E76F2F8A101B943704F0BC58C8781CB3692EF944162FAC76F97E5D0921414,sources/base/美术素材/blobs/55/551e76f2f8a101b943704f0bc58c8781cb3692ef944162fac76f97e5d0921414.png,.png,image,source_composite,working_candidate,sources/draw/10_working/candidates/Zujian2/Zujian2_candidate_007.png,1,10_working,Zujian2_candidate_007.png,0,0,,base_source_evidence_only,pending_verification,pending_review,not_admitted,base_reference_only_pending_promotion,Retained as source/reference; not admitted to runtime.
55B1B40BBC90B97A1C8FD6F0DAB23476EBCDB0E741748844A8D63F1670E0B74B,sources/base/美术素材/blobs/55/55b1b40bbc90b97a1c8fd6f0dab23476ebcdb0e741748844a8d63f1670e0b74b.png,.png,image,deploy,game_ready_source;processed_source;runtime_candidate;selected_source;stage_evidence,sources/draw/20_processed/ui_deploy_button/ui_button_nav_loadout.png,7,03_selected;05_export_runtime_candidates;20_processed;30_game_ready;stage_output,ui_button_nav_loadout.png;ui_deploy_prep_tab_primary_loadout.png;ui_long_term_tab_primary_loadout.png,0,1,res://assets/ui/deploy/buttons/ui_button_nav_loadout.png,base_source_evidence_only,pending_verification,pending_review,not_admitted,runtime_crosswalk_required,Exact runtime bytes exist; authority is decided per runtime row.
55C1AD3078A980CF9A5F52AD6335C4C803DDCDA12BA41EFD18D1EC03F5784BE7,sources/base/美术素材/blobs/55/55c1ad3078a980cf9a5f52ad6335c4c803ddcda12ba41efd18d1ec03f5784be7.png,.png,image,source_composite,working_candidate,sources/draw/10_working/candidates/3/3_candidate_045.png,1,10_working,3_candidate_045.png,0,0,,base_source_evidence_only,pending_verification,pending_review,not_admitted,base_reference_only_pending_promotion,Retained as source/reference; not admitted to runtime.
55E5163046C1BE7C15B2B53730E4A62590545388330AC6F50EBFB23BE2A8C206,sources/base/美术素材/blobs/55/55e5163046c1be7c15b2b53730e4a62590545388330ac6f50ebfb23be2a8c206.png,.png,image,source_composite,working_candidate,sources/draw/10_working/candidates/1/1_candidate_005.png,1,10_working,1_candidate_005.png,0,0,,base_source_evidence_only,pending_verification,pending_review,not_admitted,base_reference_only_pending_promotion,Retained as source/reference; not admitted to runtime.
564225C70CF9B3D6C9D7210EBEB654050C351E66D8FB42440C13AC9AE56DBBCD,sources/base/美术素材/blobs/56/564225c70cf9b3d6c9d7210ebeb654050c351e66d8fb42440c13ac9ae56dbbcd.png,.png,image,source_composite,working_candidate,sources/draw/10_working/candidates/Zuhe2/Zuhe2_candidate_116.png,1,10_working,Zuhe2_candidate_116.png,0,0,,base_source_evidence_only,pending_verification,pending_review,not_admitted,base_reference_only_pending_promotion,Retained as source/reference; not admitted to runtime.
568BC36ABCBA7DD089184C42283E2C1A3A09FCB96D25A64631F48648A8FCE456,sources/base/美术素材/blobs/56/568bc36abcba7dd089184c42283e2c1a3a09fcb96d25a64631f48648a8fce456.png,.png,image,actor_animation_source,game_ready_source;processed_source;source_reference,sources/draw/20_processed/characters/tuzi/frames/03_right_idle.png,3,20_processed;30_game_ready;art_other,03_right_idle.png,7,0,,base_source_evidence_only,pending_verification,pending_review,not_admitted,base_reference_only_pending_promotion,Retained as source/reference; not admitted to runtime.
56C00AFD49CA374A53C9DC81A7E81883BD97CB0A995747C0108FD45D9B86C07F,sources/base/美术素材/blobs/56/56c00afd49ca374a53c9dc81a7e81883bd97cb0a995747c0108fd45d9b86c07f.png,.png,image,world_prop,game_ready_source;runtime_candidate;selected_source,sources/draw/30_game_ready/props/04_shangren_tai.png,3,03_selected;05_export_runtime_candidates;30_game_ready,04_shangren_tai.png,1,1,res://assets/props/art07/04_shangren_tai.png,base_source_evidence_only,pending_verification,pending_review,not_admitted,runtime_crosswalk_required,Exact runtime bytes exist; authority is decided per runtime row.
574F617B925C4B03A76F465F00BE16F5B24948E382AA0C60392D9C5D3EE7FC93,sources/base/美术素材/blobs/57/574f617b925c4b03a76f465f00be16f5b24948e382aa0c60392d9c5d3ee7fc93.png,.png,image,uncategorized_image,working_candidate,sources/draw/10_working/candidates/2/2_candidate_038.png,1,10_working,2_candidate_038.png,0,0,,base_source_evidence_only,pending_verification,pending_review,not_admitted,base_reference_only_pending_promotion,Retained as source/reference; not admitted to runtime.
57645A3955E0C3478C7135ADBE1D69209A0FF854F2C213B9B91485D1C2782E16,sources/base/美术素材/blobs/57/57645a3955e0c3478c7135adbe1d69209a0ff854f2c213b9b91485d1c2782e16.png,.png,image,world_prop,game_ready_source;runtime_candidate;selected_source,sources/draw/30_game_ready/props/09_jinbi_dui.png,3,03_selected;05_export_runtime_candidates;30_game_ready,09_jinbi_dui.png,1,1,res://assets/props/gold_pile.png,base_source_evidence_only,pending_verification,pending_review,not_admitted,runtime_crosswalk_required,Exact runtime bytes exist; authority is decided per runtime row.
578B1A0498EB34C117F45D78DE7A47DBFA604D2705B953E46940F4317302F02A,sources/base/美术素材/blobs/57/578b1a0498eb34c117f45d78de7a47dbfa604d2705b953e46940f4317302f02a.png,.png,image,deploy,game_ready_source;processed_source;runtime_candidate;selected_source;stage_evidence,sources/draw/20_processed/ui_deploy_button/ui_button_nav_recovery.png,7,03_selected;05_export_runtime_candidates;20_processed;30_game_ready;stage_output,ui_button_nav_recovery.png;ui_deploy_prep_tab_primary_recovery.png;ui_long_term_tab_primary_recovery.png,0,1,res://assets/ui/deploy/buttons/ui_button_nav_recovery.png,base_source_evidence_only,pending_verification,pending_review,not_admitted,runtime_crosswalk_required,Exact runtime bytes exist; authority is decided per runtime row.
57D63A7C4CB7CAB747DC7C18F99AFC8EBD5D2C885712EAD7774553ECEB16EAF5,sources/base/美术素材/blobs/57/57d63a7c4cb7cab747dc7c18f99afc8ebd5d2c885712ead7774553eceb16eaf5.png,.png,image,world_prop,game_ready_source,sources/draw/30_game_ready/icons/64/07_baoxiang_icon.png,1,30_game_ready,07_baoxiang_icon.png,2,1,res://assets/ui/art19/map64/chest_icon_64.png,base_source_evidence_only,pending_verification,pending_review,not_admitted,runtime_crosswalk_required,Exact runtime bytes exist; authority is decided per runtime row.
581D15BFE3313164CBA9C3F20F55BA23614CCCFB6723DEEF0F45E029CB845276,sources/base/美术素材/blobs/58/581d15bfe3313164cba9c3f20f55ba23614cccfb6723deef0f45e029cb845276.png,.png,image,actor_animation_source,source_reference,sources/draw/processed/Tuzigai/11_right_walk_2.png,1,draw_other,11_right_walk_2.png,7,0,,base_source_evidence_only,pending_verification,pending_review,not_admitted,base_reference_only_pending_promotion,Retained as source/reference; not admitted to runtime.
582FCA8CCA7A725A72475AE8EE1A9BE5375DE6576C3C97195912ED5D95AA6DA2,sources/base/美术素材/blobs/58/582fca8cca7a725a72475ae8ee1a9be5375de6576c3c97195912ed5d95aa6da2.json,.json,metadata,source_metadata,processed_source,sources/draw/20_processed/ui/manifest.json,1,20_processed,manifest.json,11,0,,base_source_evidence_only,pending_verification,pending_review,not_admitted,source_support_not_runtime_art,"Registry, metadata, document, or other support object."
587031CBE90F37386CBD4E3B0FDF3E59C829BEB44A52FDA6C530EC9A72DF6511,sources/base/美术素材/blobs/58/587031cbe90f37386cbd4e3b0fdf3e59c829beb44a52fda6c530ec9a72df6511.png,.png,image,source_composite,working_candidate,sources/draw/10_working/candidates/Zuhe2/Zuhe2_candidate_066.png,1,10_working,Zuhe2_candidate_066.png,0,0,,base_source_evidence_only,pending_verification,pending_review,not_admitted,base_reference_only_pending_promotion,Retained as source/reference; not admitted to runtime.
5875BB252BBACE05CBDC16573C2EED5EC4622F6E2D5ED081CC978759B16C0200,sources/base/美术素材/blobs/58/5875bb252bbace05cbdc16573c2eed5ec4622f6e2d5ed081cc978759b16c0200.png,.png,image,uncategorized_image,working_candidate,sources/draw/10_working/candidates/5/5_candidate_008.png,1,10_working,5_candidate_008.png,0,0,,base_source_evidence_only,pending_verification,pending_review,not_admitted,base_reference_only_pending_promotion,Retained as source/reference; not admitted to runtime.
58834CB597C67AEE06F6AF1266A460B62C185B82C5352B51C9ED8CD9C676FC01,sources/base/美术素材/blobs/58/58834cb597c67aee06f6af1266a460b62c185b82c5352b51c9ed8cd9c676fc01.png,.png,image,main_menu,stage_evidence,sources/art/ART-21R2/03_cut_output/main_menu/ui_art21r2_main_menu_entry_plank_settings.png,1,stage_output,ui_art21r2_main_menu_entry_plank_settings.png,0,1,res://assets/ui/art21r2/main_menu/ui_art21r2_main_menu_entry_plank_settings.png,base_source_evidence_only,pending_verification,pending_review,not_admitted,runtime_crosswalk_required,Exact runtime bytes exist; authority is decided per runtime row.
589F3BA31F78DCF07812080FA840BE844E0F33ABCD0D5ACFE19485B729DAF4FA,sources/base/美术素材/blobs/58/589f3ba31f78dcf07812080fa840be844e0f33abcd0d5acfe19485b729daf4fa.png,.png,image,source_composite,working_candidate,sources/draw/10_working/candidates/1/1_candidate_045.png,1,10_working,1_candidate_045.png,0,0,,base_source_evidence_only,pending_verification,pending_review,not_admitted,base_reference_only_pending_promotion,Retained as source/reference; not admitted to runtime.
58B4D85001E6D26C9E6C2A4F67E89F4B5F838DEE7A8FD971306084643E5FDEAB,sources/base/美术素材/blobs/58/58b4d85001e6d26c9e6c2a4f67e89f4b5f838dee7a8fd971306084643e5fdeab.png,.png,image,source_composite,working_candidate,sources/draw/10_working/candidates/Zuhe2/Zuhe2_candidate_011.png,1,10_working,Zuhe2_candidate_011.png,0,0,,base_source_evidence_only,pending_verification,pending_review,not_admitted,base_reference_only_pending_promotion,Retained as source/reference; not admitted to runtime.
59018A31F0FED49BA74B5A49B5E7C81E45E4A6245AC1108EF31D69EA1917C2EF,sources/base/美术素材/blobs/59/59018a31f0fed49ba74b5a49b5e7c81e45e4a6245ac1108ef31d69ea1917c2ef.png,.png,image,source_composite,working_candidate,sources/draw/10_working/candidates/4/4_candidate_006.png,1,10_working,4_candidate_006.png,0,0,,base_source_evidence_only,pending_verification,pending_review,not_admitted,base_reference_only_pending_promotion,Retained as source/reference; not admitted to runtime.
594152A9948D9FFB612C3B4585F66392ABA073E64E7FF17529E1D4E4E40F72D3,sources/base/美术素材/blobs/59/594152a9948d9ffb612c3b4585f66392aba073e64e7ff17529e1d4e4e40f72d3.png,.png,image,uncategorized_image,working_candidate,sources/draw/10_working/candidates/4/4_candidate_020.png,1,10_working,4_candidate_020.png,0,0,,base_source_evidence_only,pending_verification,pending_review,not_admitted,base_reference_only_pending_promotion,Retained as source/reference; not admitted to runtime.
594862B569F0D9DFBA88FE14A9CABAA4838B153BFB99AA9C80845B63843FF501,sources/base/美术素材/blobs/59/594862b569f0d9dfba88fe14a9cabaa4838b153bfb99aa9c80845b63843ff501.png,.png,image,source_composite,working_candidate,sources/draw/10_working/candidates/2/2_candidate_026.png,1,10_working,2_candidate_026.png,0,0,,base_source_evidence_only,pending_verification,pending_review,not_admitted,base_reference_only_pending_promotion,Retained as source/reference; not admitted to runtime.
59755FC74D3712E4317D4F3AB0143DF87D3992EAD105E53B56EA1A4B0CD6EB4F,sources/base/美术素材/blobs/59/59755fc74d3712e4317d4f3ab0143df87d3992ead105e53b56ea1a4b0cd6eb4f.png,.png,image,source_composite,prototype_reference,sources/art/M1/1.png,1,M1,1.png,1,0,,base_source_evidence_only,pending_verification,pending_review,not_admitted,base_reference_only_pending_promotion,Retained as source/reference; not admitted to runtime.
5A76F645DF4DCD6242332FC77FAF072CA86BEE7FFF7D876983E578E09373E3F7,sources/base/美术素材/blobs/5a/5a76f645df4dcd6242332fc77faf072ca86bee7fff7d876983e578e09373e3f7.png,.png,image,ui_component,stage_evidence,sources/art/ART-20/03_cut_output/long_term/longterm_collection_card/longterm_collection_card_ui_panel_terminal_main.png,1,stage_output,longterm_collection_card_ui_panel_terminal_main.png,0,0,,base_source_evidence_only,pending_verification,pending_review,not_admitted,base_reference_only_pending_promotion,Retained as source/reference; not admitted to runtime.
5A85F1A76651846478B1F03E1FD1686280BC8C4701F30FF7D12B1BBFAE1ABE43,sources/base/美术素材/blobs/5a/5a85f1a76651846478b1f03e1fd1686280bc8c4701f30ff7d12b1bbfae1abe43.png,.png,image,source_composite,working_candidate,sources/draw/10_working/candidates/5/5_candidate_003.png,1,10_working,5_candidate_003.png,0,0,,base_source_evidence_only,pending_verification,pending_review,not_admitted,base_reference_only_pending_promotion,Retained as source/reference; not admitted to runtime.
5B1D0EAFCDCC3E35C273F68515BB98AA4636D6CEC56117E7BDC5686123BAABC3,sources/base/美术素材/blobs/5b/5b1d0eafcdcc3e35c273f68515bb98aa4636d6cec56117e7bdc5686123baabc3.png,.png,image,actor_animation_source,stage_evidence,sources/art/ART-21/03_cut_output/run/ui_art21_run_bottom_overlay_frame.png,2,stage_output,ui_art21_run_bottom_overlay_frame.png,0,1,res://assets/ui/art21/run/ui_art21_run_bottom_overlay_frame.png,base_source_evidence_only,pending_verification,pending_review,not_admitted,runtime_crosswalk_required,Exact runtime bytes exist; authority is decided per runtime row.
5B3AAA9E48CEEA557CE441C928703203B27335130449D9A067590EAF3408072E,sources/base/美术素材/blobs/5b/5b3aaa9e48ceea557ce441c928703203b27335130449d9a067590eaf3408072e.png,.png,image,iconography,game_ready_source,sources/draw/30_game_ready/icons/64/10_yiqingli_icon.png,1,30_game_ready,10_yiqingli_icon.png,2,0,,base_source_evidence_only,pending_verification,pending_review,not_admitted,base_reference_only_pending_promotion,Retained as source/reference; not admitted to runtime.
5B3DE3142812279B090CBFAEAE0F3E5E1BB8A059F5BBE3446CDEC6DC3361B498,sources/base/美术素材/blobs/5b/5b3de3142812279b090cbfaeae0f3e5e1bb8a059f5bbe3446cdec6dc3361b498.png,.png,image,iconography,processed_source,sources/draw/20_processed/ui/raw/lingjian_icon.png,1,20_processed,lingjian_icon.png,0,2,res://assets/art24/ui/ue/ui_bar_warning.png;res://assets/ui/hud/bar_warning.png,base_source_evidence_only,pending_verification,pending_review,not_admitted,runtime_crosswalk_required,Exact runtime bytes exist; authority is decided per runtime row.
5B46FD73EE147E3C1C401B501FDFD065B4C37AFA5A09ED89D739AF0D26840E21,sources/base/美术素材/blobs/5b/5b46fd73ee147e3c1c401b501fdfd065b4c37afa5a09ed89d739af0d26840e21.png,.png,image,source_composite,working_candidate,sources/draw/10_working/candidates/1/1_candidate_054.png,1,10_working,1_candidate_054.png,0,0,,base_source_evidence_only,pending_verification,pending_review,not_admitted,base_reference_only_pending_promotion,Retained as source/reference; not admitted to runtime.
5B6B9159A07857B603013077E88840B4063A41BFC03C1B553C271F7ADED748F0,sources/base/美术素材/blobs/5b/5b6b9159a07857b603013077e88840b4063a41bfc03c1b553c271f7aded748f0.png,.png,image,uncategorized_image,working_candidate,sources/draw/10_working/candidates/3/3_candidate_069.png,1,10_working,3_candidate_069.png,0,0,,base_source_evidence_only,pending_verification,pending_review,not_admitted,base_reference_only_pending_promotion,Retained as source/reference; not admitted to runtime.
5B74ACCCAF1D3C7AA7325971D5C9F2F65F2CCB9E74E06E500B311DACB645A4EB,sources/base/美术素材/blobs/5b/5b74acccaf1d3c7aa7325971d5c9f2f65f2ccb9e74e06e500b311dacb645a4eb.png,.png,image,reference_capture,packaged_base_input;visual_target,sources/art/Base/6.17问题1.png,2,08_visual_targets;Base,6.17问题1.png,0,0,,base_source_evidence_only,pending_verification,pending_review,not_admitted,base_reference_only_pending_promotion,Retained as source/reference; not admitted to runtime.
5CCAC527BD87B9814580FCF9733BE4F36445CBD2FD0E411CEADB4A47F296458F,sources/base/美术素材/blobs/5c/5ccac527bd87b9814580fcf9733be4f36445cbd2fd0e411ceadb4a47f296458f.csv,.csv,table,source_registry,stage_evidence,sources/art/ART-21R2/_manifest/map_overlay_marker_cut_dry_run_plan.csv,1,stage_output,map_overlay_marker_cut_dry_run_plan.csv,0,0,,base_source_evidence_only,pending_verification,pending_review,not_admitted,source_support_not_runtime_art,"Registry, metadata, document, or other support object."
5D4A06C6DC2CCA014B61E513C5D05845B3687921AD37BA2B962532A842894CC8,sources/base/美术素材/blobs/5d/5d4a06c6dc2cca014b61e513c5d05845b3687921ad37ba2b962532a842894cc8.png,.png,image,source_composite,working_candidate,sources/draw/10_working/candidates/3/3_candidate_092.png,1,10_working,3_candidate_092.png,0,0,,base_source_evidence_only,pending_verification,pending_review,not_admitted,base_reference_only_pending_promotion,Retained as source/reference; not admitted to runtime.
5DE20696F908253DA297E8154ACFDD1E057275CB9939BF26640BF76AB044263F,sources/base/美术素材/blobs/5d/5de20696f908253da297e8154acfdd1e057275cb9939bf26640bf76ab044263f.png,.png,image,source_composite,working_candidate,sources/draw/10_working/candidates/5/5_candidate_056.png,1,10_working,5_candidate_056.png,0,0,,base_source_evidence_only,pending_verification,pending_review,not_admitted,base_reference_only_pending_promotion,Retained as source/reference; not admitted to runtime.
5E2E77AEC658DAFB51B700E0B374050AC1209647776870CA495675683705BAE7,sources/base/美术素材/blobs/5e/5e2e77aec658dafb51b700e0b374050ac1209647776870ca495675683705bae7.png,.png,image,iconography,processed_source,sources/draw/20_processed/icons/raw/05_dici_xianjing_icon.png,1,20_processed,05_dici_xianjing_icon.png,2,0,,base_source_evidence_only,pending_verification,pending_review,not_admitted,base_reference_only_pending_promotion,Retained as source/reference; not admitted to runtime.
5E4DE5169476D1DFF1C19C29D1C5C140F41959F7E9E6B0DCB753EFFFECB5F41C,sources/base/美术素材/blobs/5e/5e4de5169476d1dff1c19c29d1c5c140f41959f7e9e6b0dcb753efffecb5f41c.png,.png,image,uncategorized_image,working_candidate,sources/draw/10_working/candidates/4/4_candidate_028.png,1,10_working,4_candidate_028.png,0,0,,base_source_evidence_only,pending_verification,pending_review,not_admitted,base_reference_only_pending_promotion,Retained as source/reference; not admitted to runtime.
5E8178CEFF3FB16B2DC5ECF8B05E51A765F051CA6F7F93CDB11C0B1772EBC98B,sources/base/美术素材/blobs/5e/5e8178ceff3fb16b2dc5ecf8b05e51a765f051ca6f7f93cdb11c0b1772ebc98b.png,.png,image,source_composite,working_candidate,sources/draw/10_working/candidates/3/3_candidate_056.png,1,10_working,3_candidate_056.png,0,0,,base_source_evidence_only,pending_verification,pending_review,not_admitted,base_reference_only_pending_promotion,Retained as source/reference; not admitted to runtime.
5E9CA916B7B3478D3BBD38F0E5C18C49FFDD253935454348D5007BD860B7E4DB,sources/base/美术素材/blobs/5e/5e9ca916b7b3478d3bbd38f0e5c18c49ffdd253935454348d5007bd860b7e4db.png,.png,image,uncategorized_image,working_candidate,sources/draw/10_working/candidates/4/4_candidate_040.png,1,10_working,4_candidate_040.png,0,0,,base_source_evidence_only,pending_verification,pending_review,not_admitted,base_reference_only_pending_promotion,Retained as source/reference; not admitted to runtime.
5ECE67F8AC4CED019E71DCFB256C961F670A1B947422DE175038B75892E66B9A,sources/base/美术素材/blobs/5e/5ece67f8ac4ced019e71dcfb256c961f670a1b947422de175038b75892e66b9a.png,.png,image,source_composite,working_candidate,sources/draw/10_working/candidates/1/1_candidate_034.png,1,10_working,1_candidate_034.png,0,0,,base_source_evidence_only,pending_verification,pending_review,not_admitted,base_reference_only_pending_promotion,Retained as source/reference; not admitted to runtime.
5F3DC7C5C3D2C2C187F94B15AC76ECCA82AF4AF7C6A76A30086ACE211367BB9B,sources/base/美术素材/blobs/5f/5f3dc7c5c3d2c2c187f94b15ac76ecca82af4af7c6a76a30086ace211367bb9b.png,.png,image,source_composite,working_candidate,sources/draw/10_working/candidates/3/3_candidate_053.png,1,10_working,3_candidate_053.png,0,0,,base_source_evidence_only,pending_verification,pending_review,not_admitted,base_reference_only_pending_promotion,Retained as source/reference; not admitted to runtime.
5F665EED9862922AD662E46207FBCACDA0A9FF108795BA3F0AB17A768DCC9F26,sources/base/美术素材/blobs/5f/5f665eed9862922ad662e46207fbcacda0a9ff108795ba3f0ab17a768dcc9f26.png,.png,image,source_composite,working_candidate,sources/draw/10_working/candidates/Zuhe/Zuhe_candidate_030.png,1,10_working,Zuhe_candidate_030.png,0,0,,base_source_evidence_only,pending_verification,pending_review,not_admitted,base_reference_only_pending_promotion,Retained as source/reference; not admitted to runtime.
5F675030C82B29AAF303AE5AAB160AB536DAD736D850C400C2F7C522B59A2B1E,sources/base/美术素材/blobs/5f/5f675030c82b29aaf303ae5aab160ab536dad736d850c400c2f7c522b59a2b1e.png,.png,image,source_composite,working_candidate,sources/draw/10_working/candidates/Zuhe2/Zuhe2_candidate_075.png,1,10_working,Zuhe2_candidate_075.png,0,0,,base_source_evidence_only,pending_verification,pending_review,not_admitted,base_reference_only_pending_promotion,Retained as source/reference; not admitted to runtime.
5F9BB07C68031B263896357389FE17D507B3C0B50C16172B363D5814B33D00E2,sources/base/美术素材/blobs/5f/5f9bb07c68031b263896357389fe17d507b3c0b50c16172b363d5814b33d00e2.png,.png,image,uncategorized_image,working_candidate,sources/draw/10_working/candidates/5/5_candidate_058.png,1,10_working,5_candidate_058.png,0,0,,base_source_evidence_only,pending_verification,pending_review,not_admitted,base_reference_only_pending_promotion,Retained as source/reference; not admitted to runtime.
5FD948CC63DF05028E9DDB29EA64A11398D813D2698937786D6851FA9E5A05D7,sources/base/美术素材/blobs/5f/5fd948cc63df05028e9ddb29ea64a11398d813d2698937786d6851fa9e5a05d7.png,.png,image,world_prop,processed_source,sources/draw/20_processed/props/raw/06_dici_xianjing.png,1,20_processed,06_dici_xianjing.png,1,0,,base_source_evidence_only,pending_verification,pending_review,not_admitted,base_reference_only_pending_promotion,Retained as source/reference; not admitted to runtime.
5FFB36AB94A7D72A4156666A22271A95EF2F5AD1BA54AD858B3BFFEE2673B4F7,sources/base/美术素材/blobs/5f/5ffb36ab94a7d72a4156666a22271a95ef2f5ad1ba54ad858b3bffee2673b4f7.png,.png,image,source_composite,working_candidate,sources/draw/10_working/candidates/5/5_candidate_063.png,1,10_working,5_candidate_063.png,0,0,,base_source_evidence_only,pending_verification,pending_review,not_admitted,base_reference_only_pending_promotion,Retained as source/reference; not admitted to runtime.
6093CE72A2F904911802C864FABE688399620E5EB30AF8FAD4F0450E6046F489,sources/base/美术素材/blobs/60/6093ce72a2f904911802c864fabe688399620e5eb30af8fad4f0450e6046f489.png,.png,image,item,processed_source,sources/draw/20_processed/item_recovered/item_anomaly_core.png,1,20_processed,item_anomaly_core.png,0,0,,base_source_evidence_only,pending_verification,pending_review,not_admitted,base_reference_only_pending_promotion,Retained as source/reference; not admitted to runtime.
609C73CDDC5300809CF78E8E341DF5F077916CC8983BC0847FBFC9006AB9B6A6,sources/base/美术素材/blobs/60/609c73cddc5300809cf78e8e341df5f077916cc8983bc0847fbfc9006ab9b6a6.png,.png,image,world_prop,game_ready_source;runtime_candidate;selected_source,sources/draw/30_game_ready/props/07_lingjian_dui.png,3,03_selected;05_export_runtime_candidates;30_game_ready,07_lingjian_dui.png,1,1,res://assets/props/art07/07_lingjian_dui.png,base_source_evidence_only,pending_verification,pending_review,not_admitted,runtime_crosswalk_required,Exact runtime bytes exist; authority is decided per runtime row.
60DC899CEB4547899829FE2F675974E9EADE876D1C99299EC38F1184C6B4B63A,sources/base/美术素材/blobs/60/60dc899ceb4547899829fe2f675974e9eade876d1c99299ec38f1184c6b4b63a.png,.png,image,world_prop,processed_source,sources/draw/20_processed/props/raw/08_saomiaoyi.png,1,20_processed,08_saomiaoyi.png,1,0,,base_source_evidence_only,pending_verification,pending_review,not_admitted,base_reference_only_pending_promotion,Retained as source/reference; not admitted to runtime.
616012A5B050C88A3E7CAA5E5106D95DE5C08D054B4AFDDCD643150F75A2506D,sources/base/美术素材/blobs/61/616012a5b050c88a3e7caa5e5106d95de5c08d054b4afddcd643150f75a2506d.png,.png,image,source_composite,working_candidate,sources/draw/10_working/candidates/3/3_candidate_006.png,1,10_working,3_candidate_006.png,0,0,,base_source_evidence_only,pending_verification,pending_review,not_admitted,base_reference_only_pending_promotion,Retained as source/reference; not admitted to runtime.
61738B221C6F6423AC2459FB9FA353FD4B593446821D90B856FBCCB370011A91,sources/base/美术素材/blobs/61/61738b221c6f6423ac2459fb9fa353fd4b593446821d90b856fbccb370011a91.png,.png,image,ui_component,processed_source,sources/draw/20_processed/ui/raw/xuetiao_tianchong.png,1,20_processed,xuetiao_tianchong.png,1,0,,base_source_evidence_only,pending_verification,pending_review,not_admitted,base_reference_only_pending_promotion,Retained as source/reference; not admitted to runtime.
61C2CD742A80EEA9C33AFE817806FD28EC5BF8B4D98B1C045B48C38175731D74,sources/base/美术素材/blobs/61/61c2cd742a80eea9c33afe817806fd28ec5bf8b4d98b1c045b48c38175731d74.png,.png,image,source_composite,working_candidate,sources/draw/10_working/candidates/Zuhe2/Zuhe2_candidate_076.png,1,10_working,Zuhe2_candidate_076.png,0,0,,base_source_evidence_only,pending_verification,pending_review,not_admitted,base_reference_only_pending_promotion,Retained as source/reference; not admitted to runtime.
61D5333C079202E2BB7900A1EBE6B8946E68D4B108A931A1C32D8858CAA52053,sources/base/美术素材/blobs/61/61d5333c079202e2bb7900a1ebe6b8946e68d4b108a931a1c32d8858caa52053.png,.png,image,source_composite,working_candidate,sources/draw/10_working/candidates/Zuhe2/Zuhe2_candidate_090.png,1,10_working,Zuhe2_candidate_090.png,0,0,,base_source_evidence_only,pending_verification,pending_review,not_admitted,base_reference_only_pending_promotion,Retained as source/reference; not admitted to runtime.
625FE1681A3DDC6FEE1EC0F30533E67EEAFA150192C6B6D5C9FB5B8F08FB8625,sources/base/美术素材/blobs/62/625fe1681a3ddc6fee1ec0f30533e67eeafa150192c6b6d5c9fb5b8f08fb8625.png,.png,image,actor_animation_source,source_reference,sources/draw/processed/Huanxionggai/11_right_walk_2.png,1,draw_other,11_right_walk_2.png,7,0,,base_source_evidence_only,pending_verification,pending_review,not_admitted,base_reference_only_pending_promotion,Retained as source/reference; not admitted to runtime.
626CE9A63962D10F7FDCEED8574005F0FB13A7081975F4EE8663CAE760E88A96,sources/base/美术素材/blobs/62/626ce9a63962d10f7fdceed8574005f0fb13a7081975f4ee8663cae760e88a96.png,.png,image,source_composite,working_candidate,sources/draw/10_working/candidates/Zuhe/Zuhe_candidate_004.png,1,10_working,Zuhe_candidate_004.png,0,0,,base_source_evidence_only,pending_verification,pending_review,not_admitted,base_reference_only_pending_promotion,Retained as source/reference; not admitted to runtime.
62856A32A733EBFBA9F85E030A7F834260D0280E9726CAD8C6F153056866A901,sources/base/美术素材/blobs/62/62856a32a733ebfba9f85e030a7f834260d0280e9726cad8c6f153056866a901.png,.png,image,uncategorized_image,working_candidate,sources/draw/10_working/candidates/5/5_candidate_027.png,1,10_working,5_candidate_027.png,0,0,,base_source_evidence_only,pending_verification,pending_review,not_admitted,base_reference_only_pending_promotion,Retained as source/reference; not admitted to runtime.
628C744682B92DC3D60B622215C0C616D248DA0C2BAA6339CBAAC290A3B08029,sources/base/美术素材/blobs/62/628c744682b92dc3d60b622215c0c616d248da0c2baa6339cbaac290a3b08029.png,.png,image,ui_component,processed_source,sources/draw/20_processed/ui/raw/xuetiao_kuang.png,1,20_processed,xuetiao_kuang.png,0,2,res://assets/art24/ui/ue/ui_bar_frame.png;res://assets/ui/hud/bar_frame.png,base_source_evidence_only,pending_verification,pending_review,not_admitted,runtime_crosswalk_required,Exact runtime bytes exist; authority is decided per runtime row.
62C0DDD281FFBF5F3D12F5428B0A1101DF4881F9D2E48CB41EE3267F002D22AD,sources/base/美术素材/blobs/62/62c0ddd281ffbf5f3d12f5428b0a1101df4881f9d2e48cb41ee3267f002d22ad.png,.png,image,source_composite,working_candidate,sources/draw/10_working/candidates/Zuhe2/Zuhe2_candidate_084.png,1,10_working,Zuhe2_candidate_084.png,0,0,,base_source_evidence_only,pending_verification,pending_review,not_admitted,base_reference_only_pending_promotion,Retained as source/reference; not admitted to runtime.
62F9371CF0D2FD6783248A9B18FFE5F528F27CF2B47BA191947731DCD9792175,sources/base/美术素材/blobs/62/62f9371cf0d2fd6783248a9b18ffe5f528f27cf2b47ba191947731dcd9792175.png,.png,image,source_composite,working_candidate,sources/draw/10_working/candidates/Zuhe/Zuhe_candidate_007.png,1,10_working,Zuhe_candidate_007.png,0,0,,base_source_evidence_only,pending_verification,pending_review,not_admitted,base_reference_only_pending_promotion,Retained as source/reference; not admitted to runtime.
63585E63BD4BFA250387545C54B274B332996820F52C260ADAC6C80FCA0B20FC,sources/base/美术素材/blobs/63/63585e63bd4bfa250387545c54b274b332996820f52c260adac6c80fca0b20fc.png,.png,image,actor_animation_source,game_ready_source;processed_source;source_reference,sources/draw/20_processed/characters/mao/frames/07_right_walk_1.png,3,20_processed;30_game_ready;art_other,07_right_walk_1.png,7,0,,base_source_evidence_only,pending_verification,pending_review,not_admitted,base_reference_only_pending_promotion,Retained as source/reference; not admitted to runtime.
63A39877D5EB8FB6A763016A305FDF8CF98DB53699D83D9A1E3A1C1D3C71FFBD,sources/base/美术素材/blobs/63/63a39877d5eb8fb6a763016a305fdf8cf98db53699d83d9a1e3a1c1d3c71ffbd.png,.png,image,source_composite,working_candidate,sources/draw/10_working/candidates/Zuhe/Zuhe_candidate_049.png,1,10_working,Zuhe_candidate_049.png,0,0,,base_source_evidence_only,pending_verification,pending_review,not_admitted,base_reference_only_pending_promotion,Retained as source/reference; not admitted to runtime.
63A3BEB859FDDC874470B705F3A219F186CED5F160BD662D97CA2065B6AF234D,sources/base/美术素材/blobs/63/63a3beb859fddc874470b705f3a219f186ced5f160bd662d97ca2065b6af234d.png,.png,image,actor_animation_source,source_reference,sources/draw/processed/Maogai/11_right_walk_2.png,1,draw_other,11_right_walk_2.png,7,0,,base_source_evidence_only,pending_verification,pending_review,not_admitted,base_reference_only_pending_promotion,Retained as source/reference; not admitted to runtime.
63A62BF0306BCB6727C596857D1CAB838E09768CADAFD8A80A67261930BC97DB,sources/base/美术素材/blobs/63/63a62bf0306bcb6727c596857d1cab838e09768cadafd8a80a67261930bc97db.png,.png,image,source_composite,working_candidate,sources/draw/10_working/candidates/2/2_candidate_013.png,1,10_working,2_candidate_013.png,0,0,,base_source_evidence_only,pending_verification,pending_review,not_admitted,base_reference_only_pending_promotion,Retained as source/reference; not admitted to runtime.
63B06815092A6E22CDD18BF4345564CA1307489E99FE03F26B996D55B39D62E1,sources/base/美术素材/blobs/63/63b06815092a6e22cdd18bf4345564ca1307489e99fe03f26b996d55b39d62e1.png,.png,image,ui_component,stage_evidence,sources/art/ART-21/03_cut_output/shared/buttons/ui_art21_shared_tab_normal.png,2,stage_output,ui_art21_shared_tab_normal.png,0,1,res://assets/ui/art21/shared/buttons/ui_art21_shared_tab_normal.png,base_source_evidence_only,pending_verification,pending_review,not_admitted,runtime_crosswalk_required,Exact runtime bytes exist; authority is decided per runtime row.
63B09D8CF45A920FFED4D1099E339340458B14525B61751149C553E05B8E340B,sources/base/美术素材/blobs/63/63b09d8cf45a920ffed4d1099e339340458b14525b61751149c553e05b8e340b.png,.png,image,source_composite,working_candidate,sources/draw/10_working/candidates/5/5_candidate_005.png,1,10_working,5_candidate_005.png,0,0,,base_source_evidence_only,pending_verification,pending_review,not_admitted,base_reference_only_pending_promotion,Retained as source/reference; not admitted to runtime.
63ED297D403E441C2C292015B0C27BF404B30AC94BE19F560CD387B0586804C3,sources/base/美术素材/blobs/63/63ed297d403e441c2c292015b0c27bf404b30ac94be19f560cd387b0586804c3.png,.png,image,ui_component,processed_source,sources/draw/20_processed/ui/raw/jiaohu_tishi.png,1,20_processed,jiaohu_tishi.png,0,2,res://assets/art24/ui/ue/ui_mine_risk_tag.png;res://assets/ui/hud/mine_risk_tag.png,base_source_evidence_only,pending_verification,pending_review,not_admitted,runtime_crosswalk_required,Exact runtime bytes exist; authority is decided per runtime row.
64073B659BA8CF680DEC32F7B820C55F48FCE05FD5CC856C86A00231880A0410,sources/base/美术素材/blobs/64/64073b659ba8cf680dec32f7b820c55f48fce05fd5cc856c86a00231880a0410.png,.png,image,ui_component,stage_evidence,sources/art/ART-21/03_cut_output/shared/panels/ui_art21_shared_panel_page_frame_normal.png,2,stage_output,ui_art21_shared_panel_page_frame_normal.png,0,1,res://assets/ui/art21/shared/panels/ui_art21_shared_panel_page_frame_normal.png,base_source_evidence_only,pending_verification,pending_review,not_admitted,runtime_crosswalk_required,Exact runtime bytes exist; authority is decided per runtime row.
644D9A5625BB7036F21CB2E145BDCADBE4D85584E1C9B0D764B668DCC8721401,sources/base/美术素材/blobs/64/644d9a5625bb7036f21cb2e145bdcadbe4d85584e1c9b0d764b668dcc8721401.png,.png,image,source_composite,working_candidate,sources/draw/10_working/candidates/3/3_candidate_015.png,1,10_working,3_candidate_015.png,0,0,,base_source_evidence_only,pending_verification,pending_review,not_admitted,base_reference_only_pending_promotion,Retained as source/reference; not admitted to runtime.
64855415BBBC3B5802786628951158D46D0B14EA125DF9C939B1F445B2852134,sources/base/美术素材/blobs/64/64855415bbbc3b5802786628951158d46d0b14ea125df9c939b1f445b2852134.png,.png,image,source_composite,prototype_reference,sources/art/M1/2.png,1,M1,2.png,1,0,,base_source_evidence_only,pending_verification,pending_review,not_admitted,base_reference_only_pending_promotion,Retained as source/reference; not admitted to runtime.
649751400C0E5A941BEDB3D5EB08CB5DF56376C2311285D3D301F97645579778,sources/base/美术素材/blobs/64/649751400c0e5a941bedb3d5eb08cb5df56376c2311285d3d301f97645579778.png,.png,image,ui_component,stage_evidence,sources/art/ART-21/03_cut_output/ground_loot/ui_art21_ground_loot_panel_frame.png,2,stage_output,ui_art21_ground_loot_panel_frame.png,0,1,res://assets/ui/art21/ground_loot/ui_art21_ground_loot_panel_frame.png,base_source_evidence_only,pending_verification,pending_review,not_admitted,runtime_crosswalk_required,Exact runtime bytes exist; authority is decided per runtime row.
64A8B777B74189C4F8E818E647FCF3E473011D99FAFE2D1B670F5FD15656F21C,sources/base/美术素材/blobs/64/64a8b777b74189c4f8e818e647fcf3e473011d99fafe2d1b670f5fd15656f21c.png,.png,image,source_composite,working_candidate,sources/draw/10_working/candidates/5/5_candidate_035.png,1,10_working,5_candidate_035.png,0,0,,base_source_evidence_only,pending_verification,pending_review,not_admitted,base_reference_only_pending_promotion,Retained as source/reference; not admitted to runtime.
6516D1B998D9F74874A605401C805E4EAF24F8149F61F6A369B6C360E6281FCF,sources/base/美术素材/blobs/65/6516d1b998d9f74874a605401c805e4eaf24f8149f61f6a369b6c360e6281fcf.png,.png,image,ui_component,stage_evidence,sources/art/ART-20/03_cut_output/long_term/longterm_collection_card/longterm_collection_card_ui_frame_highlight.png,1,stage_output,longterm_collection_card_ui_frame_highlight.png,0,0,,base_source_evidence_only,pending_verification,pending_review,not_admitted,base_reference_only_pending_promotion,Retained as source/reference; not admitted to runtime.
6572CD4D74454FD788F60B54FAD116732FE086FB4BCAA5A1217DF1845FEC6949,sources/base/美术素材/blobs/65/6572cd4d74454fd788f60b54fad116732fe086fb4bcaa5a1217df1845fec6949.png,.png,image,uncategorized_image,working_candidate,sources/draw/10_working/candidates/5/5_candidate_007.png,1,10_working,5_candidate_007.png,0,0,,base_source_evidence_only,pending_verification,pending_review,not_admitted,base_reference_only_pending_promotion,Retained as source/reference; not admitted to runtime.
66AA71F85C9530477B7579AF033ECA197E8BE39B7897826A05C65C37947619FB,sources/base/美术素材/blobs/66/66aa71f85c9530477b7579af033eca197e8be39b7897826a05c65c37947619fb.png,.png,image,source_composite,working_candidate,sources/draw/10_working/candidates/Zuhe2/Zuhe2_candidate_009.png,1,10_working,Zuhe2_candidate_009.png,0,0,,base_source_evidence_only,pending_verification,pending_review,not_admitted,base_reference_only_pending_promotion,Retained as source/reference; not admitted to runtime.
671C7E169E6238C99F10D04787C6F25B9F9D6CA03118B25BE09D6B4B2166BEE9,sources/base/美术素材/blobs/67/671c7e169e6238c99f10d04787c6f25b9f9d6ca03118b25be09d6b4b2166bee9.png,.png,image,debug_artifact,game_ready_source;processed_source,sources/draw/20_processed/characters/huanxiong/debug_detected_boxes.png,2,20_processed;30_game_ready,debug_detected_boxes.png,12,0,,base_source_evidence_only,pending_verification,pending_review,not_admitted,base_reference_only_pending_promotion,Retained as source/reference; not admitted to runtime.
67252DA156B5AF884C9213B63C7AFC6A1B2E24417BFE9D83C39E7AC584C90F87,sources/base/美术素材/blobs/67/67252da156b5af884c9213b63c7afc6a1b2e24417bfe9d83c39e7ac584c90f87.png,.png,image,uncategorized_image,working_candidate,sources/draw/10_working/candidates/1/1_candidate_008.png,1,10_working,1_candidate_008.png,0,0,,base_source_evidence_only,pending_verification,pending_review,not_admitted,base_reference_only_pending_promotion,Retained as source/reference; not admitted to runtime.
67314BE37E0F5B090E197D1A3BA5F4B4823AC875FF3B4502F4046E2EEAC75660,sources/base/美术素材/blobs/67/67314be37e0f5b090e197d1a3ba5f4b4823ac875ff3b4502f4046e2eeac75660.csv,.csv,table,source_registry,source_reference,sources/art/_registry/source_registry.csv,1,art_other,source_registry.csv,0,0,,base_source_evidence_only,pending_verification,pending_review,not_admitted,source_support_not_runtime_art,"Registry, metadata, document, or other support object."
686F76AE86A70F9F479B0639894EA9243D40E1D7F0F104480A09F4DCA120840D,sources/base/美术素材/blobs/68/686f76ae86a70f9f479b0639894ea9243d40e1d7f0f104480a09f4dca120840d.png,.png,image,source_composite,working_candidate,sources/draw/10_working/candidates/Zujian3/Zujian3_candidate_008.png,1,10_working,Zujian3_candidate_008.png,0,0,,base_source_evidence_only,pending_verification,pending_review,not_admitted,base_reference_only_pending_promotion,Retained as source/reference; not admitted to runtime.
6893538A28D34001C2FFBF52DE811139936CAD2F24954A0588238A67DAEDFE75,sources/base/美术素材/blobs/68/6893538a28d34001c2ffbf52de811139936cad2f24954a0588238a67daedfe75.png,.png,image,deploy,game_ready_source;processed_source;runtime_candidate;selected_source;stage_evidence,sources/draw/20_processed/ui_deploy_panel/ui_panel_deploy_summary_blank.png,9,03_selected;05_export_runtime_candidates;20_processed;30_game_ready;stage_output,deploy_right_summary_module_ui_panel_deploy_summary_blank.png;longterm_right_archive_modules_ui_panel_deploy_summary_blank.png;run_top_right_status_card_ui_panel_deploy_summary_blank.png;ui_panel_deploy_summary_blank.png;ui_panel_summary_card_ui_panel_deploy_summary_blank.png,0,2,res://assets/ui/art19/panels/deploy_summary_blank.png;res://assets/ui/deploy/panels/ui_panel_deploy_summary_blank.png,base_source_evidence_only,pending_verification,pending_review,not_admitted,runtime_crosswalk_required,Exact runtime bytes exist; authority is decided per runtime row.
695D0617377DD26D660D9EF0194524ADB3A62E1BEB218500136ED3D1AAA38A21,sources/base/美术素材/blobs/69/695d0617377dd26d660d9ef0194524adb3a62e1beb218500136ed3d1aaa38a21.png,.png,image,source_composite,working_candidate,sources/draw/10_working/candidates/4/4_candidate_005.png,1,10_working,4_candidate_005.png,0,0,,base_source_evidence_only,pending_verification,pending_review,not_admitted,base_reference_only_pending_promotion,Retained as source/reference; not admitted to runtime.
6A47C2802F57F0FAC11898E669627BD34E23711874927368C023335CCC24500C,sources/base/美术素材/blobs/6a/6a47c2802f57f0fac11898e669627bd34e23711874927368c023335ccc24500c.png,.png,image,actor_animation_source,source_reference,sources/draw/processed/Maogai/00_front_idle.png,1,draw_other,00_front_idle.png,7,0,,base_source_evidence_only,pending_verification,pending_review,not_admitted,base_reference_only_pending_promotion,Retained as source/reference; not admitted to runtime.
6A7B4D2BBC7A87236B11F52BEAA8568477428D86A288D987949EC11F1B5DD95D,sources/base/美术素材/blobs/6a/6a7b4d2bbc7a87236b11f52beaa8568477428d86a288d987949ec11f1b5dd95d.png,.png,image,deploy,game_ready_source;processed_source;runtime_candidate;selected_source;stage_evidence,sources/draw/20_processed/ui_deploy_panel/ui_frame_highlight.png,6,03_selected;05_export_runtime_candidates;20_processed;30_game_ready;stage_output,deploy_route_card_ui_frame_highlight.png;ui_frame_highlight.png,0,2,res://assets/ui/art19/panels/frame_highlight.png;res://assets/ui/deploy/panels/ui_frame_highlight.png,base_source_evidence_only,pending_verification,pending_review,not_admitted,runtime_crosswalk_required,Exact runtime bytes exist; authority is decided per runtime row.
6AC929DBC2180AB825D7BB0515126CA161FB3B504811F05A646D128BA10EB77B,sources/base/美术素材/blobs/6a/6ac929dbc2180ab825d7bb0515126ca161fb3b504811f05a646d128ba10eb77b.png,.png,image,reference_capture,packaged_base_input;visual_target,sources/art/Base/长期系统示例.png,2,08_visual_targets;Base,长期系统示例.png,0,0,,base_source_evidence_only,pending_verification,pending_review,not_admitted,base_reference_only_pending_promotion,Retained as source/reference; not admitted to runtime.
6AD6202046585DFBBD5D8EF6CB671C117A5A79F3C89A75A94AF507E3BDB08E86,sources/base/美术素材/blobs/6a/6ad6202046585dfbbd5d8ef6cb671c117a5a79f3c89a75a94af507e3bdb08e86.png,.png,image,uncategorized_image,working_candidate,sources/draw/10_working/candidates/2/2_candidate_030.png,1,10_working,2_candidate_030.png,0,0,,base_source_evidence_only,pending_verification,pending_review,not_admitted,base_reference_only_pending_promotion,Retained as source/reference; not admitted to runtime.
6B9F864FF5F64E87652E6BB105BD91750CA8498C0902E5A08245FAEFD1656D6B,sources/base/美术素材/blobs/6b/6b9f864ff5f64e87652e6bb105bd91750ca8498c0902e5a08245faefd1656d6b.png,.png,image,debug_artifact,source_reference,sources/draw/processed/Tuzigai/debug_detected_boxes.png,1,draw_other,debug_detected_boxes.png,12,0,,base_source_evidence_only,pending_verification,pending_review,not_admitted,base_reference_only_pending_promotion,Retained as source/reference; not admitted to runtime.
6BABC2141B036AE07B47212083B3013F9A36C279768EFBB643A27D41ED3855C0,sources/base/美术素材/blobs/6b/6babc2141b036ae07b47212083b3013f9a36c279768efbb643a27d41ed3855c0.png,.png,image,source_composite,working_candidate,sources/draw/10_working/candidates/3/3_candidate_081.png,1,10_working,3_candidate_081.png,0,0,,base_source_evidence_only,pending_verification,pending_review,not_admitted,base_reference_only_pending_promotion,Retained as source/reference; not admitted to runtime.
6BD9BF0335108E8216F31AFF4E62EC126CAE9CD38ABD5BF76936A9DF1EF9F437,sources/base/美术素材/blobs/6b/6bd9bf0335108e8216f31aff4e62ec126cae9cd38abd5bf76936a9df1ef9f437.png,.png,image,main_menu,stage_evidence,sources/art/ART-21R2/03_cut_output/main_menu/ui_art21r2_main_menu_entry_plank_deploy.png,1,stage_output,ui_art21r2_main_menu_entry_plank_deploy.png,0,1,res://assets/ui/art21r2/main_menu/ui_art21r2_main_menu_entry_plank_deploy.png,base_source_evidence_only,pending_verification,pending_review,not_admitted,runtime_crosswalk_required,Exact runtime bytes exist; authority is decided per runtime row.
6BFEDA6E74B6B95002ED60C40660298210F1887A71308ABDEA1E9C3F577D13D6,sources/base/美术素材/blobs/6b/6bfeda6e74b6b95002ed60c40660298210f1887a71308abdea1e9c3f577d13d6.png,.png,image,actor_animation_source,game_ready_source;processed_source;source_reference,sources/draw/20_processed/characters/mao/frames/10_left_walk_2.png,3,20_processed;30_game_ready;art_other,10_left_walk_2.png,7,0,,base_source_evidence_only,pending_verification,pending_review,not_admitted,base_reference_only_pending_promotion,Retained as source/reference; not admitted to runtime.
6C8F8A916EA2AB4C3F38C9E5F8239F78D3B31F69DAA19F6B8D339E0A1687DF9E,sources/base/美术素材/blobs/6c/6c8f8a916ea2ab4c3f38c9e5f8239f78d3b31f69daa19f6b8d339e0a1687df9e.png,.png,image,source_composite,working_candidate,sources/draw/10_working/candidates/1/1_candidate_032.png,1,10_working,1_candidate_032.png,0,0,,base_source_evidence_only,pending_verification,pending_review,not_admitted,base_reference_only_pending_promotion,Retained as source/reference; not admitted to runtime.
6C98E192578F362905C65DBA3A1DD9859F63EFE30E2DB1CCC0F5313849DFC5D5,sources/base/美术素材/blobs/6c/6c98e192578f362905c65dba3a1dd9859f63efe30e2db1ccc0f5313849dfc5d5.png,.png,image,source_composite,working_candidate,sources/draw/10_working/candidates/Zuhe2/Zuhe2_candidate_035.png,1,10_working,Zuhe2_candidate_035.png,0,0,,base_source_evidence_only,pending_verification,pending_review,not_admitted,base_reference_only_pending_promotion,Retained as source/reference; not admitted to runtime.
6CEB9D12C4D999381F66AA4207A578C87260F20546ADA1EC3F468B4E8941CBA2,sources/base/美术素材/blobs/6c/6ceb9d12c4d999381f66aa4207a578c87260f20546ada1ec3f468b4e8941cba2.png,.png,image,uncategorized_image,working_candidate,sources/draw/10_working/candidates/3/3_candidate_039.png,1,10_working,3_candidate_039.png,0,0,,base_source_evidence_only,pending_verification,pending_review,not_admitted,base_reference_only_pending_promotion,Retained as source/reference; not admitted to runtime.
6D1F80DE45988CF46D83A283B5E9FC18CC664275C542A45AD7AC05992E093CC1,sources/base/美术素材/blobs/6d/6d1f80de45988cf46d83a283b5e9fc18cc664275c542a45ad7ac05992e093cc1.png,.png,image,uncategorized_image,working_candidate,sources/draw/10_working/candidates/1/1_candidate_029.png,1,10_working,1_candidate_029.png,0,0,,base_source_evidence_only,pending_verification,pending_review,not_admitted,base_reference_only_pending_promotion,Retained as source/reference; not admitted to runtime.
6D1F8EF804B6EB678B0F1954FD1671DDC2923749DFF47F4F47447AE93B46DE74,sources/base/美术素材/blobs/6d/6d1f8ef804b6eb678b0f1954fd1671ddc2923749dff47f4f47447ae93b46de74.png,.png,image,source_composite,working_candidate,sources/draw/10_working/candidates/Zuhe2/Zuhe2_candidate_048.png,1,10_working,Zuhe2_candidate_048.png,0,0,,base_source_evidence_only,pending_verification,pending_review,not_admitted,base_reference_only_pending_promotion,Retained as source/reference; not admitted to runtime.
6D2C2B585022EB5A0955E355D946A3BA42897CD3CEA1EBA6BF5A65A4C7F9246B,sources/base/美术素材/blobs/6d/6d2c2b585022eb5a0955e355d946a3ba42897cd3cea1eba6bf5a65a4c7f9246b.png,.png,image,source_composite,working_candidate,sources/draw/10_working/candidates/3/3_candidate_082.png,1,10_working,3_candidate_082.png,0,0,,base_source_evidence_only,pending_verification,pending_review,not_admitted,base_reference_only_pending_promotion,Retained as source/reference; not admitted to runtime.
6D2CF9DC683B69DF9CB9F428A764CB47F966987DFF426C27F8E8AAD72886BDDC,sources/base/美术素材/blobs/6d/6d2cf9dc683b69df9cb9f428a764cb47f966987dff426c27f8e8aad72886bddc.png,.png,image,world_prop,game_ready_source;runtime_candidate;selected_source,sources/draw/30_game_ready/props/11_wuzi_xiang.png,3,03_selected;05_export_runtime_candidates;30_game_ready,11_wuzi_xiang.png,1,1,res://assets/props/art07/11_wuzi_xiang.png,base_source_evidence_only,pending_verification,pending_review,not_admitted,runtime_crosswalk_required,Exact runtime bytes exist; authority is decided per runtime row.
6D4474B2D890A4AA12BF8F34961BB86355E36B33AE9A564489CA55876555BF05,sources/base/美术素材/blobs/6d/6d4474b2d890a4aa12bf8f34961bb86355e36b33ae9a564489ca55876555bf05.json,.json,metadata,source_metadata,source_reference,sources/draw/processed/Tuzigai/manifest.json,1,draw_other,manifest.json,11,0,,base_source_evidence_only,pending_verification,pending_review,not_admitted,source_support_not_runtime_art,"Registry, metadata, document, or other support object."
6DEC59A712C863AF9FD06C7A92F6670FC4BE4C7EBE5BC40F8CD6D4A14AB29851,sources/base/美术素材/blobs/6d/6dec59a712c863af9fd06c7a92f6670fc4be4c7ebe5bc40f8cd6d4a14ab29851.png,.png,image,actor_animation_source,game_ready_source;processed_source;source_reference,sources/draw/20_processed/characters/huanxiong/frames/04_front_walk_1.png,3,20_processed;30_game_ready;art_other,04_front_walk_1.png,7,0,,base_source_evidence_only,pending_verification,pending_review,not_admitted,base_reference_only_pending_promotion,Retained as source/reference; not admitted to runtime.
6E12AB4680ACD24FA838297698B16283A819A42C620D3ABC8D0F6CA3F4ABDEEB,sources/base/美术素材/blobs/6e/6e12ab4680acd24fa838297698b16283a819a42c620d3abc8d0f6ca3f4abdeeb.png,.png,image,source_composite,working_candidate,sources/draw/10_working/candidates/2/2_candidate_022.png,1,10_working,2_candidate_022.png,0,0,,base_source_evidence_only,pending_verification,pending_review,not_admitted,base_reference_only_pending_promotion,Retained as source/reference; not admitted to runtime.
6E1DE938A60B0D0F10797275EAB49AC88B969AE7A3006073542FB3BFDAF3BF4C,sources/base/美术素材/blobs/6e/6e1de938a60b0d0f10797275eab49ac88b969ae7a3006073542fb3bfdaf3bf4c.png,.png,image,actor_animation_source,source_reference,sources/draw/processed/HUligai/08_front_walk_2.png,1,draw_other,08_front_walk_2.png,7,0,,base_source_evidence_only,pending_verification,pending_review,not_admitted,base_reference_only_pending_promotion,Retained as source/reference; not admitted to runtime.
6E4335565B4AA909F595A2DF54A9542B0ED11227A37B0D53B289620C89BA6ECA,sources/base/美术素材/blobs/6e/6e4335565b4aa909f595a2df54a9542b0ed11227a37b0d53b289620c89ba6eca.png,.png,image,uncategorized_image,working_candidate,sources/draw/10_working/candidates/1/1_candidate_030.png,1,10_working,1_candidate_030.png,0,0,,base_source_evidence_only,pending_verification,pending_review,not_admitted,base_reference_only_pending_promotion,Retained as source/reference; not admitted to runtime.
6E7DEBF1C860999DEAB16BA82EA672AC18B7EE0CAEB6918AD04463B42AD7F41F,sources/base/美术素材/blobs/6e/6e7debf1c860999deab16ba82ea672ac18b7ee0caeb6918ad04463b42ad7f41f.png,.png,image,source_composite,working_candidate,sources/draw/10_working/candidates/Zuhe/Zuhe_candidate_041.png,1,10_working,Zuhe_candidate_041.png,0,0,,base_source_evidence_only,pending_verification,pending_review,not_admitted,base_reference_only_pending_promotion,Retained as source/reference; not admitted to runtime.
6EB465C5ADA6544CBF38263EAD12E45A747878DD7D6AC49375980FF7C2DB4350,sources/base/美术素材/blobs/6e/6eb465c5ada6544cbf38263ead12e45a747878dd7d6ac49375980ff7c2db4350.png,.png,image,source_composite,working_candidate,sources/draw/10_working/candidates/3/3_candidate_062.png,1,10_working,3_candidate_062.png,0,0,,base_source_evidence_only,pending_verification,pending_review,not_admitted,base_reference_only_pending_promotion,Retained as source/reference; not admitted to runtime.
6EB578D9B80AC7A026DF98E249F9C796586A8B9A43D0853319D20F43654C87A7,sources/base/美术素材/blobs/6e/6eb578d9b80ac7a026df98e249f9c796586a8b9a43d0853319d20f43654c87a7.json,.json,metadata,source_metadata,source_reference,sources/draw/processed/Huanxionggai/manifest.json,1,draw_other,manifest.json,11,0,,base_source_evidence_only,pending_verification,pending_review,not_admitted,source_support_not_runtime_art,"Registry, metadata, document, or other support object."
6F085F92617A0EC9AEB4C9A7C8D6406BCD9F969F10FEAA881C73C5A7C1647484,sources/base/美术素材/blobs/6f/6f085f92617a0ec9aeb4c9a7c8d6406bcd9f969f10feaa881c73c5a7c1647484.png,.png,image,source_composite,working_candidate,sources/draw/10_working/candidates/Zuhe2/Zuhe2_candidate_049.png,1,10_working,Zuhe2_candidate_049.png,0,0,,base_source_evidence_only,pending_verification,pending_review,not_admitted,base_reference_only_pending_promotion,Retained as source/reference; not admitted to runtime.
6F4CEBABB51384A31E306D57475A6AD1EE2E5F02179844C55B66C4798A9A7906,sources/base/美术素材/blobs/6f/6f4cebabb51384a31e306d57475a6ad1ee2e5f02179844c55b66c4798a9a7906.png,.png,image,ui_component,game_ready_source;processed_source,sources/draw/20_processed/ui_scrollbar/ui_scrollbar_vertical.png,2,20_processed;30_game_ready,ui_scrollbar_vertical.png,0,1,res://assets/ui/art19/bars/scrollbar_vertical.png,base_source_evidence_only,pending_verification,pending_review,not_admitted,runtime_crosswalk_required,Exact runtime bytes exist; authority is decided per runtime row.
6F83ACB86E816753E3F9E8210EFB09A43184F629AD8D98C80844536D00498538,sources/base/美术素材/blobs/6f/6f83acb86e816753e3f9e8210efb09a43184f629ad8d98c80844536d00498538.png,.png,image,actor_animation_source,game_ready_source;processed_source;source_reference,sources/draw/20_processed/characters/huli/frames/06_left_walk_1.png,3,20_processed;30_game_ready;art_other,06_left_walk_1.png,7,0,,base_source_evidence_only,pending_verification,pending_review,not_admitted,base_reference_only_pending_promotion,Retained as source/reference; not admitted to runtime.
70133408A3CCF95E08F16501DA985309773143EC5F91ACEB7D66529DBDF415FA,sources/base/美术素材/blobs/70/70133408a3ccf95e08f16501da985309773143ec5f91aceb7d66529dbdf415fa.png,.png,image,source_composite,working_candidate,sources/draw/10_working/candidates/Zuhe/Zuhe_candidate_031.png,1,10_working,Zuhe_candidate_031.png,0,0,,base_source_evidence_only,pending_verification,pending_review,not_admitted,base_reference_only_pending_promotion,Retained as source/reference; not admitted to runtime.
7054671DE8E101BC64900E33AC6A7D74ED6213CD5D08E7686BEE9FF252E95642,sources/base/美术素材/blobs/70/7054671de8e101bc64900e33ac6a7d74ed6213cd5d08e7686bee9ff252e95642.png,.png,image,source_composite,processed_source,sources/draw/20_processed/ui_status_tag/ui_tag_level_0_3.png,1,20_processed,ui_tag_level_0_3.png,0,0,,base_source_evidence_only,pending_verification,pending_review,not_admitted,base_reference_only_pending_promotion,Retained as source/reference; not admitted to runtime.
708E5BCEC3B3480BCF6C2DF1DBF553888DBE949FBCAF3FC3DAD880D92A3A8F65,sources/base/美术素材/blobs/70/708e5bcec3b3480bcf6c2df1dbf553888dbe949fbcaf3fc3dad880d92a3a8f65.png,.png,image,map,game_ready_source;stage_evidence,sources/draw/30_game_ready/icons/32/09_chukou_icon.png,2,30_game_ready;stage_output,09_chukou_icon.png;ui_art21r2_minimap_hud_exit_32.png,2,2,res://assets/ui/art21r2/minimap/ui_art21r2_minimap_hud_exit_32.png;res://assets/ui/minimap/exit_icon.png,base_source_evidence_only,pending_verification,pending_review,not_admitted,runtime_crosswalk_required,Exact runtime bytes exist; authority is decided per runtime row.
709FC7AF2DFBE5E01E0F77452FFA5DE205E6A938541136DF17BD5BD13FE46264,sources/base/美术素材/blobs/70/709fc7af2dfbe5e01e0f77452ffa5de205e6a938541136df17bd5bd13fe46264.png,.png,image,source_composite,working_candidate,sources/draw/10_working/candidates/3/3_candidate_046.png,1,10_working,3_candidate_046.png,0,0,,base_source_evidence_only,pending_verification,pending_review,not_admitted,base_reference_only_pending_promotion,Retained as source/reference; not admitted to runtime.
713DF76168D6AB5209C6C6A392A24697A607B6EF61CD79EBC73DC8E948C67C68,sources/base/美术素材/blobs/71/713df76168d6ab5209c6c6a392a24697a607b6ef61cd79ebc73dc8e948c67c68.png,.png,image,source_composite,working_candidate,sources/draw/10_working/candidates/3/3_candidate_084.png,1,10_working,3_candidate_084.png,0,0,,base_source_evidence_only,pending_verification,pending_review,not_admitted,base_reference_only_pending_promotion,Retained as source/reference; not admitted to runtime.
7144B27750DB1655DC7BBFFC3D8A608C4DE8C96968B75BB282093DD1B425D00E,sources/base/美术素材/blobs/71/7144b27750db1655dc7bbffc3d8a608c4de8c96968b75bb282093dd1b425d00e.png,.png,image,uncategorized_image,working_candidate,sources/draw/10_working/candidates/4/4_candidate_008.png,1,10_working,4_candidate_008.png,0,0,,base_source_evidence_only,pending_verification,pending_review,not_admitted,base_reference_only_pending_promotion,Retained as source/reference; not admitted to runtime.
71992F01F88889A6FF97C0C4ED9E6407EE87D24484922E271DF5B67AF2D1E9D9,sources/base/美术素材/blobs/71/71992f01f88889a6ff97c0c4ed9e6407ee87d24484922e271df5b67af2d1e9d9.png,.png,image,source_composite,working_candidate,sources/draw/10_working/candidates/Zuhe/Zuhe_candidate_019.png,1,10_working,Zuhe_candidate_019.png,0,0,,base_source_evidence_only,pending_verification,pending_review,not_admitted,base_reference_only_pending_promotion,Retained as source/reference; not admitted to runtime.
71DC45970106B6C9A979FA96D2E8D53705563AD4CD639CBEEACCBECBDA4F711F,sources/base/美术素材/blobs/71/71dc45970106b6c9a979fa96d2e8d53705563ad4cd639cbeeaccbecbda4f711f.png,.png,image,source_composite,working_candidate,sources/draw/10_working/candidates/Zuhe2/Zuhe2_candidate_012.png,1,10_working,Zuhe2_candidate_012.png,0,0,,base_source_evidence_only,pending_verification,pending_review,not_admitted,base_reference_only_pending_promotion,Retained as source/reference; not admitted to runtime.
7362F437EA5276FB3686FFAB476AC0CAE1CDB65CBD4DBE1507D800246BC09DDF,sources/base/美术素材/blobs/73/7362f437ea5276fb3686ffab476ac0cae1cdb65cbd4dbe1507d800246bc09ddf.png,.png,image,source_composite,working_candidate,sources/draw/10_working/candidates/2/2_candidate_045.png,1,10_working,2_candidate_045.png,0,0,,base_source_evidence_only,pending_verification,pending_review,not_admitted,base_reference_only_pending_promotion,Retained as source/reference; not admitted to runtime.
737378AA9CD230B5D04CD6C0AD8597FB923FD7B3AB34EA5FAC0CFE170E3B7417,sources/base/美术素材/blobs/73/737378aa9cd230b5d04cd6c0ad8597fb923fd7b3ab34ea5fac0cfe170e3b7417.png,.png,image,actor_animation_source,source_reference,sources/draw/processed/Tuzigai/09_back_walk_2.png,1,draw_other,09_back_walk_2.png,7,0,,base_source_evidence_only,pending_verification,pending_review,not_admitted,base_reference_only_pending_promotion,Retained as source/reference; not admitted to runtime.
744AB3B9BB8430D8B8E8A18F8606D1E9483348A3B9F23B221227BE289CD16F2C,sources/base/美术素材/blobs/74/744ab3b9bb8430d8b8e8a18f8606d1e9483348a3b9f23b221227be289cd16f2c.png,.png,image,source_composite,working_candidate,sources/draw/10_working/candidates/2/2_candidate_005.png,1,10_working,2_candidate_005.png,0,0,,base_source_evidence_only,pending_verification,pending_review,not_admitted,base_reference_only_pending_promotion,Retained as source/reference; not admitted to runtime.
74FA48D166F0DD00EE10480049078CCE74E0C07669A8F16D033F748AC15D40BA,sources/base/美术素材/blobs/74/74fa48d166f0dd00ee10480049078cce74e0c07669a8f16d033f748ac15d40ba.png,.png,image,source_composite,working_candidate,sources/draw/10_working/candidates/1/1_candidate_002.png,1,10_working,1_candidate_002.png,0,0,,base_source_evidence_only,pending_verification,pending_review,not_admitted,base_reference_only_pending_promotion,Retained as source/reference; not admitted to runtime.
75068534FF3EE2A417C550278208DD45C05F703DF9BC257AB9D4664F142D4353,sources/base/美术素材/blobs/75/75068534ff3ee2a417c550278208dd45c05f703df9bc257ab9d4664f142d4353.png,.png,image,source_composite,working_candidate,sources/draw/10_working/candidates/3/3_candidate_074.png,1,10_working,3_candidate_074.png,0,0,,base_source_evidence_only,pending_verification,pending_review,not_admitted,base_reference_only_pending_promotion,Retained as source/reference; not admitted to runtime.
7621F7C1ACCA59D8D01EF967E4D4439DBF24A4FAD64C3FC435AD68F8F91B8670,sources/base/美术素材/blobs/76/7621f7c1acca59d8d01ef967e4d4439dbf24a4fad64c3fc435ad68f8f91b8670.png,.png,image,source_composite,working_candidate,sources/draw/10_working/candidates/Zuhe/Zuhe_candidate_048.png,1,10_working,Zuhe_candidate_048.png,0,0,,base_source_evidence_only,pending_verification,pending_review,not_admitted,base_reference_only_pending_promotion,Retained as source/reference; not admitted to runtime.
76C578F40164F9E0DE747BB984EEB792CE3EF2A7EEA543785EB76747268EB3DF,sources/base/美术素材/blobs/76/76c578f40164f9e0de747bb984eeb792ce3ef2a7eea543785eb76747268eb3df.png,.png,image,source_composite,working_candidate,sources/draw/10_working/candidates/2/2_candidate_052.png,1,10_working,2_candidate_052.png,0,0,,base_source_evidence_only,pending_verification,pending_review,not_admitted,base_reference_only_pending_promotion,Retained as source/reference; not admitted to runtime.
770512B7EE6DDC40A738F740E4D0AE24261FBE8D45AD2733698F90BEA2EFE546,sources/base/美术素材/blobs/77/770512b7ee6ddc40a738f740e4d0ae24261fbe8d45ad2733698f90bea2efe546.png,.png,image,source_composite,working_candidate,sources/draw/10_working/candidates/Zuhe2/Zuhe2_candidate_104.png,1,10_working,Zuhe2_candidate_104.png,0,0,,base_source_evidence_only,pending_verification,pending_review,not_admitted,base_reference_only_pending_promotion,Retained as source/reference; not admitted to runtime.
772B772D433D01C21D41EF1208B2CC4D9382D0A0C4ADF8C1DBC45E834C5AB131,sources/base/美术素材/blobs/77/772b772d433d01c21d41ef1208b2cc4d9382d0a0c4adf8c1dbc45e834c5ab131.png,.png,image,reference_capture,stage_evidence,sources/art/ART-13/屏幕截图 2026-06-28 192310.png,1,stage_output,屏幕截图 2026-06-28 192310.png,0,0,,base_source_evidence_only,pending_verification,pending_review,not_admitted,base_reference_only_pending_promotion,Retained as source/reference; not admitted to runtime.
77A374F30BFD88A824BD097FD27358AA5F46D1A9B5F665B11CC35970EE99FF80,sources/base/美术素材/blobs/77/77a374f30bfd88a824bd097fd27358aa5f46d1a9b5f665b11cc35970ee99ff80.png,.png,image,source_composite,working_candidate,sources/draw/10_working/candidates/Zuhe/Zuhe_candidate_053.png,1,10_working,Zuhe_candidate_053.png,0,0,,base_source_evidence_only,pending_verification,pending_review,not_admitted,base_reference_only_pending_promotion,Retained as source/reference; not admitted to runtime.
77CFA9D4D81BC598CF6B681E3D4BB1D524D9ED0B148345BEF1FC4A828FDAF8E5,sources/base/美术素材/blobs/77/77cfa9d4d81bc598cf6b681e3d4bb1d524d9ed0b148345bef1fc4a828fdaf8e5.png,.png,image,source_composite,working_candidate,sources/draw/10_working/candidates/Zuhe2/Zuhe2_candidate_085.png,1,10_working,Zuhe2_candidate_085.png,0,0,,base_source_evidence_only,pending_verification,pending_review,not_admitted,base_reference_only_pending_promotion,Retained as source/reference; not admitted to runtime.
77DE0999B1C5B924A4676F3294B4E7C0008B60AEB64988D34356424A01ED5E3F,sources/base/美术素材/blobs/77/77de0999b1c5b924a4676f3294b4e7c0008b60aeb64988d34356424a01ed5e3f.png,.png,image,source_composite,working_candidate,sources/draw/10_working/candidates/3/3_candidate_012.png,1,10_working,3_candidate_012.png,0,0,,base_source_evidence_only,pending_verification,pending_review,not_admitted,base_reference_only_pending_promotion,Retained as source/reference; not admitted to runtime.
78046F78A6E8ABDC40994F44D51EE86B3CACDD1A433CD25858AB02AD13ACEB94,sources/base/美术素材/blobs/78/78046f78a6e8abdc40994f44d51ee86b3cacdd1a433cd25858ab02ad13aceb94.png,.png,image,reference_capture,stage_evidence,sources/art/ART-14/屏幕截图 2026-06-29 095517.png,1,stage_output,屏幕截图 2026-06-29 095517.png,0,0,,base_source_evidence_only,pending_verification,pending_review,not_admitted,base_reference_only_pending_promotion,Retained as source/reference; not admitted to runtime.
78106A95C4DDF5B00C65AFACF377A7E7AD97ECA627415FE59AFF505F12104676,sources/base/美术素材/blobs/78/78106a95c4ddf5b00c65afacf377a7e7ad97eca627415fe59aff505f12104676.png,.png,image,actor_animation_source,game_ready_source;processed_source;source_reference,sources/draw/20_processed/characters/huanxiong/frames/10_left_walk_2.png,3,20_processed;30_game_ready;art_other,10_left_walk_2.png,7,0,,base_source_evidence_only,pending_verification,pending_review,not_admitted,base_reference_only_pending_promotion,Retained as source/reference; not admitted to runtime.
784E0E39E43409ED34ADD70C9C6DF8DBBF1315905674D4F24C32123054598180,sources/base/美术素材/blobs/78/784e0e39e43409ed34add70c9c6df8dbbf1315905674d4f24c32123054598180.png,.png,image,uncategorized_image,working_candidate,sources/draw/10_working/candidates/3/3_candidate_009.png,1,10_working,3_candidate_009.png,0,0,,base_source_evidence_only,pending_verification,pending_review,not_admitted,base_reference_only_pending_promotion,Retained as source/reference; not admitted to runtime.
78860D8DC692B4D2A4F6B1F985AF885F34B478B315B121C849EA5BDACD85D574,sources/base/美术素材/blobs/78/78860d8dc692b4d2a4f6b1f985af885f34b478b315b121c849ea5bdacd85d574.png,.png,image,item,game_ready_source;processed_source;runtime_candidate;selected_source,sources/draw/20_processed/item_recovered/item_recovered_ore.png,4,03_selected;05_export_runtime_candidates;20_processed;30_game_ready,item_recovered_ore.png,0,1,res://assets/items/recovered/item_recovered_ore.png,base_source_evidence_only,pending_verification,pending_review,not_admitted,runtime_crosswalk_required,Exact runtime bytes exist; authority is decided per runtime row.
78BC9EF3519A0AD34C6FB63DC568369E18BE2613E63F75D3375ED03CD82D3635,sources/base/美术素材/blobs/78/78bc9ef3519a0ad34c6fb63dc568369e18be2613e63f75d3375ed03cd82d3635.png,.png,image,source_composite,working_candidate,sources/draw/10_working/candidates/Zujian2/Zujian2_candidate_009.png,1,10_working,Zujian2_candidate_009.png,0,0,,base_source_evidence_only,pending_verification,pending_review,not_admitted,base_reference_only_pending_promotion,Retained as source/reference; not admitted to runtime.
791A2ADCFA51BD79C9841DA2608E94E3F9644EAB1CC402D1EEBB54D0C1081AAD,sources/base/美术素材/blobs/79/791a2adcfa51bd79c9841da2608e94e3f9644eab1cc402d1eebb54d0c1081aad.png,.png,image,ui_component,stage_evidence,sources/art/ART-21/03_cut_output/map/ui_art21_map_marker_exit.png,2,stage_output,ui_art21_map_marker_exit.png,0,1,res://assets/ui/art21/map/ui_art21_map_marker_exit.png,base_source_evidence_only,pending_verification,pending_review,not_admitted,runtime_crosswalk_required,Exact runtime bytes exist; authority is decided per runtime row.
7949213C43B9750BAFF4FD87F36F50D0EE427F6A50AD1DD703EE71704B9BAAA8,sources/base/美术素材/blobs/79/7949213c43b9750baff4fd87f36f50d0ee427f6a50ad1dd703ee71704b9baaa8.png,.png,image,source_composite,working_candidate,sources/draw/10_working/candidates/Zuhe2/Zuhe2_candidate_053.png,1,10_working,Zuhe2_candidate_053.png,0,0,,base_source_evidence_only,pending_verification,pending_review,not_admitted,base_reference_only_pending_promotion,Retained as source/reference; not admitted to runtime.
7969266959457C83807B117F548DCC1C0796D4E6F7AA70C8DEB60410040CDDB7,sources/base/美术素材/blobs/79/7969266959457c83807b117f548dcc1c0796d4e6f7aa70c8deb60410040cddb7.png,.png,image,uncategorized_image,working_candidate,sources/draw/10_working/candidates/2/2_candidate_009.png,1,10_working,2_candidate_009.png,0,0,,base_source_evidence_only,pending_verification,pending_review,not_admitted,base_reference_only_pending_promotion,Retained as source/reference; not admitted to runtime.
796E0700579D49F908F9E15346E97FB425F9118F244BC09E2AAC0DC91AC997A5,sources/base/美术素材/blobs/79/796e0700579d49f908f9e15346e97fb425f9118f244bc09e2aac0dc91ac997a5.png,.png,image,uncategorized_image,working_candidate,sources/draw/10_working/candidates/5/5_candidate_040.png,1,10_working,5_candidate_040.png,0,0,,base_source_evidence_only,pending_verification,pending_review,not_admitted,base_reference_only_pending_promotion,Retained as source/reference; not admitted to runtime.
79CF1F6CC521B9A1495F994F7F51252D34B5A08DC8B8A29C5C327F00EB7D264C,sources/base/美术素材/blobs/79/79cf1f6cc521b9a1495f994f7f51252d34b5a08dc8b8a29c5c327f00eb7d264c.png,.png,image,source_composite,working_candidate,sources/draw/10_working/candidates/2/2_candidate_036.png,1,10_working,2_candidate_036.png,0,0,,base_source_evidence_only,pending_verification,pending_review,not_admitted,base_reference_only_pending_promotion,Retained as source/reference; not admitted to runtime.
79D118804F83AA4EF98F0626830445C7B266EC60BD1E3D734BC7C4D8CFDDD6C3,sources/base/美术素材/blobs/79/79d118804f83aa4ef98f0626830445c7b266ec60bd1e3d734bc7c4d8cfddd6c3.png,.png,image,world_prop,processed_source,sources/draw/20_processed/icons/raw/08_cheli_icon.png,1,20_processed,08_cheli_icon.png,2,0,,base_source_evidence_only,pending_verification,pending_review,not_admitted,base_reference_only_pending_promotion,Retained as source/reference; not admitted to runtime.
7A57A350EA6BD04BB6AC515B0B3DD1E22DA35B253513C9CA632D155842AAB17B,sources/base/美术素材/blobs/7a/7a57a350ea6bd04bb6ac515b0b3dd1e22da35b253513c9ca632d155842aab17b.png,.png,image,map,processed_source,sources/draw/20_processed/map_icon/map_label_number_3.png,1,20_processed,map_label_number_3.png,0,0,,base_source_evidence_only,pending_verification,pending_review,not_admitted,base_reference_only_pending_promotion,Retained as source/reference; not admitted to runtime.
7A8A8A6AB7B968FAE3A5D30AC06189E2453ED76702062344887F35CBB23E7038,sources/base/美术素材/blobs/7a/7a8a8a6ab7b968fae3a5d30ac06189e2453ed76702062344887f35cbb23e7038.png,.png,image,uncategorized_image,working_candidate,sources/draw/10_working/candidates/1/1_candidate_007.png,1,10_working,1_candidate_007.png,0,0,,base_source_evidence_only,pending_verification,pending_review,not_admitted,base_reference_only_pending_promotion,Retained as source/reference; not admitted to runtime.
7AE77C1C239175F7F1E59964087C86D645EEDA3C8AFF9843F45075245C7464B0,sources/base/美术素材/blobs/7a/7ae77c1c239175f7f1e59964087c86d645eeda3c8aff9843f45075245c7464b0.png,.png,image,source_composite,working_candidate,sources/draw/10_working/candidates/Zuhe2/Zuhe2_candidate_039.png,1,10_working,Zuhe2_candidate_039.png,0,0,,base_source_evidence_only,pending_verification,pending_review,not_admitted,base_reference_only_pending_promotion,Retained as source/reference; not admitted to runtime.
7B5C7D46D003D800609B9E93BA26E6209FA5324CEBCC09714353E8A9E8AF6EB7,sources/base/美术素材/blobs/7b/7b5c7d46d003d800609b9e93ba26e6209fa5324cebcc09714353e8a9e8af6eb7.json,.json,metadata,source_metadata,stage_evidence,sources/art/ART-21R2/_manifest/modal_control_cut_summary.json,1,stage_output,modal_control_cut_summary.json,0,0,,base_source_evidence_only,pending_verification,pending_review,not_admitted,source_support_not_runtime_art,"Registry, metadata, document, or other support object."
7BE0712A8D32583A3B557E02DA9782A23352F88828C2A88FC963C5E5E1CE65BE,sources/base/美术素材/blobs/7b/7be0712a8d32583a3b557e02da9782a23352f88828c2a88fc963c5e5e1ce65be.png,.png,image,actor,game_ready_source;processed_source;source_reference,sources/draw/20_processed/characters/tuzi/tuzi_sheet.png,3,20_processed;30_game_ready;art_other,tuzi_sheet.png,0,0,,base_source_evidence_only,pending_verification,pending_review,not_admitted,base_reference_only_pending_promotion,Retained as source/reference; not admitted to runtime.
7C21A9470AAED82327B77F155E0B9A3B43E2306C97AD1C869959B94789950BBC,sources/base/美术素材/blobs/7c/7c21a9470aaed82327b77f155e0b9a3b43e2306c97ad1c869959b94789950bbc.png,.png,image,source_composite,working_candidate,sources/draw/10_working/candidates/Zujian1/Zujian1_candidate_003.png,1,10_working,Zujian1_candidate_003.png,0,0,,base_source_evidence_only,pending_verification,pending_review,not_admitted,base_reference_only_pending_promotion,Retained as source/reference; not admitted to runtime.
7C36D5C5BBAE29C7DD8C92A2B321306318A2E0CB8A228C537FB5F78299A6A26A,sources/base/美术素材/blobs/7c/7c36d5c5bbae29c7dd8c92a2b321306318a2e0cb8a228c537fb5f78299a6a26a.png,.png,image,source_composite,working_candidate,sources/draw/10_working/candidates/3/3_candidate_032.png,1,10_working,3_candidate_032.png,0,0,,base_source_evidence_only,pending_verification,pending_review,not_admitted,base_reference_only_pending_promotion,Retained as source/reference; not admitted to runtime.
7C45FE805AB0A85BEC4E79864D3608DAFEA3155FD79FC153AA9421E01E9530AC,sources/base/美术素材/blobs/7c/7c45fe805ab0a85bec4e79864d3608dafea3155fd79fc153aa9421e01e9530ac.png,.png,image,debug_artifact,game_ready_source;processed_source,sources/draw/20_processed/rooms/debug_detected_boxes.png,2,20_processed;30_game_ready,debug_detected_boxes.png,12,0,,base_source_evidence_only,pending_verification,pending_review,not_admitted,base_reference_only_pending_promotion,Retained as source/reference; not admitted to runtime.
7C55CD1AE2789842C4D079A7B618E84A165AD72267612A3B8642037B3C1A4C8B,sources/base/美术素材/blobs/7c/7c55cd1ae2789842c4d079a7b618e84a165ad72267612a3b8642037b3c1a4c8b.png,.png,image,deploy,game_ready_source;processed_source;runtime_candidate;selected_source;stage_evidence,sources/draw/20_processed/ui_deploy_button/ui_button_nav_requisition.png,7,03_selected;05_export_runtime_candidates;20_processed;30_game_ready;stage_output,ui_button_nav_requisition.png;ui_deploy_prep_tab_primary_requisition.png;ui_long_term_tab_primary_requisition.png,0,1,res://assets/ui/deploy/buttons/ui_button_nav_requisition.png,base_source_evidence_only,pending_verification,pending_review,not_admitted,runtime_crosswalk_required,Exact runtime bytes exist; authority is decided per runtime row.
7CBB46D500EE5E620BD10152BC7F6FDA9D0199958C5A7666482035CFCD1F1104,sources/base/美术素材/blobs/7c/7cbb46d500ee5e620bd10152bc7f6fda9d0199958c5a7666482035cfcd1f1104.png,.png,image,item,stage_evidence,sources/art/ART-21R2/03_cut_output/modal/ui_art21r2_modal_result_frame.png,3,stage_output,ui_art21r2_modal_ground_loot_frame.png;ui_art21r2_modal_inventory_frame.png;ui_art21r2_modal_result_frame.png,0,3,res://assets/ui/art21r2/modal/ui_art21r2_modal_ground_loot_frame.png;res://assets/ui/art21r2/modal/ui_art21r2_modal_inventory_frame.png;res://assets/ui/art21r2/modal/ui_art21r2_modal_result_frame.png,base_source_evidence_only,pending_verification,pending_review,not_admitted,runtime_crosswalk_required,Exact runtime bytes exist; authority is decided per runtime row.
7CD45816955946D42020B2C9F392DDD83AE1CEDBB65D0612B0699D3BF6DB0860,sources/base/美术素材/blobs/7c/7cd45816955946d42020b2c9f392ddd83ae1cedbb65d0612b0699d3bf6db0860.html,.html,document,source_documentation,source_reference,sources/draw/asset_preview.html,1,draw_root,asset_preview.html,0,0,,base_source_evidence_only,pending_verification,pending_review,not_admitted,source_support_not_runtime_art,"Registry, metadata, document, or other support object."
7CE29DE54DA9EED223E135CFDED74F32BD9B9A373457BFC311B1EC7EEDB96CEB,sources/base/美术素材/blobs/7c/7ce29de54da9eed223e135cfded74f32bd9b9a373457bfc311b1ec7eedb96ceb.png,.png,image,source_composite,working_candidate,sources/draw/10_working/candidates/2/2_candidate_021.png,1,10_working,2_candidate_021.png,0,0,,base_source_evidence_only,pending_verification,pending_review,not_admitted,base_reference_only_pending_promotion,Retained as source/reference; not admitted to runtime.
7CE336476C038D8CACDC4791568717F603DE6AA96B99EEDB871618B551043A87,sources/base/美术素材/blobs/7c/7ce336476c038d8cacdc4791568717f603de6aa96b99eedb871618b551043a87.png,.png,image,map,stage_evidence,sources/art/ART-21/03_cut_output/map/ui_art21_map_cell_unknown.png,2,stage_output,ui_art21_map_cell_unknown.png,0,1,res://assets/ui/art21/map/ui_art21_map_cell_unknown.png,base_source_evidence_only,pending_verification,pending_review,not_admitted,runtime_crosswalk_required,Exact runtime bytes exist; authority is decided per runtime row.
7CF0D291EAA59A94FCA3B321443B98D281FBDB33A1302C8B75E3AD0606F08D63,sources/base/美术素材/blobs/7c/7cf0d291eaa59a94fca3b321443b98d281fbdb33a1302c8b75e3ad0606f08d63.png,.png,image,world_prop,game_ready_source;runtime_candidate;selected_source,sources/draw/30_game_ready/props/10_yiliaobao.png,3,03_selected;05_export_runtime_candidates;30_game_ready,10_yiliaobao.png,1,1,res://assets/props/art07/10_yiliaobao.png,base_source_evidence_only,pending_verification,pending_review,not_admitted,runtime_crosswalk_required,Exact runtime bytes exist; authority is decided per runtime row.
7D8EE2E97248E846F28E231E4BF9F18B20167C8CECDF44D34BC1CCB82D7F2E94,sources/base/美术素材/blobs/7d/7d8ee2e97248e846f28e231e4bf9f18b20167c8cecdf44d34bc1ccb82d7f2e94.png,.png,image,source_composite,working_candidate,sources/draw/10_working/candidates/Zujian3/Zujian3_candidate_002.png,1,10_working,Zujian3_candidate_002.png,0,0,,base_source_evidence_only,pending_verification,pending_review,not_admitted,base_reference_only_pending_promotion,Retained as source/reference; not admitted to runtime.
7DEF9F6E1A79B6BC2779647C13A0C0B311E00EE4E803EACF4E920A46A32FC1FF,sources/base/美术素材/blobs/7d/7def9f6e1a79b6bc2779647c13a0c0b311e00ee4e803eacf4e920a46a32fc1ff.png,.png,image,deploy,processed_source,sources/draw/20_processed/ui_deploy_button/ui_button_upgrade_small.png,1,20_processed,ui_button_upgrade_small.png,0,0,,base_source_evidence_only,pending_verification,pending_review,not_admitted,base_reference_only_pending_promotion,Retained as source/reference; not admitted to runtime.
7E616491E1552006E7DF2E2CF6E24869B3EF2A0DA3355622C2AC05AA3B3BA958,sources/base/美术素材/blobs/7e/7e616491e1552006e7df2e2cf6e24869b3ef2a0da3355622c2ac05aa3b3ba958.png,.png,image,uncategorized_image,working_candidate,sources/draw/10_working/candidates/3/3_candidate_029.png,1,10_working,3_candidate_029.png,0,0,,base_source_evidence_only,pending_verification,pending_review,not_admitted,base_reference_only_pending_promotion,Retained as source/reference; not admitted to runtime.
7E77AB4A875B213486C0A60276DD626E4D2A6AA0B461E510505C94BCA9344B21,sources/base/美术素材/blobs/7e/7e77ab4a875b213486c0a60276dd626e4d2a6aa0b461e510505c94bca9344b21.png,.png,image,source_composite,working_candidate,sources/draw/10_working/candidates/4/4_candidate_016.png,1,10_working,4_candidate_016.png,0,0,,base_source_evidence_only,pending_verification,pending_review,not_admitted,base_reference_only_pending_promotion,Retained as source/reference; not admitted to runtime.
7E79082E6CD939F99BCA6819C79F61CDFA2B2B3EC252EDDA09D5B0C33BE15031,sources/base/美术素材/blobs/7e/7e79082e6cd939f99bca6819c79f61cdfa2b2b3ec252edda09d5b0c33be15031.png,.png,image,uncategorized_image,working_candidate,sources/draw/10_working/candidates/4/4_candidate_030.png,1,10_working,4_candidate_030.png,0,0,,base_source_evidence_only,pending_verification,pending_review,not_admitted,base_reference_only_pending_promotion,Retained as source/reference; not admitted to runtime.
7ED3818DA9BF308616DE5E8AB83744DF5F0F14BDC456216709ABFBE4C422A829,sources/base/美术素材/blobs/7e/7ed3818da9bf308616de5e8ab83744df5f0f14bdc456216709abfbe4c422a829.png,.png,image,source_composite,working_candidate,sources/draw/10_working/candidates/Zujian1/Zujian1_candidate_002.png,1,10_working,Zujian1_candidate_002.png,0,0,,base_source_evidence_only,pending_verification,pending_review,not_admitted,base_reference_only_pending_promotion,Retained as source/reference; not admitted to runtime.
7F528B7E229FA1AAF827674A0691BEEEA95C6C62CBA89587C161DAFC0A7C4E3D,sources/base/美术素材/blobs/7f/7f528b7e229fa1aaf827674a0691beeea95c6c62cba89587c161dafc0a7c4e3d.csv,.csv,table,source_registry,stage_evidence,sources/art/ART-21R2/_manifest/main_menu_cut_manifest.csv,1,stage_output,main_menu_cut_manifest.csv,0,0,,base_source_evidence_only,pending_verification,pending_review,not_admitted,source_support_not_runtime_art,"Registry, metadata, document, or other support object."
7F6F605FDF9DE951083CD7E58D4BB1124D248CCC89BE231C4A3BF9FD4121E0AD,sources/base/美术素材/blobs/7f/7f6f605fdf9de951083cd7e58d4bb1124d248ccc89be231c4a3bf9fd4121e0ad.png,.png,image,actor_animation_source,source_reference,sources/draw/processed/Tuzigai/02_left_idle.png,1,draw_other,02_left_idle.png,7,0,,base_source_evidence_only,pending_verification,pending_review,not_admitted,base_reference_only_pending_promotion,Retained as source/reference; not admitted to runtime.
7F9BF90DF8E3A5E8BE5C592B498A4FD942A0FC0AE80F1CCC32F10FCB132F3C6F,sources/base/美术素材/blobs/7f/7f9bf90df8e3a5e8be5c592b498a4fd942a0fc0ae80f1ccc32f10fcb132f3c6f.png,.png,image,actor_animation_source,game_ready_source;processed_source;source_reference,sources/draw/20_processed/characters/tuzi/frames/11_right_walk_2.png,3,20_processed;30_game_ready;art_other,11_right_walk_2.png,7,0,,base_source_evidence_only,pending_verification,pending_review,not_admitted,base_reference_only_pending_promotion,Retained as source/reference; not admitted to runtime.
804C134A3019683D58C1DDEC8FD2A8F1DCD1A64446239DEFF5D84E2DBC0796E5,sources/base/美术素材/blobs/80/804c134a3019683d58c1ddec8fd2a8f1dcd1a64446239deff5d84e2dbc0796e5.png,.png,image,actor_animation_source,source_reference,sources/draw/processed/HUligai/06_left_walk_1.png,1,draw_other,06_left_walk_1.png,7,0,,base_source_evidence_only,pending_verification,pending_review,not_admitted,base_reference_only_pending_promotion,Retained as source/reference; not admitted to runtime.
8083B6B3718BCF5ECA3D5CEA4CD6599B73ED71E88A67DAB706257BADC14CA696,sources/base/美术素材/blobs/80/8083b6b3718bcf5eca3d5cea4cd6599b73ed71e88a67dab706257badc14ca696.png,.png,image,source_composite,working_candidate,sources/draw/10_working/candidates/Zuhe2/Zuhe2_candidate_087.png,1,10_working,Zuhe2_candidate_087.png,0,0,,base_source_evidence_only,pending_verification,pending_review,not_admitted,base_reference_only_pending_promotion,Retained as source/reference; not admitted to runtime.
80ADE6B6EC07BF9DAED6AD7E44DB57383EE5D8755449376F3F6BA7DE3B3D13FA,sources/base/美术素材/blobs/80/80ade6b6ec07bf9daed6ad7e44db57383ee5d8755449376f3f6ba7de3b3d13fa.png,.png,image,ui_component,stage_evidence,sources/art/ART-20/03_cut_output/shared/ui_keycap_prompt_set/ui_shared_keycap_f_normal.png,1,stage_output,ui_shared_keycap_f_normal.png,0,1,res://assets/ui/art20/shared/keycaps/ui_shared_keycap_f_normal.png,base_source_evidence_only,pending_verification,pending_review,not_admitted,runtime_crosswalk_required,Exact runtime bytes exist; authority is decided per runtime row.
80B36D4990EC82D7F17C898EB085BA695CAC1D2074CE97E66FFFDEC1096DC0EA,sources/base/美术素材/blobs/80/80b36d4990ec82d7f17c898eb085ba695cac1d2074ce97e66fffdec1096dc0ea.png,.png,image,source_composite,working_candidate,sources/draw/10_working/candidates/Zuhe2/Zuhe2_candidate_110.png,1,10_working,Zuhe2_candidate_110.png,0,0,,base_source_evidence_only,pending_verification,pending_review,not_admitted,base_reference_only_pending_promotion,Retained as source/reference; not admitted to runtime.
80CD787F8E0E0B306712A7B58C83100481C710B380D5EC38D2BB14517661566A,sources/base/美术素材/blobs/80/80cd787f8e0e0b306712a7b58c83100481c710b380d5ec38d2bb14517661566a.png,.png,image,uncategorized_image,game_ready_source,sources/draw/30_game_ready/icons/64/01_weizhi_ge.png,1,30_game_ready,01_weizhi_ge.png,2,1,res://assets/ui/art19/map64/unknown_cell_64.png,base_source_evidence_only,pending_verification,pending_review,not_admitted,runtime_crosswalk_required,Exact runtime bytes exist; authority is decided per runtime row.
81078D8D7B7A9C4139F27CCCA7A236B438A7729397E01E5F2BBCA17C80976F48,sources/base/美术素材/blobs/81/81078d8d7b7a9c4139f27ccca7a236b438a7729397e01e5f2bbca17c80976f48.png,.png,image,ui_component,stage_evidence,sources/art/ART-21/03_cut_output/map/ui_art21_map_marker_event.png,2,stage_output,ui_art21_map_marker_event.png,0,1,res://assets/ui/art21/map/ui_art21_map_marker_event.png,base_source_evidence_only,pending_verification,pending_review,not_admitted,runtime_crosswalk_required,Exact runtime bytes exist; authority is decided per runtime row.
81384405AB9AE1AA9BDCC0AF64F83F34C49E5F661D376915D000E42A989F4F6E,sources/base/美术素材/blobs/81/81384405ab9ae1aa9bdcc0af64f83f34c49e5f661d376915d000e42a989f4f6e.png,.png,image,source_composite,working_candidate,sources/draw/10_working/candidates/Zuhe2/Zuhe2_candidate_086.png,1,10_working,Zuhe2_candidate_086.png,0,0,,base_source_evidence_only,pending_verification,pending_review,not_admitted,base_reference_only_pending_promotion,Retained as source/reference; not admitted to runtime.
8191D324FD555A14A49D1CEE5FB362734B5011354B982B34F707C0D933EB4D0A,sources/base/美术素材/blobs/81/8191d324fd555a14a49d1cee5fb362734b5011354b982b34f707c0d933eb4d0a.png,.png,image,item,processed_source,sources/draw/20_processed/item_recovered/item_evac_device_dark.png,1,20_processed,item_evac_device_dark.png,0,0,,base_source_evidence_only,pending_verification,pending_review,not_admitted,base_reference_only_pending_promotion,Retained as source/reference; not admitted to runtime.
819C31BC1070AC5C9832EEA32605584BC6D835ED952A40371AEC308F2379455A,sources/base/美术素材/blobs/81/819c31bc1070ac5c9832eea32605584bc6d835ed952a40371aec308f2379455a.png,.png,image,ui_component,game_ready_source;processed_source;runtime_candidate;selected_source;stage_evidence,sources/draw/20_processed/ui_key_prompt/ui_key_e.png,5,03_selected;05_export_runtime_candidates;20_processed;30_game_ready;stage_output,ui_key_e.png,0,1,res://assets/ui/key_prompt/ui_key_e.png,base_source_evidence_only,pending_verification,pending_review,not_admitted,runtime_crosswalk_required,Exact runtime bytes exist; authority is decided per runtime row.
81B42026C2AE7B54107B373857CEEC978BDB1AEEE4B5373A9BDF20ACC0B81DF1,sources/base/美术素材/blobs/81/81b42026c2ae7b54107b373857ceec978bdb1aeee4b5373a9bdf20acc0b81df1.png,.png,image,source_composite,working_candidate,sources/draw/10_working/candidates/5/5_candidate_025.png,1,10_working,5_candidate_025.png,0,0,,base_source_evidence_only,pending_verification,pending_review,not_admitted,base_reference_only_pending_promotion,Retained as source/reference; not admitted to runtime.
81C37CE815B604432E7410C402340FD03020B92FF4D9045C1C0F37F7364E4826,sources/base/美术素材/blobs/81/81c37ce815b604432e7410c402340fd03020b92ff4d9045c1c0f37f7364e4826.png,.png,image,reference_capture,stage_evidence,sources/art/ART-13/屏幕截图 2026-06-28 191739.png,1,stage_output,屏幕截图 2026-06-28 191739.png,0,0,,base_source_evidence_only,pending_verification,pending_review,not_admitted,base_reference_only_pending_promotion,Retained as source/reference; not admitted to runtime.
8201D9590ACD5C64DA4FF48141160FBB41873FCBBE8260699C47D6B55207D7ED,sources/base/美术素材/blobs/82/8201d9590acd5c64da4ff48141160fbb41873fcbbe8260699c47d6b55207d7ed.png,.png,image,source_composite,working_candidate,sources/draw/10_working/candidates/2/2_candidate_031.png,1,10_working,2_candidate_031.png,0,0,,base_source_evidence_only,pending_verification,pending_review,not_admitted,base_reference_only_pending_promotion,Retained as source/reference; not admitted to runtime.
8241B855330EAB70DFE90BBB80BDF8F9B150B359980A5B1BB19BDBC1C3D6A58B,sources/base/美术素材/blobs/82/8241b855330eab70dfe90bbb80bdf8f9b150b359980a5b1bb19bdbc1c3d6a58b.png,.png,image,source_composite,working_candidate,sources/draw/10_working/candidates/1/1_candidate_015.png,1,10_working,1_candidate_015.png,0,0,,base_source_evidence_only,pending_verification,pending_review,not_admitted,base_reference_only_pending_promotion,Retained as source/reference; not admitted to runtime.
82451A090C4B1B19B29B88E696B8FE61C798D8F0DA91A5FD407A157B9F2BBBCB,sources/base/美术素材/blobs/82/82451a090c4b1b19b29b88e696b8fe61c798d8f0da91a5fd407a157b9f2bbbcb.png,.png,image,source_composite,working_candidate,sources/draw/10_working/candidates/5/5_candidate_016.png,1,10_working,5_candidate_016.png,0,0,,base_source_evidence_only,pending_verification,pending_review,not_admitted,base_reference_only_pending_promotion,Retained as source/reference; not admitted to runtime.
8246531B7C39A622B0F5B24AC62CBC51BAFBF3842E26073F1FDEB1E04E0518F8,sources/base/美术素材/blobs/82/8246531b7c39a622b0f5b24ac62cbc51bafbf3842e26073f1fdeb1e04e0518f8.png,.png,image,actor_animation_source,source_reference,sources/draw/processed/Huanxionggai/01_back_idle.png,1,draw_other,01_back_idle.png,7,1,res://assets/player/player_idle_up.png,base_source_evidence_only,pending_verification,pending_review,not_admitted,runtime_crosswalk_required,Exact runtime bytes exist; authority is decided per runtime row.
825797EA3763625059C080C437D3784F849F73C756E6E7DCB8E2CE907916F41D,sources/base/美术素材/blobs/82/825797ea3763625059c080c437d3784f849f73c756e6e7dcb8e2ce907916f41d.png,.png,image,uncategorized_image,working_candidate,sources/draw/10_working/candidates/2/2_candidate_029.png,1,10_working,2_candidate_029.png,0,0,,base_source_evidence_only,pending_verification,pending_review,not_admitted,base_reference_only_pending_promotion,Retained as source/reference; not admitted to runtime.
8296180A4AD3F9349314D1CD2F35F2778ED500E398CFBB5E58FBD928A14D159C,sources/base/美术素材/blobs/82/8296180a4ad3f9349314d1cd2f35f2778ed500e398cfbb5e58fbd928a14d159c.csv,.csv,table,source_registry,stage_evidence,sources/art/ART-21/_manifest/blocked_resolution.csv,1,stage_output,blocked_resolution.csv,0,0,,base_source_evidence_only,pending_verification,pending_review,not_admitted,source_support_not_runtime_art,"Registry, metadata, document, or other support object."
82C5E1FC98197AA323D37BD96E08C3640E61AE1478C4D0267879E1F296E8CA0D,sources/base/美术素材/blobs/82/82c5e1fc98197aa323d37bd96e08c3640e61ae1478c4d0267879e1f296e8ca0d.png,.png,image,source_composite,working_candidate,sources/draw/10_working/candidates/3/3_candidate_001.png,1,10_working,3_candidate_001.png,0,0,,base_source_evidence_only,pending_verification,pending_review,not_admitted,base_reference_only_pending_promotion,Retained as source/reference; not admitted to runtime.
8369A19E5EBB0AA87A9FCA340F99F9B61F84D4D9E876ABF018A0C933AA3247E5,sources/base/美术素材/blobs/83/8369a19e5ebb0aa87a9fca340f99f9b61f84d4d9e876abf018a0c933aa3247e5.png,.png,image,source_composite,working_candidate,sources/draw/10_working/candidates/3/3_candidate_052.png,1,10_working,3_candidate_052.png,0,0,,base_source_evidence_only,pending_verification,pending_review,not_admitted,base_reference_only_pending_promotion,Retained as source/reference; not admitted to runtime.
83A988F82C91C5A34093A9E76203838B334E2551A75645F01B8BD8DE376610D6,sources/base/美术素材/blobs/83/83a988f82c91c5a34093a9e76203838b334e2551a75645f01b8bd8de376610d6.png,.png,image,ui_component,stage_evidence,sources/art/ART-21/03_cut_output/result/ui_art21_result_modal_frame.png,2,stage_output,ui_art21_result_modal_frame.png,0,1,res://assets/ui/art21/result/ui_art21_result_modal_frame.png,base_source_evidence_only,pending_verification,pending_review,not_admitted,runtime_crosswalk_required,Exact runtime bytes exist; authority is decided per runtime row.
83AA7C1F39F51A619817335CA75DB36738CBE6478D2BF83FC8C55262856E1E4F,sources/base/美术素材/blobs/83/83aa7c1f39f51a619817335ca75db36738cbe6478d2bf83fc8c55262856e1e4f.png,.png,image,source_composite,working_candidate,sources/draw/10_working/candidates/Zuhe2/Zuhe2_candidate_046.png,1,10_working,Zuhe2_candidate_046.png,0,0,,base_source_evidence_only,pending_verification,pending_review,not_admitted,base_reference_only_pending_promotion,Retained as source/reference; not admitted to runtime.
83BAFEEA6218A47F23B9F455223C53795609EEB90BDD35E10DC9C659FC56F85B,sources/base/美术素材/blobs/83/83bafeea6218a47f23b9f455223c53795609eeb90bdd35e10dc9c659fc56f85b.png,.png,image,ui_component,processed_source,sources/draw/20_processed/ui/raw/xieyi_huizhang.png,1,20_processed,xieyi_huizhang.png,0,0,,base_source_evidence_only,pending_verification,pending_review,not_admitted,base_reference_only_pending_promotion,Retained as source/reference; not admitted to runtime.
83DFB3522233A2B719EB4519717EC1E4D01D90977E4BD0D253F360AF3613F2E1,sources/base/美术素材/blobs/83/83dfb3522233a2b719eb4519717ec1e4d01d90977e4bd0d253f360af3613f2e1.png,.png,image,source_composite,prototype_reference,sources/art/M1/A2.png,1,M1,A2.png,0,0,,base_source_evidence_only,pending_verification,pending_review,not_admitted,base_reference_only_pending_promotion,Retained as source/reference; not admitted to runtime.
83FB59E63D1E0E48C6EC9E11FCCB0F6050EA44FC9CC71C1A4F4202835078E0F2,sources/base/美术素材/blobs/83/83fb59e63d1e0e48c6ec9e11fccb0f6050ea44fc9cc71c1a4f4202835078e0f2.png,.png,image,actor_animation_source,game_ready_source;processed_source;source_reference,sources/draw/20_processed/characters/mao/frames/03_right_idle.png,3,20_processed;30_game_ready;art_other,03_right_idle.png,7,0,,base_source_evidence_only,pending_verification,pending_review,not_admitted,base_reference_only_pending_promotion,Retained as source/reference; not admitted to runtime.
8467A8F7CE404283EC277829052C2EC8C238871838A8DACB1BA51BE3ADEBAC26,sources/base/美术素材/blobs/84/8467a8f7ce404283ec277829052c2ec8c238871838a8dacb1ba51be3adebac26.png,.png,image,deploy,processed_source;source_reference,sources/draw/Next.png,2,20_processed;draw_root,deploy_ui_reference.png;Next.png,0,0,,base_source_evidence_only,pending_verification,pending_review,not_admitted,base_reference_only_pending_promotion,Retained as source/reference; not admitted to runtime.
851EFB92AEAB9AC96BBEB8CDE8BED04C2B19EC7E488252CC39DA92CBB3740C60,sources/base/美术素材/blobs/85/851efb92aeab9ac96bbeb8cde8bed04c2b19ec7e488252cc39da92cbb3740c60.png,.png,image,source_composite,working_candidate,sources/draw/10_working/candidates/Zuhe/Zuhe_candidate_001.png,1,10_working,Zuhe_candidate_001.png,0,0,,base_source_evidence_only,pending_verification,pending_review,not_admitted,base_reference_only_pending_promotion,Retained as source/reference; not admitted to runtime.
854B68BC8BBB712F18C96052B2A8E5F75605BE528DCF8802889E92246D14CA5C,sources/base/美术素材/blobs/85/854b68bc8bbb712f18c96052b2a8e5f75605be528dcf8802889e92246d14ca5c.png,.png,image,source_composite,working_candidate,sources/draw/10_working/candidates/2/2_candidate_032.png,1,10_working,2_candidate_032.png,0,0,,base_source_evidence_only,pending_verification,pending_review,not_admitted,base_reference_only_pending_promotion,Retained as source/reference; not admitted to runtime.
85676C7831B10F64451C8036FF5D001E1D23EA98C1B99BF6ECA26529460A9610,sources/base/美术素材/blobs/85/85676c7831b10f64451c8036ff5d001e1d23ea98c1b99bf6eca26529460a9610.png,.png,image,world_prop,processed_source,sources/draw/20_processed/props/raw/09_jinbi_dui.png,1,20_processed,09_jinbi_dui.png,1,0,,base_source_evidence_only,pending_verification,pending_review,not_admitted,base_reference_only_pending_promotion,Retained as source/reference; not admitted to runtime.
85786C63537E6353B31BB67F043CD4875D7A83C1675CDDE3562ED04E6F01DDA0,sources/base/美术素材/blobs/85/85786c63537e6353b31bb67f043cd4875d7a83c1675cdde3562ed04e6f01dda0.png,.png,image,actor_animation_source,source_reference;working_candidate,sources/draw/Maogai.png,2,10_working;draw_root,Maogai.png,0,0,,base_source_evidence_only,pending_verification,pending_review,not_admitted,base_reference_only_pending_promotion,Retained as source/reference; not admitted to runtime.
8623B164ED29B112E8243120F2BE879C3BFB177F6968FB1AA7E839C77F4D36BF,sources/base/美术素材/blobs/86/8623b164ed29b112e8243120f2be879c3bfb177f6968fb1aa7e839c77f4d36bf.csv,.csv,table,source_registry,stage_evidence,sources/art/ART-20/_manifest/staging_excluded_candidates.csv,1,stage_output,staging_excluded_candidates.csv,0,0,,base_source_evidence_only,pending_verification,pending_review,not_admitted,source_support_not_runtime_art,"Registry, metadata, document, or other support object."
8656BEECA8ECAB561495B5B44D0A77DF203A83C66E39453958748EDDA3261721,sources/base/美术素材/blobs/86/8656beeca8ecab561495b5b44d0a77df203a83c66e39453958748edda3261721.png,.png,image,source_composite,working_candidate,sources/draw/10_working/candidates/3/3_candidate_003.png,1,10_working,3_candidate_003.png,0,0,,base_source_evidence_only,pending_verification,pending_review,not_admitted,base_reference_only_pending_promotion,Retained as source/reference; not admitted to runtime.
86712C7855056C532BD4E6B703049841DD77F4D724F31422D792984678C703F6,sources/base/美术素材/blobs/86/86712c7855056c532bd4e6b703049841dd77f4d724f31422d792984678c703f6.json,.json,metadata,source_metadata,source_reference,sources/draw/processed/Maogai/manifest.json,1,draw_other,manifest.json,11,0,,base_source_evidence_only,pending_verification,pending_review,not_admitted,source_support_not_runtime_art,"Registry, metadata, document, or other support object."
867F0D20CD268E51E017C47ED49CFB1306E73D480DFB93A4640640C9BA627825,sources/base/美术素材/blobs/86/867f0d20cd268e51e017c47ed49cfb1306e73d480dfb93a4640640c9ba627825.png,.png,image,uncategorized_image,working_candidate,sources/draw/10_working/candidates/2/2_candidate_047.png,1,10_working,2_candidate_047.png,0,0,,base_source_evidence_only,pending_verification,pending_review,not_admitted,base_reference_only_pending_promotion,Retained as source/reference; not admitted to runtime.
86B940AC448C201A528B3F74A67E80221B6768847C23EA82ACA6208F44685989,sources/base/美术素材/blobs/86/86b940ac448c201a528b3f74a67e80221b6768847c23ea82aca6208f44685989.png,.png,image,actor_animation_source,source_reference,sources/draw/processed/Maogai/03_right_idle.png,1,draw_other,03_right_idle.png,7,0,,base_source_evidence_only,pending_verification,pending_review,not_admitted,base_reference_only_pending_promotion,Retained as source/reference; not admitted to runtime.
86FA60A043994FA7238FA03B0AC382525E0B6AA1F56979FFDC2D4DBA9A35D2A2,sources/base/美术素材/blobs/86/86fa60a043994fa7238fa03b0ac382525e0b6aa1f56979ffdc2d4dba9a35d2a2.png,.png,image,ui_component,stage_evidence,sources/art/ART-21/03_cut_output/shared/panels/ui_art21_shared_panel_modal_normal.png,2,stage_output,ui_art21_shared_panel_modal_normal.png,0,1,res://assets/ui/art21/shared/panels/ui_art21_shared_panel_modal_normal.png,base_source_evidence_only,pending_verification,pending_review,not_admitted,runtime_crosswalk_required,Exact runtime bytes exist; authority is decided per runtime row.
870DA709448824410050F53CAC4698CF5A8E614BF0CB1427D803E56193E1CE3E,sources/base/美术素材/blobs/87/870da709448824410050f53cac4698cf5a8e614bf0cb1427d803e56193e1ce3e.png,.png,image,uncategorized_image,working_candidate,sources/draw/10_working/candidates/3/3_candidate_019.png,1,10_working,3_candidate_019.png,0,0,,base_source_evidence_only,pending_verification,pending_review,not_admitted,base_reference_only_pending_promotion,Retained as source/reference; not admitted to runtime.
87335B621B01B7CB72722EE62F85BA8C52EF392F49AD0CAD5C0B42027F05FB3C,sources/base/美术素材/blobs/87/87335b621b01b7cb72722ee62f85ba8c52ef392f49ad0cad5c0b42027f05fb3c.png,.png,image,source_composite,working_candidate,sources/draw/10_working/candidates/4/4_candidate_012.png,1,10_working,4_candidate_012.png,0,0,,base_source_evidence_only,pending_verification,pending_review,not_admitted,base_reference_only_pending_promotion,Retained as source/reference; not admitted to runtime.
873E7E664B5CA870D41E23F67FB30FF21CE4F05DFACDEFD224B5B3598945836A,sources/base/美术素材/blobs/87/873e7e664b5ca870d41e23f67fb30ff21ce4f05dfacdefd224b5b3598945836a.png,.png,image,source_composite,working_candidate,sources/draw/10_working/candidates/2/2_candidate_011.png,1,10_working,2_candidate_011.png,0,0,,base_source_evidence_only,pending_verification,pending_review,not_admitted,base_reference_only_pending_promotion,Retained as source/reference; not admitted to runtime.
8759FD90B1B3D67887F849E85EC22F6451120537E16734CE75EE050056F27C65,sources/base/美术素材/blobs/87/8759fd90b1b3d67887f849e85ec22f6451120537e16734ce75ee050056f27c65.png,.png,image,source_composite,working_candidate,sources/draw/10_working/candidates/1/1_candidate_011.png,1,10_working,1_candidate_011.png,0,0,,base_source_evidence_only,pending_verification,pending_review,not_admitted,base_reference_only_pending_promotion,Retained as source/reference; not admitted to runtime.
8779A23F0E6B70085464290250303460DB7F12DE123FB6217B5BC4C0D46386AF,sources/base/美术素材/blobs/87/8779a23f0e6b70085464290250303460db7f12de123fb6217b5bc4c0d46386af.png,.png,image,source_composite,working_candidate,sources/draw/10_working/candidates/Zuhe2/Zuhe2_candidate_078.png,1,10_working,Zuhe2_candidate_078.png,0,0,,base_source_evidence_only,pending_verification,pending_review,not_admitted,base_reference_only_pending_promotion,Retained as source/reference; not admitted to runtime.
87DC591C293C5C610F82B1E7ACB7DA53E45B79A0D1BA56E1E807EFF98DD4B46B,sources/base/美术素材/blobs/87/87dc591c293c5c610f82b1e7acb7da53e45b79a0d1ba56e1e807eff98dd4b46b.png,.png,image,actor_animation_source,game_ready_source;processed_source;source_reference,sources/draw/20_processed/characters/tuzi/frames/02_left_idle.png,3,20_processed;30_game_ready;art_other,02_left_idle.png,7,0,,base_source_evidence_only,pending_verification,pending_review,not_admitted,base_reference_only_pending_promotion,Retained as source/reference; not admitted to runtime.
87F8DEA82CAC5C90614AE6938A6EB0F9C2CA6BCB10AAFA695938DAA5D0A0D0CD,sources/base/美术素材/blobs/87/87f8dea82cac5c90614ae6938a6eb0f9c2ca6bcb10aafa695938daa5d0a0d0cd.png,.png,image,source_composite,working_candidate,sources/draw/10_working/candidates/1/1_candidate_023.png,1,10_working,1_candidate_023.png,0,0,,base_source_evidence_only,pending_verification,pending_review,not_admitted,base_reference_only_pending_promotion,Retained as source/reference; not admitted to runtime.
882D742B72E38BB6301BB27C1F71C089FF6358187A806D13C8EDF68F43994181,sources/base/美术素材/blobs/88/882d742b72e38bb6301bb27c1f71c089ff6358187a806d13c8edf68f43994181.png,.png,image,uncategorized_image,working_candidate,sources/draw/10_working/candidates/1/1_candidate_047.png,1,10_working,1_candidate_047.png,0,0,,base_source_evidence_only,pending_verification,pending_review,not_admitted,base_reference_only_pending_promotion,Retained as source/reference; not admitted to runtime.
88351FD9B24C8FB5D538D0EA20A5C0C0AB292167D69514E548C98E5CCA8A7C83,sources/base/美术素材/blobs/88/88351fd9b24c8fb5d538d0ea20a5c0c0ab292167d69514e548c98e5cca8a7c83.png,.png,image,source_composite,working_candidate,sources/draw/10_working/candidates/1/1_candidate_041.png,1,10_working,1_candidate_041.png,0,0,,base_source_evidence_only,pending_verification,pending_review,not_admitted,base_reference_only_pending_promotion,Retained as source/reference; not admitted to runtime.
8906431A8F3615D15F824594CECE0BEC3AA9070CEB534885D614D8673C1FF958,sources/base/美术素材/blobs/89/8906431a8f3615d15f824594cece0bec3aa9070ceb534885d614d8673c1ff958.png,.png,image,ui_component,processed_source,sources/draw/20_processed/ui_summary_bar/ui_bar_event_prompt.png,1,20_processed,ui_bar_event_prompt.png,0,1,res://assets/ui/feedback/ui_bar_event_prompt.png,base_source_evidence_only,pending_verification,pending_review,not_admitted,runtime_crosswalk_required,Exact runtime bytes exist; authority is decided per runtime row.
8968C966B40AB92B4D0296FFD1D08F1C2FC81D638EE62A8F70A56893A37242E5,sources/base/美术素材/blobs/89/8968c966b40ab92b4d0296ffd1d08f1c2fc81d638ee62a8f70a56893a37242e5.png,.png,image,uncategorized_image,working_candidate,sources/draw/10_working/candidates/2/2_candidate_017.png,1,10_working,2_candidate_017.png,0,0,,base_source_evidence_only,pending_verification,pending_review,not_admitted,base_reference_only_pending_promotion,Retained as source/reference; not admitted to runtime.
8A0DAB0B5AD1D14DEE1E76F7B3E1495658946C6947E640717D8681412E9D9AA0,sources/base/美术素材/blobs/8a/8a0dab0b5ad1d14dee1e76f7b3e1495658946c6947e640717d8681412e9d9aa0.png,.png,image,actor_animation_source,source_reference,sources/draw/processed/Huanxionggai/00_front_idle.png,1,draw_other,00_front_idle.png,7,1,res://assets/player/player_idle_down.png,base_source_evidence_only,pending_verification,pending_review,not_admitted,runtime_crosswalk_required,Exact runtime bytes exist; authority is decided per runtime row.
8A70EF18582AA3D98BD6CA8E32D3790F2F169EA3F0EE43ACACC23F5A89471497,sources/base/美术素材/blobs/8a/8a70ef18582aa3d98bd6ca8e32d3790f2f169ea3f0ee43acacc23f5a89471497.png,.png,image,deploy,game_ready_source;processed_source;runtime_candidate;selected_source,sources/draw/20_processed/ui_deploy_button/ui_key_or_arrow_small_button.png,4,03_selected;05_export_runtime_candidates;20_processed;30_game_ready,ui_key_or_arrow_small_button.png,0,1,res://assets/ui/deploy/buttons/ui_key_or_arrow_small_button.png,base_source_evidence_only,pending_verification,pending_review,not_admitted,runtime_crosswalk_required,Exact runtime bytes exist; authority is decided per runtime row.
8AFBDA4356F2CFE81DEAF2F26DF469CCCD0CE9D39031F8A1C708EA6DEC1A5136,sources/base/美术素材/blobs/8a/8afbda4356f2cfe81deaf2f26df469cccd0ce9d39031f8a1c708ea6dec1a5136.png,.png,image,source_composite,working_candidate,sources/draw/10_working/candidates/Zuhe2/Zuhe2_candidate_070.png,1,10_working,Zuhe2_candidate_070.png,0,0,,base_source_evidence_only,pending_verification,pending_review,not_admitted,base_reference_only_pending_promotion,Retained as source/reference; not admitted to runtime.
8BE444CF6B9EBA2A7779002B7F0093A03CF0A421DFE62BD24B9D51BF577F14B5,sources/base/美术素材/blobs/8b/8be444cf6b9eba2a7779002b7f0093a03cf0a421dfe62bd24b9d51bf577f14b5.png,.png,image,uncategorized_image,working_candidate,sources/draw/10_working/candidates/3/3_candidate_088.png,1,10_working,3_candidate_088.png,0,0,,base_source_evidence_only,pending_verification,pending_review,not_admitted,base_reference_only_pending_promotion,Retained as source/reference; not admitted to runtime.
8BEB048B8ED78658FB243B9C57BCA45C2038780449E96D788264384CAF3772B3,sources/base/美术素材/blobs/8b/8beb048b8ed78658fb243b9c57bca45c2038780449e96d788264384caf3772b3.png,.png,image,item,stage_evidence,sources/art/ART-21R2/03_cut_output/modal_controls/ui_art21r2_modal_button_primary.png,3,stage_output,ui_art21r2_modal_button_primary.png;ui_art21r2_modal_button_secondary.png;ui_art21r2_modal_item_row_normal.png,0,3,res://assets/ui/art21r2/modal/ui_art21r2_modal_button_primary.png;res://assets/ui/art21r2/modal/ui_art21r2_modal_button_secondary.png;res://assets/ui/art21r2/modal/ui_art21r2_modal_item_row_normal.png,base_source_evidence_only,pending_verification,pending_review,not_admitted,runtime_crosswalk_required,Exact runtime bytes exist; authority is decided per runtime row.
8BF8B11CFC6A93A8AA1276C6BFFC19CB1213775187CAE538D94C6068CAD91195,sources/base/美术素材/blobs/8b/8bf8b11cfc6a93a8aa1276c6bffc19cb1213775187cae538d94c6068cad91195.png,.png,image,source_composite,working_candidate,sources/draw/10_working/candidates/Zuhe2/Zuhe2_candidate_040.png,1,10_working,Zuhe2_candidate_040.png,0,0,,base_source_evidence_only,pending_verification,pending_review,not_admitted,base_reference_only_pending_promotion,Retained as source/reference; not admitted to runtime.
8C041BC6C80D748A50186AF303B6CAE3694AE6D4D5A04D8FFC9D2D89FC2FFF2E,sources/base/美术素材/blobs/8c/8c041bc6c80d748a50186af303b6cae3694ae6d4d5a04d8ffc9d2d89fc2fff2e.png,.png,image,source_composite,working_candidate,sources/draw/10_working/candidates/Zuhe/Zuhe_candidate_036.png,1,10_working,Zuhe_candidate_036.png,0,0,,base_source_evidence_only,pending_verification,pending_review,not_admitted,base_reference_only_pending_promotion,Retained as source/reference; not admitted to runtime.
8C137D33B7109215D71363274D24E3B441E16638853D21E89324870C57BA52B2,sources/base/美术素材/blobs/8c/8c137d33b7109215d71363274d24e3b441e16638853d21e89324870c57ba52b2.png,.png,image,uncategorized_image,working_candidate,sources/draw/10_working/candidates/3/3_candidate_080.png,1,10_working,3_candidate_080.png,0,0,,base_source_evidence_only,pending_verification,pending_review,not_admitted,base_reference_only_pending_promotion,Retained as source/reference; not admitted to runtime.
8C19101FB3A385828727B14208E6F7953862A5B9B839351801F919712FF27D5B,sources/base/美术素材/blobs/8c/8c19101fb3a385828727b14208e6f7953862a5b9b839351801f919712ff27d5b.png,.png,image,source_composite,working_candidate,sources/draw/10_working/candidates/5/5_candidate_054.png,1,10_working,5_candidate_054.png,0,0,,base_source_evidence_only,pending_verification,pending_review,not_admitted,base_reference_only_pending_promotion,Retained as source/reference; not admitted to runtime.
8C6AAB5443C8134368D120D736DF1D73A0297A2091F27A4850021E412D277633,sources/base/美术素材/blobs/8c/8c6aab5443c8134368d120d736df1d73a0297a2091f27a4850021e412d277633.png,.png,image,source_composite,working_candidate,sources/draw/10_working/candidates/5/5_candidate_014.png,1,10_working,5_candidate_014.png,0,0,,base_source_evidence_only,pending_verification,pending_review,not_admitted,base_reference_only_pending_promotion,Retained as source/reference; not admitted to runtime.
8C80E0FF55C3E0DF131394DB8C7B6410491175DB36B9C5A599A71EAC1CB9D62B,sources/base/美术素材/blobs/8c/8c80e0ff55c3e0df131394db8c7b6410491175db36b9c5a599a71eac1cb9d62b.png,.png,image,source_composite,working_candidate,sources/draw/10_working/candidates/Zuhe2/Zuhe2_candidate_029.png,1,10_working,Zuhe2_candidate_029.png,0,0,,base_source_evidence_only,pending_verification,pending_review,not_admitted,base_reference_only_pending_promotion,Retained as source/reference; not admitted to runtime.
8C9E5FEF07B3727023AB6B382DA488AF2E5B8F43C565B22D5CE425C70575F836,sources/base/美术素材/blobs/8c/8c9e5fef07b3727023ab6b382da488af2e5b8f43c565b22d5ce425c70575f836.png,.png,image,uncategorized_image,game_ready_source,sources/draw/30_game_ready/icons/64/00_wanjia_dingwei.png,1,30_game_ready,00_wanjia_dingwei.png,2,1,res://assets/ui/art19/map64/player_marker_64.png,base_source_evidence_only,pending_verification,pending_review,not_admitted,runtime_crosswalk_required,Exact runtime bytes exist; authority is decided per runtime row.
8CCA7D4F76923864573A1044AB64A7BE9A651105DA4871BA959556EE52DB6438,sources/base/美术素材/blobs/8c/8cca7d4f76923864573a1044ab64a7be9a651105da4871ba959556ee52db6438.png,.png,image,actor_animation_source,game_ready_source;processed_source;source_reference,sources/draw/20_processed/characters/huli/frames/02_left_idle.png,3,20_processed;30_game_ready;art_other,02_left_idle.png,7,0,,base_source_evidence_only,pending_verification,pending_review,not_admitted,base_reference_only_pending_promotion,Retained as source/reference; not admitted to runtime.
8CEBEAA988EBF86778ABF14F0C0BC6FEDC98E6924395232BCF051324EADA841B,sources/base/美术素材/blobs/8c/8cebeaa988ebf86778abf14f0c0bc6fedc98e6924395232bcf051324eada841b.png,.png,image,actor_animation_source,source_reference,sources/draw/processed/Maogai/09_back_walk_2.png,1,draw_other,09_back_walk_2.png,7,0,,base_source_evidence_only,pending_verification,pending_review,not_admitted,base_reference_only_pending_promotion,Retained as source/reference; not admitted to runtime.
8D02257DC433C3B6CC2117D671C56B267DB90EFF056BA018E1EA3C9E15A0CAF4,sources/base/美术素材/blobs/8d/8d02257dc433c3b6cc2117d671c56b267db90eff056ba018e1ea3c9e15a0caf4.png,.png,image,source_composite,working_candidate,sources/draw/10_working/candidates/Zuhe2/Zuhe2_candidate_033.png,1,10_working,Zuhe2_candidate_033.png,0,0,,base_source_evidence_only,pending_verification,pending_review,not_admitted,base_reference_only_pending_promotion,Retained as source/reference; not admitted to runtime.
8D954E6480F6E7FA0E31FA572F015E903D3811DF2DEA56786700AC6F40FBD419,sources/base/美术素材/blobs/8d/8d954e6480f6e7fa0e31fa572f015e903d3811df2dea56786700ac6f40fbd419.png,.png,image,source_composite,working_candidate,sources/draw/10_working/candidates/5/5_candidate_022.png,1,10_working,5_candidate_022.png,0,0,,base_source_evidence_only,pending_verification,pending_review,not_admitted,base_reference_only_pending_promotion,Retained as source/reference; not admitted to runtime.
8E161742907B91C94CF57A78F17078DE094224F08D93CCD3C7B4FA0EDD4D4E16,sources/base/美术素材/blobs/8e/8e161742907b91c94cf57a78f17078de094224f08d93ccd3c7b4fa0edd4d4e16.png,.png,image,uncategorized_image,working_candidate,sources/draw/10_working/candidates/4/4_candidate_019.png,1,10_working,4_candidate_019.png,0,0,,base_source_evidence_only,pending_verification,pending_review,not_admitted,base_reference_only_pending_promotion,Retained as source/reference; not admitted to runtime.
8E1C1AEE79A0943B31E734BC30455A661A8BDCDF79FCD4C2ECE33EADC8D22191,sources/base/美术素材/blobs/8e/8e1c1aee79a0943b31e734bc30455a661a8bdcdf79fcd4c2ece33eadc8d22191.png,.png,image,source_composite,working_candidate,sources/draw/10_working/candidates/3/3_candidate_096.png,1,10_working,3_candidate_096.png,0,0,,base_source_evidence_only,pending_verification,pending_review,not_admitted,base_reference_only_pending_promotion,Retained as source/reference; not admitted to runtime.
8E1E02EDDF404ED01761E72CA2C340681196D9D6C17E2D9D22910B4B28FB6ED0,sources/base/美术素材/blobs/8e/8e1e02eddf404ed01761e72ca2c340681196d9d6c17e2d9d22910b4b28fb6ed0.png,.png,image,main_menu,stage_evidence,sources/art/ART-21R2/03_cut_output/main_menu/ui_art21r2_main_menu_title_board.png,1,stage_output,ui_art21r2_main_menu_title_board.png,0,1,res://assets/ui/art21r2/main_menu/ui_art21r2_main_menu_title_board.png,base_source_evidence_only,pending_verification,pending_review,not_admitted,runtime_crosswalk_required,Exact runtime bytes exist; authority is decided per runtime row.
8E3F8410997A6F02A74C49C8C81031C7AC95B8815AA23D7934AAAA479864A702,sources/base/美术素材/blobs/8e/8e3f8410997a6f02a74c49c8c81031c7ac95b8815aa23d7934aaaa479864a702.png,.png,image,uncategorized_image,working_candidate,sources/draw/10_working/candidates/2/2_candidate_020.png,1,10_working,2_candidate_020.png,0,0,,base_source_evidence_only,pending_verification,pending_review,not_admitted,base_reference_only_pending_promotion,Retained as source/reference; not admitted to runtime.
8E5B26EB543E59A1B7D09BCDCC74803D1674BA4D3487C7FB10EE131FA5C18FE9,sources/base/美术素材/blobs/8e/8e5b26eb543e59a1b7d09bcdcc74803d1674ba4d3487c7fb10ee131fa5c18fe9.png,.png,image,deploy,game_ready_source;processed_source;runtime_candidate;selected_source;stage_evidence,sources/draw/20_processed/ui_deploy_icon/ui_icon_bandage.png,5,03_selected;05_export_runtime_candidates;20_processed;30_game_ready;stage_output,ui_icon_bandage.png,0,1,res://assets/ui/deploy/icons/ui_icon_bandage.png,base_source_evidence_only,pending_verification,pending_review,not_admitted,runtime_crosswalk_required,Exact runtime bytes exist; authority is decided per runtime row.
8E5DDA8D84E2CC3126DE7D72C204896828DC8AE171D915060D3C9A1AC4D0177E,sources/base/美术素材/blobs/8e/8e5dda8d84e2cc3126de7d72c204896828dc8ae171d915060d3c9a1ac4d0177e.png,.png,image,source_composite,working_candidate,sources/draw/10_working/candidates/Zuhe2/Zuhe2_candidate_026.png,1,10_working,Zuhe2_candidate_026.png,0,0,,base_source_evidence_only,pending_verification,pending_review,not_admitted,base_reference_only_pending_promotion,Retained as source/reference; not admitted to runtime.
8E70437B2CA34CF9994D5FFE37458FF8D3D3BB4BBDC38D5051E63260E262370E,sources/base/美术素材/blobs/8e/8e70437b2ca34cf9994d5ffe37458ff8d3d3bb4bbdc38d5051e63260e262370e.png,.png,image,source_composite,working_candidate,sources/draw/10_working/candidates/1/1_candidate_044.png,1,10_working,1_candidate_044.png,0,0,,base_source_evidence_only,pending_verification,pending_review,not_admitted,base_reference_only_pending_promotion,Retained as source/reference; not admitted to runtime.
8E7C7F5176BBAB569ED977BED843E2AD5FC6960A918947F9AAE19CFB38464C2F,sources/base/美术素材/blobs/8e/8e7c7f5176bbab569ed977bed843e2ad5fc6960a918947f9aae19cfb38464c2f.png,.png,image,world_prop,processed_source,sources/draw/20_processed/icons/raw/07_baoxiang_icon.png,1,20_processed,07_baoxiang_icon.png,2,0,,base_source_evidence_only,pending_verification,pending_review,not_admitted,base_reference_only_pending_promotion,Retained as source/reference; not admitted to runtime.
8E7F7A3C639FECC56F9DD42DC324A9BBB3DC3646560FAC71867CA54B6C5F0DA1,sources/base/美术素材/blobs/8e/8e7f7a3c639fecc56f9dd42dc324a9bbb3dc3646560fac71867ca54b6c5f0da1.png,.png,image,debug_artifact,game_ready_source;processed_source,sources/draw/20_processed/characters/mao/debug_detected_boxes.png,2,20_processed;30_game_ready,debug_detected_boxes.png,12,0,,base_source_evidence_only,pending_verification,pending_review,not_admitted,base_reference_only_pending_promotion,Retained as source/reference; not admitted to runtime.
8E7FEB40DF5FE4747172C5EC481D423A34C73C911985C1B77A22C6A256FC208B,sources/base/美术素材/blobs/8e/8e7feb40df5fe4747172c5ec481d423a34c73c911985c1b77a22c6a256fc208b.png,.png,image,actor_animation_source,source_reference,sources/draw/processed/Maogai/01_back_idle.png,1,draw_other,01_back_idle.png,7,0,,base_source_evidence_only,pending_verification,pending_review,not_admitted,base_reference_only_pending_promotion,Retained as source/reference; not admitted to runtime.
8EA1EACCFA491F00B67EF6F4A4A49F4648FFEB6B80024FAD8FD3901CB073D27B,sources/base/美术素材/blobs/8e/8ea1eaccfa491f00b67ef6f4a4a49f4648ffeb6b80024fad8fd3901cb073d27b.png,.png,image,uncategorized_image,working_candidate,sources/draw/10_working/candidates/4/4_candidate_038.png,1,10_working,4_candidate_038.png,0,0,,base_source_evidence_only,pending_verification,pending_review,not_admitted,base_reference_only_pending_promotion,Retained as source/reference; not admitted to runtime.
8EB81032DEDAAEEF23771AE58A566A1FBFC0365FDBD02DBA0172667BAE28674C,sources/base/美术素材/blobs/8e/8eb81032dedaaeef23771ae58a566a1fbfc0365fdbd02dba0172667bae28674c.png,.png,image,source_composite,working_candidate,sources/draw/10_working/candidates/Zuhe/Zuhe_candidate_017.png,1,10_working,Zuhe_candidate_017.png,0,0,,base_source_evidence_only,pending_verification,pending_review,not_admitted,base_reference_only_pending_promotion,Retained as source/reference; not admitted to runtime.
8EBD8B6D4E93CC9E84437E193902A1143F1D0DCF1F0D5CC3B019354300AFFF76,sources/base/美术素材/blobs/8e/8ebd8b6d4e93cc9e84437e193902a1143f1d0dcf1f0d5cc3b019354300afff76.png,.png,image,actor,raw_source;source_reference,sources/draw/Huanxiong.png,2,00_raw;draw_root,Huanxiong.png,0,0,,base_source_evidence_only,pending_verification,pending_review,not_admitted,base_reference_only_pending_promotion,Retained as source/reference; not admitted to runtime.
8F4A98CEC67B6588A8C36EA3261517CDEF2AA2A8F3DA9F9E7721342524212E2E,sources/base/美术素材/blobs/8f/8f4a98cec67b6588a8c36ea3261517cdef2aa2a8f3da9f9e7721342524212e2e.png,.png,image,uncategorized_image,working_candidate,sources/draw/10_working/candidates/3/3_candidate_038.png,1,10_working,3_candidate_038.png,0,0,,base_source_evidence_only,pending_verification,pending_review,not_admitted,base_reference_only_pending_promotion,Retained as source/reference; not admitted to runtime.
8F7FCAEF357D13D47D4F214EAEF128F7B146018CF047E942F15EBD76A2F8DE6F,sources/base/美术素材/blobs/8f/8f7fcaef357d13d47d4f214eaef128f7b146018cf047e942f15ebd76a2f8de6f.png,.png,image,source_composite,working_candidate,sources/draw/10_working/candidates/3/3_candidate_004.png,1,10_working,3_candidate_004.png,0,0,,base_source_evidence_only,pending_verification,pending_review,not_admitted,base_reference_only_pending_promotion,Retained as source/reference; not admitted to runtime.
8F81419B6B636AB081FB9CD21442098D0475B45C1DF2777C80A465B4E92FB1A2,sources/base/美术素材/blobs/8f/8f81419b6b636ab081fb9cd21442098d0475b45c1df2777c80a465b4e92fb1a2.png,.png,image,source_composite,working_candidate,sources/draw/10_working/candidates/1/1_candidate_053.png,1,10_working,1_candidate_053.png,0,0,,base_source_evidence_only,pending_verification,pending_review,not_admitted,base_reference_only_pending_promotion,Retained as source/reference; not admitted to runtime.
8F86324B4409274CC01AE26E580669D6B990E21A488083DAD8148BA6DAE14F5B,sources/base/美术素材/blobs/8f/8f86324b4409274cc01ae26e580669d6b990e21a488083dad8148ba6dae14f5b.png,.png,image,source_composite,working_candidate,sources/draw/10_working/candidates/Zujian2/Zujian2_candidate_001.png,1,10_working,Zujian2_candidate_001.png,0,0,,base_source_evidence_only,pending_verification,pending_review,not_admitted,base_reference_only_pending_promotion,Retained as source/reference; not admitted to runtime.
8F9C9722E9B5A1BF10F7DDE4D6A6708C9F7F412955B60F99B4181A990FCA95F3,sources/base/美术素材/blobs/8f/8f9c9722e9b5a1bf10f7dde4d6a6708c9f7f412955b60f99b4181a990fca95f3.png,.png,image,source_composite,source_reference,sources/draw/Zuhe2.png,1,draw_root,Zuhe2.png,0,0,,base_source_evidence_only,pending_verification,pending_review,not_admitted,base_reference_only_pending_promotion,Retained as source/reference; not admitted to runtime.
8FE20A0106F28537B202EFA7376DAD270F925C2F9C00B6617FF4562870F1BCA9,sources/base/美术素材/blobs/8f/8fe20a0106f28537b202efa7376dad270f925c2f9c00b6617ff4562870f1bca9.md,.md,document,source_documentation,source_reference,sources/draw/_manifest/missing_assets.md,1,draw_other,missing_assets.md,0,0,,base_source_evidence_only,pending_verification,pending_review,not_admitted,source_support_not_runtime_art,"Registry, metadata, document, or other support object."
905B5A09E0546D2803C99D44D3E5E5A419E939AC18AA5EF22F3FB4B875FDFA09,sources/base/美术素材/blobs/90/905b5a09e0546d2803c99d44d3e5e5a419e939ac18aa5ef22f3fb4b875fdfa09.png,.png,image,uncategorized_image,working_candidate,sources/draw/10_working/candidates/5/5_candidate_049.png,1,10_working,5_candidate_049.png,0,0,,base_source_evidence_only,pending_verification,pending_review,not_admitted,base_reference_only_pending_promotion,Retained as source/reference; not admitted to runtime.
90AE08A2B07CAE3E2E59FF53CE3D4B6786F3CAE7BED3CCA4B343FFAF6C24F33B,sources/base/美术素材/blobs/90/90ae08a2b07cae3e2e59ff53ce3d4b6786f3cae7bed3cca4b343ffaf6c24f33b.png,.png,image,actor_animation_source,source_reference,sources/draw/processed/Maogai/02_left_idle.png,1,draw_other,02_left_idle.png,7,0,,base_source_evidence_only,pending_verification,pending_review,not_admitted,base_reference_only_pending_promotion,Retained as source/reference; not admitted to runtime.
90F73296CBB61B88E4042F712E0BDE1AB32E611ECA165007EAABD28553CF1B63,sources/base/美术素材/blobs/90/90f73296cbb61b88e4042f712e0bde1ab32e611eca165007eaabd28553cf1b63.png,.png,image,source_composite,processed_source,sources/draw/20_processed/icons/raw/12_shuzi_2.png,1,20_processed,12_shuzi_2.png,2,0,,base_source_evidence_only,pending_verification,pending_review,not_admitted,base_reference_only_pending_promotion,Retained as source/reference; not admitted to runtime.
90FD28C7B81D57332884104C5E3708CD75056095B9F14F9DEB06553DA247EE45,sources/base/美术素材/blobs/90/90fd28c7b81d57332884104c5e3708cd75056095b9f14f9deb06553da247ee45.png,.png,image,actor_animation_source,source_reference,sources/draw/processed/Maogai/07_right_walk_1.png,1,draw_other,07_right_walk_1.png,7,0,,base_source_evidence_only,pending_verification,pending_review,not_admitted,base_reference_only_pending_promotion,Retained as source/reference; not admitted to runtime.
918636E6DC876BA458C1DF164C03442601494E52D1877DEA277AD485F080F079,sources/base/美术素材/blobs/91/918636e6dc876ba458c1df164c03442601494e52d1877dea277ad485f080f079.png,.png,image,actor_animation_source,source_reference,sources/draw/processed/HUligai/00_front_idle.png,1,draw_other,00_front_idle.png,7,0,,base_source_evidence_only,pending_verification,pending_review,not_admitted,base_reference_only_pending_promotion,Retained as source/reference; not admitted to runtime.
91B5E93BDE44F9D20427BF283836120803CDEC66FEA25048A29DA1697FFA98B8,sources/base/美术素材/blobs/91/91b5e93bde44f9d20427bf283836120803cdec66fea25048a29da1697ffa98b8.png,.png,image,source_composite,working_candidate,sources/draw/10_working/candidates/Zuhe/Zuhe_candidate_043.png,1,10_working,Zuhe_candidate_043.png,0,0,,base_source_evidence_only,pending_verification,pending_review,not_admitted,base_reference_only_pending_promotion,Retained as source/reference; not admitted to runtime.
92491D0B7C9A874B7E689B36E2ABEF8C762C8446367E7C52D29466AC99488265,sources/base/美术素材/blobs/92/92491d0b7c9a874b7e689b36e2abef8c762c8446367e7c52d29466ac99488265.png,.png,image,source_composite,working_candidate,sources/draw/10_working/candidates/Zuhe/Zuhe_candidate_056.png,1,10_working,Zuhe_candidate_056.png,0,0,,base_source_evidence_only,pending_verification,pending_review,not_admitted,base_reference_only_pending_promotion,Retained as source/reference; not admitted to runtime.
924C1A469C6EAF05FD3F0C8EDFBCC90A4E5FAE1B86A77B92A605FD7B641A34BF,sources/base/美术素材/blobs/92/924c1a469c6eaf05fd3f0c8edfbcc90a4e5fae1b86a77b92a605fd7b641a34bf.png,.png,image,uncategorized_image,working_candidate,sources/draw/10_working/candidates/3/3_candidate_020.png,1,10_working,3_candidate_020.png,0,0,,base_source_evidence_only,pending_verification,pending_review,not_admitted,base_reference_only_pending_promotion,Retained as source/reference; not admitted to runtime.
92D5C1CA9E88CBE72B78C2145C67FB448231E172071803BA33DAAF4B4951BC20,sources/base/美术素材/blobs/92/92d5c1ca9e88cbe72b78c2145c67fb448231e172071803ba33daaf4b4951bc20.png,.png,image,source_composite,working_candidate,sources/draw/10_working/candidates/Zuhe/Zuhe_candidate_035.png,1,10_working,Zuhe_candidate_035.png,0,0,,base_source_evidence_only,pending_verification,pending_review,not_admitted,base_reference_only_pending_promotion,Retained as source/reference; not admitted to runtime.
930B2C6686DC1557838D3610542E10D57064422E900A5520301D5655F62EB57F,sources/base/美术素材/blobs/93/930b2c6686dc1557838d3610542e10d57064422e900a5520301d5655f62eb57f.png,.png,image,source_composite,working_candidate,sources/draw/10_working/candidates/Zujian1/Zujian1_candidate_005.png,1,10_working,Zujian1_candidate_005.png,0,0,,base_source_evidence_only,pending_verification,pending_review,not_admitted,base_reference_only_pending_promotion,Retained as source/reference; not admitted to runtime.
93833EFB01E7CA0E0267511FD398BE276AF3E628B0BC3A3B1855DDFA7A6D6EA6,sources/base/美术素材/blobs/93/93833efb01e7ca0e0267511fd398be276af3e628b0bc3a3b1855ddfa7a6d6ea6.png,.png,image,source_composite,working_candidate,sources/draw/10_working/candidates/5/5_candidate_045.png,1,10_working,5_candidate_045.png,0,0,,base_source_evidence_only,pending_verification,pending_review,not_admitted,base_reference_only_pending_promotion,Retained as source/reference; not admitted to runtime.
938EB5D5BFB323117E2A5242A76D3D8623A8DFEDF83C3AB6F4580C7189EEBF2C,sources/base/美术素材/blobs/93/938eb5d5bfb323117e2a5242a76d3d8623a8dfedf83c3ab6f4580c7189eebf2c.png,.png,image,ui_component,stage_evidence,sources/art/ART-21/03_cut_output/shared/buttons/ui_art21_shared_button_secondary_selected.png,2,stage_output,ui_art21_shared_button_secondary_selected.png,0,1,res://assets/ui/art21/shared/buttons/ui_art21_shared_button_secondary_selected.png,base_source_evidence_only,pending_verification,pending_review,not_admitted,runtime_crosswalk_required,Exact runtime bytes exist; authority is decided per runtime row.
93CF1A36867DE68552DBE26082D74673967F2A80088B874F6BC9C2DEAB8AD5CC,sources/base/美术素材/blobs/93/93cf1a36867de68552dbe26082d74673967f2a80088b874f6bc9c2deab8ad5cc.png,.png,image,ui_component,processed_source,sources/draw/20_processed/ui/raw/11_jiemian_weimingming.png,1,20_processed,11_jiemian_weimingming.png,0,0,,base_source_evidence_only,pending_verification,pending_review,not_admitted,base_reference_only_pending_promotion,Retained as source/reference; not admitted to runtime.
947BE3F04DF92406F8CF48A3B3B19038E5E95B1ED5FB5041BAAE715B501E5419,sources/base/美术素材/blobs/94/947be3f04df92406f8cf48a3b3b19038e5e95b1ed5fb5041baae715b501e5419.png,.png,image,room,game_ready_source,sources/draw/30_game_ready/rooms/fangjian_jichu_1024.png,1,30_game_ready,fangjian_jichu_1024.png,0,0,,base_source_evidence_only,pending_verification,pending_review,not_admitted,base_reference_only_pending_promotion,Retained as source/reference; not admitted to runtime.
94B2BEB00B4390BFD36BD7B0A73073CACF09C616750B65ED4A7E9E65926F8E0C,sources/base/美术素材/blobs/94/94b2beb00b4390bfd36bd7b0a73073cacf09c616750b65ed4a7e9e65926f8e0c.png,.png,image,source_composite,working_candidate,sources/draw/10_working/candidates/Zujian2/Zujian2_candidate_019.png,1,10_working,Zujian2_candidate_019.png,0,0,,base_source_evidence_only,pending_verification,pending_review,not_admitted,base_reference_only_pending_promotion,Retained as source/reference; not admitted to runtime.
95021C62F82CF43B0348A727820DCBC78B52C8C1C853F91025BF35DD263DD2CD,sources/base/美术素材/blobs/95/95021c62f82cf43b0348a727820dcbc78b52c8c1c853f91025bf35dd263dd2cd.png,.png,image,source_composite,prototype_reference,sources/art/M1/A3.png,1,M1,A3.png,0,0,,base_source_evidence_only,pending_verification,pending_review,not_admitted,base_reference_only_pending_promotion,Retained as source/reference; not admitted to runtime.
9513ECEF3BB544EFCAAFDF7A782ACF991BEDD1D751122FCD6020A3646F1D4696,sources/base/美术素材/blobs/95/9513ecef3bb544efcaafdf7a782acf991bedd1d751122fcd6020a3646f1d4696.csv,.csv,table,source_registry,stage_evidence,sources/art/ART-21/_manifest/staging_manifest.csv,1,stage_output,staging_manifest.csv,1,0,,base_source_evidence_only,pending_verification,pending_review,not_admitted,source_support_not_runtime_art,"Registry, metadata, document, or other support object."
95901C810F1406FD3CD4CC597F3ED7FF61E28FA23D01051A359C9FDD3F857BE2,sources/base/美术素材/blobs/95/95901c810f1406fd3cd4cc597f3ed7ff61e28fa23d01051a359c9fdd3f857be2.png,.png,image,source_composite,working_candidate,sources/draw/10_working/candidates/Zuhe2/Zuhe2_candidate_020.png,1,10_working,Zuhe2_candidate_020.png,0,0,,base_source_evidence_only,pending_verification,pending_review,not_admitted,base_reference_only_pending_promotion,Retained as source/reference; not admitted to runtime.
95BA9053F93F1BA3AF29F68364041688C4D70802CBE1B03018C55BF2F1538DD0,sources/base/美术素材/blobs/95/95ba9053f93f1ba3af29f68364041688c4d70802cbe1b03018c55bf2f1538dd0.png,.png,image,uncategorized_image,working_candidate,sources/draw/10_working/candidates/3/3_candidate_077.png,1,10_working,3_candidate_077.png,0,0,,base_source_evidence_only,pending_verification,pending_review,not_admitted,base_reference_only_pending_promotion,Retained as source/reference; not admitted to runtime.
95FDDAEB8023206D3ED54D91191921177E123A1BB2FAF0D40D6C064101374A5C,sources/base/美术素材/blobs/95/95fddaeb8023206d3ed54d91191921177e123a1bb2faf0d40d6c064101374a5c.png,.png,image,source_composite,working_candidate,sources/draw/10_working/candidates/Zuhe2/Zuhe2_candidate_017.png,1,10_working,Zuhe2_candidate_017.png,0,0,,base_source_evidence_only,pending_verification,pending_review,not_admitted,base_reference_only_pending_promotion,Retained as source/reference; not admitted to runtime.
96118D2EF43874C2485AF7034E81BAC9137A72FE6F8992033DFF5E575037C4E0,sources/base/美术素材/blobs/96/96118d2ef43874c2485af7034e81bac9137a72fe6f8992033dff5e575037c4e0.png,.png,image,uncategorized_image,working_candidate,sources/draw/10_working/candidates/4/4_candidate_037.png,1,10_working,4_candidate_037.png,0,0,,base_source_evidence_only,pending_verification,pending_review,not_admitted,base_reference_only_pending_promotion,Retained as source/reference; not admitted to runtime.
9680C9DB5E42768BD00E997C75688258F762860EC10A86F1BD917C72119C5EB5,sources/base/美术素材/blobs/96/9680c9db5e42768bd00e997c75688258f762860ec10a86f1bd917c72119c5eb5.png,.png,image,source_composite,working_candidate,sources/draw/10_working/candidates/Zuhe/Zuhe_candidate_008.png,1,10_working,Zuhe_candidate_008.png,0,0,,base_source_evidence_only,pending_verification,pending_review,not_admitted,base_reference_only_pending_promotion,Retained as source/reference; not admitted to runtime.
96DC90E76A86E8529621197AD617FD9B6A9096A6BEB5BD8B2CF24928BE4FE2E6,sources/base/美术素材/blobs/96/96dc90e76a86e8529621197ad617fd9b6a9096a6beb5bd8b2cf24928be4fe2e6.csv,.csv,table,source_registry,source_reference,sources/art/_registry/export_manifest.csv,1,art_other,export_manifest.csv,0,0,,base_source_evidence_only,pending_verification,pending_review,not_admitted,source_support_not_runtime_art,"Registry, metadata, document, or other support object."
975DCDBCECB2048125974BA7047CF56F75F3AC8B1970B2512C5E6670D7E42C78,sources/base/美术素材/blobs/97/975dcdbcecb2048125974ba7047cf56f75f3ac8b1970b2512c5e6670d7e42c78.png,.png,image,source_composite,working_candidate,sources/draw/10_working/candidates/3/3_candidate_065.png,1,10_working,3_candidate_065.png,0,0,,base_source_evidence_only,pending_verification,pending_review,not_admitted,base_reference_only_pending_promotion,Retained as source/reference; not admitted to runtime.
97FAA93E275EC25EA850C866E99FBA358E6E53B33EE061DFCD4F2AF9900C9937,sources/base/美术素材/blobs/97/97faa93e275ec25ea850c866e99fba358e6e53b33ee061dfcd4f2af9900c9937.png,.png,image,source_composite,working_candidate,sources/draw/10_working/candidates/Zuhe2/Zuhe2_candidate_073.png,1,10_working,Zuhe2_candidate_073.png,0,0,,base_source_evidence_only,pending_verification,pending_review,not_admitted,base_reference_only_pending_promotion,Retained as source/reference; not admitted to runtime.
97FC6545678C0D2922C6025F842D67319E0EE1F78A31F2B8E7E8614BEE3AFC0D,sources/base/美术素材/blobs/97/97fc6545678c0d2922c6025f842d67319e0ee1f78a31f2b8e7e8614bee3afc0d.md,.md,document,source_documentation,source_reference,sources/draw/_manifest/asset_report.md,1,draw_other,asset_report.md,0,0,,base_source_evidence_only,pending_verification,pending_review,not_admitted,source_support_not_runtime_art,"Registry, metadata, document, or other support object."
98261266CF760A3625B2DA22746CB209ED0FFF18998043E04C276D3CABD177AA,sources/base/美术素材/blobs/98/98261266cf760a3625b2da22746cb209ed0fff18998043e04c276d3cabd177aa.png,.png,image,source_composite,working_candidate,sources/draw/10_working/candidates/Zujian3/Zujian3_candidate_009.png,1,10_working,Zujian3_candidate_009.png,0,0,,base_source_evidence_only,pending_verification,pending_review,not_admitted,base_reference_only_pending_promotion,Retained as source/reference; not admitted to runtime.
983D528CD4AA59313BD5C1EE72AA7A99D03012621A2EED5FA5FA068C3FA4CDE9,sources/base/美术素材/blobs/98/983d528cd4aa59313bd5c1ee72aa7a99d03012621a2eed5fa5fa068c3fa4cde9.png,.png,image,source_composite,working_candidate,sources/draw/10_working/candidates/1/1_candidate_055.png,1,10_working,1_candidate_055.png,0,0,,base_source_evidence_only,pending_verification,pending_review,not_admitted,base_reference_only_pending_promotion,Retained as source/reference; not admitted to runtime.
984489DBD0F9F0F97D656759FA6B21C0DA1C204550C43E479EB86A73FD1BE7ED,sources/base/美术素材/blobs/98/984489dbd0f9f0f97d656759fa6b21c0da1c204550c43e479eb86a73fd1be7ed.png,.png,image,actor_animation_source,source_reference,sources/draw/processed/Maogai/sheet.png,1,draw_other,sheet.png,3,0,,base_source_evidence_only,pending_verification,pending_review,not_admitted,base_reference_only_pending_promotion,Retained as source/reference; not admitted to runtime.
9853EF0D60A66E19E68CDF35C72C4E508264D198F09536E010B86F18CD4651A8,sources/base/美术素材/blobs/98/9853ef0d60a66e19e68cdf35c72c4e508264d198f09536e010b86f18cd4651a8.png,.png,image,actor_animation_source,source_reference,sources/draw/processed/Huanxionggai/08_front_walk_2.png,1,draw_other,08_front_walk_2.png,7,0,,base_source_evidence_only,pending_verification,pending_review,not_admitted,base_reference_only_pending_promotion,Retained as source/reference; not admitted to runtime.
9880C4BEBF50D3BE1DC028907F488C4342D3D137016B64FEFA05CA605B7756CA,sources/base/美术素材/blobs/98/9880c4bebf50d3be1dc028907f488c4342d3d137016b64fefa05ca605b7756ca.png,.png,image,source_composite,source_reference,sources/draw/1.png,1,draw_root,1.png,1,0,,base_source_evidence_only,pending_verification,pending_review,not_admitted,base_reference_only_pending_promotion,Retained as source/reference; not admitted to runtime.
989C2586AFC3FBD0846B67CC285651C0F09C6C141F1B6F2D75019C2A8C89E565,sources/base/美术素材/blobs/98/989c2586afc3fbd0846b67cc285651c0f09c6c141f1b6f2d75019c2a8c89e565.png,.png,image,actor_animation_source,game_ready_source;processed_source;source_reference,sources/draw/20_processed/characters/tuzi/frames/00_front_idle.png,3,20_processed;30_game_ready;art_other,00_front_idle.png,7,0,,base_source_evidence_only,pending_verification,pending_review,not_admitted,base_reference_only_pending_promotion,Retained as source/reference; not admitted to runtime.
98A85DB99CF53056E8518844CC11B43396EB55790AF02A5FFD1BB0542CC3719C,sources/base/美术素材/blobs/98/98a85db99cf53056e8518844cc11b43396eb55790af02a5ffd1bb0542cc3719c.png,.png,image,source_composite,working_candidate,sources/draw/10_working/candidates/Zuhe/Zuhe_candidate_027.png,1,10_working,Zuhe_candidate_027.png,0,0,,base_source_evidence_only,pending_verification,pending_review,not_admitted,base_reference_only_pending_promotion,Retained as source/reference; not admitted to runtime.
98B1132B2ED6805AF82D379880622399A1D8204C2620107CA1F0118F50EE0B19,sources/base/美术素材/blobs/98/98b1132b2ed6805af82d379880622399a1d8204c2620107ca1f0118f50ee0b19.png,.png,image,actor_animation_source,game_ready_source;processed_source;source_reference,sources/draw/20_processed/characters/huli/frames/01_back_idle.png,3,20_processed;30_game_ready;art_other,01_back_idle.png,7,0,,base_source_evidence_only,pending_verification,pending_review,not_admitted,base_reference_only_pending_promotion,Retained as source/reference; not admitted to runtime.
98C44F105FDD348CA0042E5A3ED58B518F817B764A5ACCD98B81AA57AA29E391,sources/base/美术素材/blobs/98/98c44f105fdd348ca0042e5a3ed58b518f817b764a5accd98b81aa57aa29e391.png,.png,image,map,game_ready_source;processed_source;runtime_candidate;selected_source,sources/draw/20_processed/map_icon/map_icon_chest.png,4,03_selected;05_export_runtime_candidates;20_processed;30_game_ready,map_icon_chest.png,0,0,,base_source_evidence_only,pending_verification,pending_review,not_admitted,base_reference_only_pending_promotion,Retained as source/reference; not admitted to runtime.
98D849FF9A57234B2A8D601FE9CC6C3F8344CC403F3C34A400E1884B86E2BDDD,sources/base/美术素材/blobs/98/98d849ff9a57234b2a8d601fe9cc6c3f8344cc403f3c34a400e1884b86e2bddd.png,.png,image,world_prop,stage_evidence,sources/art/ART-21/03_cut_output/map/ui_art21_map_marker_chest.png,2,stage_output,ui_art21_map_marker_chest.png,0,1,res://assets/ui/art21/map/ui_art21_map_marker_chest.png,base_source_evidence_only,pending_verification,pending_review,not_admitted,runtime_crosswalk_required,Exact runtime bytes exist; authority is decided per runtime row.
991D3E23C0188D08931321445A8CBD6DBC719891394D9E171BD367912CA96177,sources/base/美术素材/blobs/99/991d3e23c0188d08931321445a8cbd6dbc719891394d9e171bd367912ca96177.png,.png,image,item,processed_source,sources/draw/20_processed/item_equipment/item_equipment_scanner.png,1,20_processed,item_equipment_scanner.png,0,0,,base_source_evidence_only,pending_verification,pending_review,not_admitted,base_reference_only_pending_promotion,Retained as source/reference; not admitted to runtime.
99A49393CA1DDFCF4BBD47CDE6F274DE82EC808BEFDDBC33D0D44CEB93594CE7,sources/base/美术素材/blobs/99/99a49393ca1ddfcf4bbd47cde6f274de82ec808befddbc33d0d44ceb93594ce7.png,.png,image,source_composite,working_candidate,sources/draw/10_working/candidates/1/1_candidate_031.png,1,10_working,1_candidate_031.png,0,0,,base_source_evidence_only,pending_verification,pending_review,not_admitted,base_reference_only_pending_promotion,Retained as source/reference; not admitted to runtime.
99B86E28A25B8B1D27126785E1DD772D5573196F95325FAD9FE828A91F1B7896,sources/base/美术素材/blobs/99/99b86e28a25b8b1d27126785e1dd772d5573196f95325fad9fe828a91f1b7896.png,.png,image,uncategorized_image,working_candidate,sources/draw/10_working/candidates/3/3_candidate_087.png,1,10_working,3_candidate_087.png,0,0,,base_source_evidence_only,pending_verification,pending_review,not_admitted,base_reference_only_pending_promotion,Retained as source/reference; not admitted to runtime.
99DCED078AC8D2DBE127689D8005715F2878185B14884355BCBC4F471FD06A1C,sources/base/美术素材/blobs/99/99dced078ac8d2dbe127689d8005715f2878185b14884355bcbc4f471fd06a1c.png,.png,image,main_menu,game_ready_source;processed_source;runtime_candidate;selected_source;stage_evidence,sources/draw/20_processed/ui_button_blank/ui_button_blank_dark.png,7,03_selected;05_export_runtime_candidates;20_processed;30_game_ready;stage_output,main_menu_entry_button_large_ui_button_blank_dark.png;ui_button_blank_dark.png;ui_main_menu_button_entry_primary_normal.png,0,2,res://assets/ui/art19/buttons/button_blank_dark.png;res://assets/ui/common/button_blank_dark.png,base_source_evidence_only,pending_verification,pending_review,not_admitted,runtime_crosswalk_required,Exact runtime bytes exist; authority is decided per runtime row.
9A36BE1ADA313900C6C23C7FE389E23D594AA56F4D06239D6B8A00CF3B679C2D,sources/base/美术素材/blobs/9a/9a36be1ada313900c6c23c7fe389e23d594aa56f4d06239d6b8a00cf3b679c2d.png,.png,image,actor_animation_source,stage_evidence,sources/art/ART-21/03_cut_output/run/ui_art21_run_gameplay_viewport_background.png,2,stage_output,ui_art21_run_gameplay_viewport_background.png,0,1,res://assets/ui/art21/run/ui_art21_run_gameplay_viewport_background.png,base_source_evidence_only,pending_verification,pending_review,not_admitted,runtime_crosswalk_required,Exact runtime bytes exist; authority is decided per runtime row.
9A9A580FE1A1FB7268A905FA1E04B12576048D1D963CBB02F097E41B821E4EAB,sources/base/美术素材/blobs/9a/9a9a580fe1a1fb7268a905fa1e04b12576048d1d963cbb02f097e41b821e4eab.png,.png,image,ui_component,game_ready_source;processed_source;runtime_candidate;selected_source;stage_evidence,sources/draw/20_processed/ui_key_prompt/ui_key_esc.png,5,03_selected;05_export_runtime_candidates;20_processed;30_game_ready;stage_output,ui_key_esc.png,0,1,res://assets/ui/key_prompt/ui_key_esc.png,base_source_evidence_only,pending_verification,pending_review,not_admitted,runtime_crosswalk_required,Exact runtime bytes exist; authority is decided per runtime row.
9ABD2C9E3AF672B0E4D98F0F07F175C34A101C0FFF64F622819FB8EFE9B6B0C3,sources/base/美术素材/blobs/9a/9abd2c9e3af672b0e4d98f0f07f175c34a101c0fff64f622819fb8efe9b6b0c3.png,.png,image,actor_animation_source,game_ready_source;processed_source;source_reference,sources/draw/20_processed/characters/huanxiong/frames/00_front_idle.png,3,20_processed;30_game_ready;art_other,00_front_idle.png,7,0,,base_source_evidence_only,pending_verification,pending_review,not_admitted,base_reference_only_pending_promotion,Retained as source/reference; not admitted to runtime.
9ABFFE88A8235EB3F4814E0F80F0C4EBD7AAD914FBE2E3BB991715E948BBA8DD,sources/base/美术素材/blobs/9a/9abffe88a8235eb3f4814e0f80f0c4ebd7aad914fbe2e3bb991715e948bba8dd.png,.png,image,uncategorized_image,working_candidate,sources/draw/10_working/candidates/5/5_candidate_037.png,1,10_working,5_candidate_037.png,0,0,,base_source_evidence_only,pending_verification,pending_review,not_admitted,base_reference_only_pending_promotion,Retained as source/reference; not admitted to runtime.
9B10FA172AA6A179D6183192C4850F9A218A3080015367148A26BD00FFBD6D56,sources/base/美术素材/blobs/9b/9b10fa172aa6a179d6183192c4850f9a218a3080015367148a26bd00ffbd6d56.png,.png,image,iconography,processed_source,sources/draw/20_processed/icons/raw/06_guaiwu_icon.png,1,20_processed,06_guaiwu_icon.png,2,0,,base_source_evidence_only,pending_verification,pending_review,not_admitted,base_reference_only_pending_promotion,Retained as source/reference; not admitted to runtime.
9B26ABE59604B2F065E31FD7D1998E08A9BD96FFF6F02520161A9B32C348309C,sources/base/美术素材/blobs/9b/9b26abe59604b2f065e31fd7d1998e08a9bd96fff6f02520161a9b32c348309c.png,.png,image,source_composite,working_candidate,sources/draw/10_working/candidates/2/2_candidate_016.png,1,10_working,2_candidate_016.png,0,0,,base_source_evidence_only,pending_verification,pending_review,not_admitted,base_reference_only_pending_promotion,Retained as source/reference; not admitted to runtime.
9B3B8F361388D6C773AAC18B92CDB58BF7FFC3BE454A5AD636E68FEA89228B89,sources/base/美术素材/blobs/9b/9b3b8f361388d6c773aac18b92cdb58bf7ffc3be454a5ad636e68fea89228b89.png,.png,image,reference_capture,packaged_base_input;visual_target,sources/art/Base/主菜单确定.png,2,08_visual_targets;Base,主菜单确定.png,0,0,,base_source_evidence_only,pending_verification,pending_review,not_admitted,base_reference_only_pending_promotion,Retained as source/reference; not admitted to runtime.
9B74CBC985E05DE5FCBEFC10F37CEFD3FFEA47C0F4970C7A6A601A31792BB58C,sources/base/美术素材/blobs/9b/9b74cbc985e05de5fcbefc10f37cefd3ffea47c0f4970c7a6a601a31792bb58c.png,.png,image,uncategorized_image,working_candidate,sources/draw/10_working/candidates/3/3_candidate_037.png,1,10_working,3_candidate_037.png,0,0,,base_source_evidence_only,pending_verification,pending_review,not_admitted,base_reference_only_pending_promotion,Retained as source/reference; not admitted to runtime.
9BA5B24479B94F77D508ADF97677F5AEBCB16FFB9AC0133981104AA5B0FE4C0A,sources/base/美术素材/blobs/9b/9ba5b24479b94f77d508adf97677f5aebcb16ffb9ac0133981104aa5b0fe4c0a.png,.png,image,item,processed_source,sources/draw/20_processed/item_recovered/item_merchant_table.png,1,20_processed,item_merchant_table.png,0,0,,base_source_evidence_only,pending_verification,pending_review,not_admitted,base_reference_only_pending_promotion,Retained as source/reference; not admitted to runtime.
9BCB1E8E1C1B03E453F668B839ED44A85C61B702E04A1EE8348FB4B90163A22E,sources/base/美术素材/blobs/9b/9bcb1e8e1c1b03e453f668b839ed44a85c61b702e04a1ee8348fb4b90163a22e.png,.png,image,ui_component,processed_source,sources/draw/20_processed/ui_summary_bar/ui_bar_blank_red.png,1,20_processed,ui_bar_blank_red.png,0,1,res://assets/ui/feedback/ui_bar_blank_red.png,base_source_evidence_only,pending_verification,pending_review,not_admitted,runtime_crosswalk_required,Exact runtime bytes exist; authority is decided per runtime row.
9BF5F8B9118542C103BC5C371A51271A8EBB3EE1F9401C594377C9BC1BFD32A9,sources/base/美术素材/blobs/9b/9bf5f8b9118542c103bc5c371a51271a8ebb3ee1f9401c594377c9bc1bfd32a9.png,.png,image,deploy,processed_source;working_candidate,sources/draw/10_working/candidates/5/5_candidate_052.png,2,10_working;20_processed,5_candidate_052.png;ui_talent_row_normal.png,0,0,,base_source_evidence_only,pending_verification,pending_review,not_admitted,base_reference_only_pending_promotion,Retained as source/reference; not admitted to runtime.
9C55ACE9C7325BF6C8C75AF1D7B293A52D1E940E98D502075714946E99F86289,sources/base/美术素材/blobs/9c/9c55ace9c7325bf6c8c75af1d7b293a52d1e940e98d502075714946e99f86289.png,.png,image,source_composite,working_candidate,sources/draw/10_working/candidates/1/1_candidate_022.png,1,10_working,1_candidate_022.png,0,0,,base_source_evidence_only,pending_verification,pending_review,not_admitted,base_reference_only_pending_promotion,Retained as source/reference; not admitted to runtime.
9C8C80CE130EC4A38762422672966AD70B872B6E7A5046A1A25BBDAFD39BD305,sources/base/美术素材/blobs/9c/9c8c80ce130ec4a38762422672966ad70b872b6e7a5046a1a25bbdafd39bd305.png,.png,image,source_composite,working_candidate,sources/draw/10_working/candidates/Zuhe2/Zuhe2_candidate_094.png,1,10_working,Zuhe2_candidate_094.png,0,0,,base_source_evidence_only,pending_verification,pending_review,not_admitted,base_reference_only_pending_promotion,Retained as source/reference; not admitted to runtime.
9D2D7B88D8A0FAD24965318E8A49F67FE019EB37CE0385C5D8EA5A848F1581C0,sources/base/美术素材/blobs/9d/9d2d7b88d8a0fad24965318e8a49f67fe019eb37ce0385c5d8ea5a848f1581c0.png,.png,image,source_composite,working_candidate,sources/draw/10_working/candidates/Zuhe2/Zuhe2_candidate_114.png,1,10_working,Zuhe2_candidate_114.png,0,0,,base_source_evidence_only,pending_verification,pending_review,not_admitted,base_reference_only_pending_promotion,Retained as source/reference; not admitted to runtime.
9D377BCC9CFB2597B0F9DFF884A52EE01E88DD3637735A8B0F299DB2C3CA6D4D,sources/base/美术素材/blobs/9d/9d377bcc9cfb2597b0f9dff884a52ee01e88dd3637735a8b0f299db2c3ca6d4d.png,.png,image,ui_component,stage_evidence,sources/art/ART-20/03_cut_output/run_hud/run_bottom_key_bar_button/run_bottom_key_bar_button_ui_key_esc.png,1,stage_output,run_bottom_key_bar_button_ui_key_esc.png,0,0,,base_source_evidence_only,pending_verification,pending_review,not_admitted,base_reference_only_pending_promotion,Retained as source/reference; not admitted to runtime.
9D4A76F51B7DB75CB4CA88AED84DD2D046B1460C8B6C9753D2D57CD3D8D54005,sources/base/美术素材/blobs/9d/9d4a76f51b7db75cb4ca88aed84dd2d046b1460c8b6c9753d2d57cd3d8d54005.png,.png,image,uncategorized_image,working_candidate,sources/draw/10_working/candidates/1/1_candidate_020.png,1,10_working,1_candidate_020.png,0,0,,base_source_evidence_only,pending_verification,pending_review,not_admitted,base_reference_only_pending_promotion,Retained as source/reference; not admitted to runtime.
9D83FA63A8F6D77A8D821A755D07B7C0DA3DEC9A704C254F6C028AFFF04FE811,sources/base/美术素材/blobs/9d/9d83fa63a8f6d77a8d821a755d07b7c0da3dec9a704c254f6c028afff04fe811.png,.png,image,source_composite,working_candidate,sources/draw/10_working/candidates/Zuhe2/Zuhe2_candidate_060.png,1,10_working,Zuhe2_candidate_060.png,0,0,,base_source_evidence_only,pending_verification,pending_review,not_admitted,base_reference_only_pending_promotion,Retained as source/reference; not admitted to runtime.
9D9054EF294C325BDF5C15B591A5FFC8B8596EAE5028F5E09DA9781F4C5DD743,sources/base/美术素材/blobs/9d/9d9054ef294c325bdf5c15b591a5ffc8b8596eae5028f5e09da9781f4c5dd743.csv,.csv,table,source_registry,stage_evidence,sources/art/ART-21R2/_manifest/modal_section_cut_dry_run_plan.csv,1,stage_output,modal_section_cut_dry_run_plan.csv,0,0,,base_source_evidence_only,pending_verification,pending_review,not_admitted,source_support_not_runtime_art,"Registry, metadata, document, or other support object."
9DC7D634AC49C8DDCC6244DDA65FBB6BB59433EB35266CC26DA72E6EEC9ADE3C,sources/base/美术素材/blobs/9d/9dc7d634ac49c8ddcc6244dda65fbb6bb59433eb35266cc26da72e6eec9ade3c.png,.png,image,source_composite,working_candidate,sources/draw/10_working/candidates/Zujian3/Zujian3_candidate_005.png,1,10_working,Zujian3_candidate_005.png,0,0,,base_source_evidence_only,pending_verification,pending_review,not_admitted,base_reference_only_pending_promotion,Retained as source/reference; not admitted to runtime.
9DC84D60D7D6F5FE998D715576CB4C3DC011CF7704E47AAE1EBEB870CD9E38A3,sources/base/美术素材/blobs/9d/9dc84d60d7d6f5fe998d715576cb4c3dc011cf7704e47aae1ebeb870cd9e38a3.png,.png,image,source_composite,working_candidate,sources/draw/10_working/candidates/Zuhe2/Zuhe2_candidate_072.png,1,10_working,Zuhe2_candidate_072.png,0,0,,base_source_evidence_only,pending_verification,pending_review,not_admitted,base_reference_only_pending_promotion,Retained as source/reference; not admitted to runtime.
9E06DE817A81A5921E94514E534F0C797E611338525A2159673ECE5355C700EB,sources/base/美术素材/blobs/9e/9e06de817a81a5921e94514e534f0c797e611338525a2159673ece5355c700eb.png,.png,image,source_composite,working_candidate,sources/draw/10_working/candidates/Zuhe2/Zuhe2_candidate_107.png,1,10_working,Zuhe2_candidate_107.png,0,0,,base_source_evidence_only,pending_verification,pending_review,not_admitted,base_reference_only_pending_promotion,Retained as source/reference; not admitted to runtime.
9E7902CB3D0A4803FEA41AA56589DFD70C86EE3CA24C3726CC5A0EC3327FAB9E,sources/base/美术素材/blobs/9e/9e7902cb3d0a4803fea41aa56589dfd70c86ee3ca24c3726cc5a0ec3327fab9e.png,.png,image,source_composite,source_reference;working_candidate,sources/draw/Zujian2.png,2,10_working;draw_root,Zujian2.png,0,0,,base_source_evidence_only,pending_verification,pending_review,not_admitted,base_reference_only_pending_promotion,Retained as source/reference; not admitted to runtime.
9E7CE66623369B9DDE71FE93ED75A21782E0237AB8781FCDE5CE59BA3C6862C6,sources/base/美术素材/blobs/9e/9e7ce66623369b9dde71fe93ed75a21782e0237ab8781fcde5ce59ba3c6862c6.png,.png,image,uncategorized_image,working_candidate,sources/draw/10_working/candidates/3/3_candidate_070.png,1,10_working,3_candidate_070.png,0,0,,base_source_evidence_only,pending_verification,pending_review,not_admitted,base_reference_only_pending_promotion,Retained as source/reference; not admitted to runtime.
9EB6DBF30086F33EBD582D5EFFE7B613C9CFD7B3A6E8D37F8F4F7A49A5C321E7,sources/base/美术素材/blobs/9e/9eb6dbf30086f33ebd582d5effe7b613c9cfd7b3a6e8d37f8f4f7a49a5c321e7.png,.png,image,actor_animation_source,game_ready_source;processed_source;source_reference,sources/draw/20_processed/characters/huanxiong/frames/02_left_idle.png,3,20_processed;30_game_ready;art_other,02_left_idle.png,7,0,,base_source_evidence_only,pending_verification,pending_review,not_admitted,base_reference_only_pending_promotion,Retained as source/reference; not admitted to runtime.
9F294EFB5B976D7CDED33380B415510597C3C8821ACBE76B9FD904B9BE36D00A,sources/base/美术素材/blobs/9f/9f294efb5b976d7cded33380b415510597c3c8821acbe76b9fd904b9be36d00a.png,.png,image,source_composite,working_candidate,sources/draw/10_working/candidates/Zujian1/Zujian1_candidate_014.png,1,10_working,Zujian1_candidate_014.png,0,0,,base_source_evidence_only,pending_verification,pending_review,not_admitted,base_reference_only_pending_promotion,Retained as source/reference; not admitted to runtime.
9F2B1F9882C1D3E4C76DEAC5FBFF5A4158831DB6D6FCCF9F9AC1899FC31B700B,sources/base/美术素材/blobs/9f/9f2b1f9882c1d3e4c76deac5fbff5a4158831db6d6fccf9f9ac1899fc31b700b.png,.png,image,deploy,stage_evidence,sources/art/ART-20/03_cut_output/deploy_prep/deploy_equipment_slot/deploy_equipment_slot_ui_icon_compass.png,1,stage_output,deploy_equipment_slot_ui_icon_compass.png,0,1,res://assets/ui/art20/deploy/icons/deploy_equipment_slot_ui_icon_compass.png,base_source_evidence_only,pending_verification,pending_review,not_admitted,runtime_crosswalk_required,Exact runtime bytes exist; authority is decided per runtime row.
9F6210D86FE1B7B00AAE3F4F1B2AA226901B44A548B5D33580F38AF09C9C7E50,sources/base/美术素材/blobs/9f/9f6210d86fe1b7b00aae3f4f1b2aa226901b44a548b5d33580f38af09c9c7e50.png,.png,image,source_composite,working_candidate,sources/draw/10_working/candidates/4/4_candidate_011.png,1,10_working,4_candidate_011.png,0,0,,base_source_evidence_only,pending_verification,pending_review,not_admitted,base_reference_only_pending_promotion,Retained as source/reference; not admitted to runtime.
9FA89439ADE1D7AE2F195F22D5E991F065B73B0D6514C12BD05AFAC2405A91A2,sources/base/美术素材/blobs/9f/9fa89439ade1d7ae2f195f22d5e991f065b73b0d6514c12bd05afac2405a91a2.png,.png,image,uncategorized_image,working_candidate,sources/draw/10_working/candidates/3/3_candidate_027.png,1,10_working,3_candidate_027.png,0,0,,base_source_evidence_only,pending_verification,pending_review,not_admitted,base_reference_only_pending_promotion,Retained as source/reference; not admitted to runtime.
9FF672FCA332FA0E6280944AA695C5C0EBC1BAF585A406148C760307C1076B5F,sources/base/美术素材/blobs/9f/9ff672fca332fa0e6280944aa695c5c0ebc1baf585a406148c760307c1076b5f.png,.png,image,uncategorized_image,working_candidate,sources/draw/10_working/candidates/3/3_candidate_008.png,1,10_working,3_candidate_008.png,0,0,,base_source_evidence_only,pending_verification,pending_review,not_admitted,base_reference_only_pending_promotion,Retained as source/reference; not admitted to runtime.
9FFC94B91FEAC9F8D35907FD4911EA5C2BD40FCC629DEE17DAE1F2C9F7CB99D4,sources/base/美术素材/blobs/9f/9ffc94b91feac9f8d35907fd4911ea5c2bd40fcc629dee17dae1f2c9f7cb99d4.png,.png,image,source_composite,working_candidate,sources/draw/10_working/candidates/Zuhe2/Zuhe2_candidate_099.png,1,10_working,Zuhe2_candidate_099.png,0,0,,base_source_evidence_only,pending_verification,pending_review,not_admitted,base_reference_only_pending_promotion,Retained as source/reference; not admitted to runtime.
A05E1B4A42D2A1B4E1FA52EDF76267DED481BB089033CF77A9B1CC6FCC638F8E,sources/base/美术素材/blobs/a0/a05e1b4a42d2a1b4e1fa52edf76267ded481bb089033cf77a9b1cc6fcc638f8e.png,.png,image,source_composite,working_candidate,sources/draw/10_working/candidates/Zuhe2/Zuhe2_candidate_045.png,1,10_working,Zuhe2_candidate_045.png,0,0,,base_source_evidence_only,pending_verification,pending_review,not_admitted,base_reference_only_pending_promotion,Retained as source/reference; not admitted to runtime.
A08E4D0BA6493F9B58DD101C78861092F45CEB6C2E08C4B5BDE2CA3EC61E97E5,sources/base/美术素材/blobs/a0/a08e4d0ba6493f9b58dd101c78861092f45ceb6c2e08c4b5bde2ca3ec61e97e5.png,.png,image,world_prop,source_reference;working_candidate,sources/draw/Zujian1.png,2,10_working;draw_root,Zujian1.png,0,0,,base_source_evidence_only,pending_verification,pending_review,not_admitted,base_reference_only_pending_promotion,Retained as source/reference; not admitted to runtime.
A0CB83C108538646EF92A364E7C62EDB30240B2B61DA028CEA060CA0001B12E5,sources/base/美术素材/blobs/a0/a0cb83c108538646ef92a364e7c62edb30240b2b61da028cea060ca0001b12e5.png,.png,image,source_composite,working_candidate,sources/draw/10_working/candidates/Zuhe/Zuhe_candidate_011.png,1,10_working,Zuhe_candidate_011.png,0,0,,base_source_evidence_only,pending_verification,pending_review,not_admitted,base_reference_only_pending_promotion,Retained as source/reference; not admitted to runtime.
A2454398B16ADAC7FE73D785BFA7C6392B5EC4D2655B0893DBD6574F2379D1C9,sources/base/美术素材/blobs/a2/a2454398b16adac7fe73d785bfa7c6392b5ec4d2655b0893dbd6574f2379d1c9.png,.png,image,source_composite,working_candidate,sources/draw/10_working/candidates/3/3_candidate_043.png,1,10_working,3_candidate_043.png,0,0,,base_source_evidence_only,pending_verification,pending_review,not_admitted,base_reference_only_pending_promotion,Retained as source/reference; not admitted to runtime.
A2A1FC6F06FF272C692237019295CFA09D222D92B65C5C62E74EB3162553434C,sources/base/美术素材/blobs/a2/a2a1fc6f06ff272c692237019295cfa09d222d92b65c5c62e74eb3162553434c.png,.png,image,actor_animation_source,game_ready_source;processed_source;source_reference,sources/draw/20_processed/characters/tuzi/frames/05_back_walk_1.png,3,20_processed;30_game_ready;art_other,05_back_walk_1.png,7,0,,base_source_evidence_only,pending_verification,pending_review,not_admitted,base_reference_only_pending_promotion,Retained as source/reference; not admitted to runtime.
A34396FE1665E4E419AB66FE6A0A17B995687F6515A5264AF9CBFBD8C81960E3,sources/base/美术素材/blobs/a3/a34396fe1665e4e419ab66fe6a0a17b995687f6515a5264af9cbfbd8c81960e3.png,.png,image,source_composite,working_candidate,sources/draw/10_working/candidates/Zuhe/Zuhe_candidate_038.png,1,10_working,Zuhe_candidate_038.png,0,0,,base_source_evidence_only,pending_verification,pending_review,not_admitted,base_reference_only_pending_promotion,Retained as source/reference; not admitted to runtime.
A362867995C32C439579B1B4BFE41DADC303D509A2089C37DC4524C2D1B6239C,sources/base/美术素材/blobs/a3/a362867995c32c439579b1b4bfe41dadc303d509a2089c37dc4524c2d1b6239c.png,.png,image,source_composite,working_candidate,sources/draw/10_working/candidates/3/3_candidate_036.png,1,10_working,3_candidate_036.png,0,0,,base_source_evidence_only,pending_verification,pending_review,not_admitted,base_reference_only_pending_promotion,Retained as source/reference; not admitted to runtime.
A36FD3D879EFFE7AECA5EEC7B031A9FAF80D3E6E518E64B0D437D24736793D1F,sources/base/美术素材/blobs/a3/a36fd3d879effe7aeca5eec7b031a9faf80d3e6e518e64b0d437d24736793d1f.png,.png,image,source_composite,source_reference;working_candidate,sources/draw/Zujian3.png,2,10_working;draw_root,Zujian3.png,0,0,,base_source_evidence_only,pending_verification,pending_review,not_admitted,base_reference_only_pending_promotion,Retained as source/reference; not admitted to runtime.
A3B6EBF1BA48FE156403BB4A322F7E12B14F1BBB4C297359BB9226AD54EA70D4,sources/base/美术素材/blobs/a3/a3b6ebf1ba48fe156403bb4a322f7e12b14f1bbb4c297359bb9226ad54ea70d4.png,.png,image,actor_animation_source,source_reference,sources/draw/processed/Maogai/Maogai_sheet.png,1,draw_other,Maogai_sheet.png,0,0,,base_source_evidence_only,pending_verification,pending_review,not_admitted,base_reference_only_pending_promotion,Retained as source/reference; not admitted to runtime.
A3FCB263A5356BAB28C412F4846265F5F86B7C9BC79A8E2470F1807FEA4635E9,sources/base/美术素材/blobs/a3/a3fcb263a5356bab28c412f4846265f5f86b7c9bc79a8e2470f1807fea4635e9.png,.png,image,actor_animation_source,stage_evidence,sources/art/ART-21R2/03_cut_output/run_hud/ui_art21r2_run_status_card_frame.png,1,stage_output,ui_art21r2_run_status_card_frame.png,0,1,res://assets/ui/art21r2/run_hud/ui_art21r2_run_status_card_frame.png,base_source_evidence_only,pending_verification,pending_review,not_admitted,runtime_crosswalk_required,Exact runtime bytes exist; authority is decided per runtime row.
A413697C19777B06FA4AB01552EDBADD0DA3376425BB1176572CD38DB6B0951D,sources/base/美术素材/blobs/a4/a413697c19777b06fa4ab01552edbadd0da3376425bb1176572cd38db6b0951d.png,.png,image,actor_animation_source,game_ready_source;processed_source;source_reference,sources/draw/20_processed/characters/mao/frames/04_front_walk_1.png,3,20_processed;30_game_ready;art_other,04_front_walk_1.png,7,0,,base_source_evidence_only,pending_verification,pending_review,not_admitted,base_reference_only_pending_promotion,Retained as source/reference; not admitted to runtime.
A41FE2418B27F078F91EE83AD8EB2A831F10E7AEB37849FAF8459D5960F9175D,sources/base/美术素材/blobs/a4/a41fe2418b27f078f91ee83ad8eb2a831f10e7aeb37849faf8459d5960f9175d.png,.png,image,source_composite,working_candidate,sources/draw/10_working/candidates/4/4_candidate_015.png,1,10_working,4_candidate_015.png,0,0,,base_source_evidence_only,pending_verification,pending_review,not_admitted,base_reference_only_pending_promotion,Retained as source/reference; not admitted to runtime.
A4303D1D9C5D9E4A48F415652B88C4D4765FC3C5FE1188B1D86D7AD1574CE34C,sources/base/美术素材/blobs/a4/a4303d1d9c5d9e4a48f415652b88c4d4765fc3c5fe1188b1d86d7ad1574ce34c.png,.png,image,source_composite,working_candidate,sources/draw/10_working/candidates/4/4_candidate_042.png,1,10_working,4_candidate_042.png,0,0,,base_source_evidence_only,pending_verification,pending_review,not_admitted,base_reference_only_pending_promotion,Retained as source/reference; not admitted to runtime.
A48660F226127B8EC432CA8B13C89088E13D42582E50E4B9A52A3702E4AA34E3,sources/base/美术素材/blobs/a4/a48660f226127b8ec432ca8b13c89088e13d42582e50e4b9a52a3702e4aa34e3.png,.png,image,source_composite,working_candidate,sources/draw/10_working/candidates/Zuhe2/Zuhe2_candidate_101.png,1,10_working,Zuhe2_candidate_101.png,0,0,,base_source_evidence_only,pending_verification,pending_review,not_admitted,base_reference_only_pending_promotion,Retained as source/reference; not admitted to runtime.
A4B08B74DAC24C587C837383AE647FDC4CA91A9A69144899C3F513472DF33DB2,sources/base/美术素材/blobs/a4/a4b08b74dac24c587c837383ae647fdc4ca91a9a69144899c3f513472df33db2.png,.png,image,actor_animation_source,source_reference,sources/draw/processed/Tuzigai/00_front_idle.png,1,draw_other,00_front_idle.png,7,0,,base_source_evidence_only,pending_verification,pending_review,not_admitted,base_reference_only_pending_promotion,Retained as source/reference; not admitted to runtime.
A4DC7892AB1B34E67A74C821B9DD7268106541C93F253A746235D92F389DF13D,sources/base/美术素材/blobs/a4/a4dc7892ab1b34e67a74c821b9dd7268106541c93f253a746235d92f389df13d.json,.json,metadata,source_metadata,game_ready_source;processed_source,sources/draw/20_processed/characters/huanxiong/manifest.json,2,20_processed;30_game_ready,manifest.json,11,0,,base_source_evidence_only,pending_verification,pending_review,not_admitted,source_support_not_runtime_art,"Registry, metadata, document, or other support object."
A4F13CEC84C278778E8C11D3CECA83533F4967E665B8BE49F1A10080C3C23F24,sources/base/美术素材/blobs/a4/a4f13cec84c278778e8c11d3ceca83533f4967e665b8be49f1a10080c3c23f24.png,.png,image,source_composite,working_candidate,sources/draw/10_working/candidates/Zuhe/Zuhe_candidate_028.png,1,10_working,Zuhe_candidate_028.png,0,0,,base_source_evidence_only,pending_verification,pending_review,not_admitted,base_reference_only_pending_promotion,Retained as source/reference; not admitted to runtime.
A5AE7320524B12D1C025B61D5DA9CDADD3F9DCB9E39394226320076BD77F1098,sources/base/美术素材/blobs/a5/a5ae7320524b12d1c025b61d5da9cdadd3f9dcb9e39394226320076bd77f1098.png,.png,image,source_composite,working_candidate,sources/draw/10_working/candidates/4/4_candidate_026.png,1,10_working,4_candidate_026.png,0,0,,base_source_evidence_only,pending_verification,pending_review,not_admitted,base_reference_only_pending_promotion,Retained as source/reference; not admitted to runtime.
A5E2AA8770749B3B2616DD287A2F1AFB126F648F7E0F3D8D421E672C9F7BF69C,sources/base/美术素材/blobs/a5/a5e2aa8770749b3b2616dd287a2f1afb126f648f7e0f3d8d421e672c9f7bf69c.png,.png,image,iconography,processed_source,sources/draw/20_processed/ui/raw/jinbi_icon.png,1,20_processed,jinbi_icon.png,1,0,,base_source_evidence_only,pending_verification,pending_review,not_admitted,base_reference_only_pending_promotion,Retained as source/reference; not admitted to runtime.
A6418D35969981B5753932B16BD8C1CBD796EEF0E9E6E9DF7B41FAC49EA68CA1,sources/base/美术素材/blobs/a6/a6418d35969981b5753932b16bd8c1cbd796eef0e9e6e9df7b41fac49ea68ca1.png,.png,image,actor_portrait,processed_source,sources/draw/20_processed/npc_portrait/npc_portrait_a7_owl.png,1,20_processed,npc_portrait_a7_owl.png,0,0,,base_source_evidence_only,pending_verification,pending_review,not_admitted,base_reference_only_pending_promotion,Retained as source/reference; not admitted to runtime.
A66094D5BE2DCBF26644857CE18EC4554BA3142CF9F6657661EF59EC97D56085,sources/base/美术素材/blobs/a6/a66094d5be2dcbf26644857ce18ec4554ba3142cf9f6657661ef59ec97d56085.png,.png,image,uncategorized_image,working_candidate,sources/draw/10_working/candidates/2/2_candidate_037.png,1,10_working,2_candidate_037.png,0,0,,base_source_evidence_only,pending_verification,pending_review,not_admitted,base_reference_only_pending_promotion,Retained as source/reference; not admitted to runtime.
A67747A0B0B0A276D1E6C8EBCFE710404EB0FD70971B7991672E8D44BD75BBDF,sources/base/美术素材/blobs/a6/a67747a0b0b0a276d1e6c8ebcfe710404eb0fd70971b7991672e8d44bd75bbdf.png,.png,image,uncategorized_image,working_candidate,sources/draw/10_working/candidates/3/3_candidate_079.png,1,10_working,3_candidate_079.png,0,0,,base_source_evidence_only,pending_verification,pending_review,not_admitted,base_reference_only_pending_promotion,Retained as source/reference; not admitted to runtime.
A6BEB4E3E6C7549FB6FFC8938089C6F2AE3EE3B51BD60BC772D1D195C3CFA31B,sources/base/美术素材/blobs/a6/a6beb4e3e6c7549fb6ffc8938089c6f2ae3ee3b51bd60bc772d1d195c3cfa31b.png,.png,image,uncategorized_image,working_candidate,sources/draw/10_working/candidates/2/2_candidate_019.png,1,10_working,2_candidate_019.png,0,0,,base_source_evidence_only,pending_verification,pending_review,not_admitted,base_reference_only_pending_promotion,Retained as source/reference; not admitted to runtime.
A70AC6C9EBBA6C1F4CBFDB1D54F887198165D6E19CEF6DF3B32237EF60D7EB99,sources/base/美术素材/blobs/a7/a70ac6c9ebba6c1f4cbfdb1d54f887198165d6e19cef6df3b32237ef60d7eb99.png,.png,image,source_composite,working_candidate,sources/draw/10_working/candidates/Zuhe/Zuhe_candidate_002.png,1,10_working,Zuhe_candidate_002.png,0,0,,base_source_evidence_only,pending_verification,pending_review,not_admitted,base_reference_only_pending_promotion,Retained as source/reference; not admitted to runtime.
A7361AF544FAFDCDB8A5ECFC7E2236545F45F77442C9F20DC48A7E221E18CDA7,sources/base/美术素材/blobs/a7/a7361af544fafdcdb8a5ecfc7e2236545f45f77442c9f20dc48a7e221e18cda7.png,.png,image,source_composite,source_reference,sources/draw/2.png,1,draw_root,2.png,1,0,,base_source_evidence_only,pending_verification,pending_review,not_admitted,base_reference_only_pending_promotion,Retained as source/reference; not admitted to runtime.
A75B87E456F556466D4FD7AFCE168770F560A291935892D1EE750804C722980A,sources/base/美术素材/blobs/a7/a75b87e456f556466d4fd7afce168770f560a291935892d1ee750804c722980a.png,.png,image,map,processed_source,sources/draw/20_processed/map_icon/map_label_number_2.png,1,20_processed,map_label_number_2.png,0,0,,base_source_evidence_only,pending_verification,pending_review,not_admitted,base_reference_only_pending_promotion,Retained as source/reference; not admitted to runtime.
A785CFFA329B6911A2D99880550B4C9060DC91A16A1DAD31A0530EB9DD6C4733,sources/base/美术素材/blobs/a7/a785cffa329b6911a2d99880550b4c9060dc91a16a1dad31a0530eb9dd6c4733.png,.png,image,uncategorized_image,working_candidate,sources/draw/10_working/candidates/1/1_candidate_050.png,1,10_working,1_candidate_050.png,0,0,,base_source_evidence_only,pending_verification,pending_review,not_admitted,base_reference_only_pending_promotion,Retained as source/reference; not admitted to runtime.
A7BB9173610E985199329AC07551D3191153B8D9A6F92695350E7C08E82E7ABF,sources/base/美术素材/blobs/a7/a7bb9173610e985199329ac07551d3191153b8d9a6f92695350e7c08e82e7abf.png,.png,image,source_composite,working_candidate,sources/draw/10_working/candidates/Zuhe2/Zuhe2_candidate_111.png,1,10_working,Zuhe2_candidate_111.png,0,0,,base_source_evidence_only,pending_verification,pending_review,not_admitted,base_reference_only_pending_promotion,Retained as source/reference; not admitted to runtime.
A8367ACBE5AA64E997B6BDF11EE179DC90F7F98F34751B7FA40418A18CC74045,sources/base/美术素材/blobs/a8/a8367acbe5aa64e997b6bdf11ee179dc90f7f98f34751b7fa40418a18cc74045.png,.png,image,source_composite,working_candidate,sources/draw/10_working/candidates/Zuhe2/Zuhe2_candidate_096.png,1,10_working,Zuhe2_candidate_096.png,0,0,,base_source_evidence_only,pending_verification,pending_review,not_admitted,base_reference_only_pending_promotion,Retained as source/reference; not admitted to runtime.
A845F4DFDEECCD23282C338B5297A10114E7E2614BF6E7629CFD17EC2EF36CEA,sources/base/美术素材/blobs/a8/a845f4dfdeeccd23282c338b5297a10114e7e2614bf6e7629cfd17ec2ef36cea.png,.png,image,actor_animation_source,source_reference,sources/draw/processed/Tuzigai/03_right_idle.png,1,draw_other,03_right_idle.png,7,0,,base_source_evidence_only,pending_verification,pending_review,not_admitted,base_reference_only_pending_promotion,Retained as source/reference; not admitted to runtime.
A87DFE03D5AB9CFF8AB67440B80F49640993D1A0D87B2A29F33CD31F4D6C15E3,sources/base/美术素材/blobs/a8/a87dfe03d5ab9cff8ab67440b80f49640993d1a0d87b2a29f33cd31f4d6c15e3.png,.png,image,source_composite,working_candidate,sources/draw/10_working/candidates/Zuhe2/Zuhe2_candidate_023.png,1,10_working,Zuhe2_candidate_023.png,0,0,,base_source_evidence_only,pending_verification,pending_review,not_admitted,base_reference_only_pending_promotion,Retained as source/reference; not admitted to runtime.
A88E208DB44287AF4D532DAE4BB5D9CBC6914CB03A30FBBE7A819E4EBB7D2C52,sources/base/美术素材/blobs/a8/a88e208db44287af4d532dae4bb5d9cbc6914cb03a30fbbe7a819e4ebb7d2c52.csv,.csv,table,source_registry,stage_evidence,sources/art/ART-21R2/_manifest/minimap_hud_cut_manifest.csv,1,stage_output,minimap_hud_cut_manifest.csv,0,0,,base_source_evidence_only,pending_verification,pending_review,not_admitted,source_support_not_runtime_art,"Registry, metadata, document, or other support object."
A8947FB894A761BBEAA6012AB91C06DE2DB3D23D0B109B7FB52973A8D56D5BC3,sources/base/美术素材/blobs/a8/a8947fb894a761bbeaa6012ab91c06de2db3d23d0b109b7fb52973a8d56d5bc3.png,.png,image,source_composite,working_candidate,sources/draw/10_working/candidates/Zuhe/Zuhe_candidate_050.png,1,10_working,Zuhe_candidate_050.png,0,0,,base_source_evidence_only,pending_verification,pending_review,not_admitted,base_reference_only_pending_promotion,Retained as source/reference; not admitted to runtime.
A922A8DAD436A56AC7C0C98BABC802803D491190257122C6C96F9C9C6FA5E6E5,sources/base/美术素材/blobs/a9/a922a8dad436a56ac7c0c98babc802803d491190257122c6c96f9c9c6fa5e6e5.png,.png,image,source_composite,working_candidate,sources/draw/10_working/candidates/3/3_candidate_073.png,1,10_working,3_candidate_073.png,0,0,,base_source_evidence_only,pending_verification,pending_review,not_admitted,base_reference_only_pending_promotion,Retained as source/reference; not admitted to runtime.
A92C61AD08D84C0DCC2D742DE725209B960071C897D82D05F7EDF830534D7787,sources/base/美术素材/blobs/a9/a92c61ad08d84c0dcc2d742de725209b960071c897d82d05f7edf830534d7787.png,.png,image,actor_animation_source,game_ready_source;processed_source;source_reference,sources/draw/20_processed/characters/huli/frames/04_front_walk_1.png,3,20_processed;30_game_ready;art_other,04_front_walk_1.png,7,0,,base_source_evidence_only,pending_verification,pending_review,not_admitted,base_reference_only_pending_promotion,Retained as source/reference; not admitted to runtime.
A969173AEFD53D498396DE663F5932B4F770FCBCE4AE06169F8CC949B9C85D3A,sources/base/美术素材/blobs/a9/a969173aefd53d498396de663f5932b4f770fcbce4ae06169f8cc949b9c85d3a.png,.png,image,reference_capture,packaged_base_input;visual_target,sources/art/Base/6.17问题3.png,2,08_visual_targets;Base,6.17问题3.png,0,0,,base_source_evidence_only,pending_verification,pending_review,not_admitted,base_reference_only_pending_promotion,Retained as source/reference; not admitted to runtime.
A9C3FEF96B11928246A6E68BB4A1B94360B24E88D71CBD2DB3275DE5D6930933,sources/base/美术素材/blobs/a9/a9c3fef96b11928246a6e68bb4a1b94360b24e88d71cbd2db3275de5d6930933.png,.png,image,actor_animation_source,source_reference,sources/draw/processed/Huanxionggai/07_right_walk_1.png,1,draw_other,07_right_walk_1.png,7,0,,base_source_evidence_only,pending_verification,pending_review,not_admitted,base_reference_only_pending_promotion,Retained as source/reference; not admitted to runtime.
AA0290412D06DF7CA25CF175DD6479C7272D5C290EB644660C4F72A63521175F,sources/base/美术素材/blobs/aa/aa0290412d06df7ca25cf175dd6479c7272d5c290eb644660c4f72a63521175f.png,.png,image,source_composite,working_candidate,sources/draw/10_working/candidates/3/3_candidate_061.png,1,10_working,3_candidate_061.png,0,0,,base_source_evidence_only,pending_verification,pending_review,not_admitted,base_reference_only_pending_promotion,Retained as source/reference; not admitted to runtime.
AA570BD1D0F49DA98CB9EDD161021636795CECB0EE9DBB00A2A6FAE4F3CBA717,sources/base/美术素材/blobs/aa/aa570bd1d0f49da98cb9edd161021636795cecb0ee9dbb00a2a6fae4f3cba717.png,.png,image,actor_animation_source,game_ready_source;processed_source;source_reference,sources/draw/20_processed/characters/huli/frames/11_right_walk_2.png,3,20_processed;30_game_ready;art_other,11_right_walk_2.png,7,0,,base_source_evidence_only,pending_verification,pending_review,not_admitted,base_reference_only_pending_promotion,Retained as source/reference; not admitted to runtime.
AAC512EADD70ABD242BDC31E46F76E7551E998CAB9AE87C87677E8F490DC1A26,sources/base/美术素材/blobs/aa/aac512eadd70abd242bdc31e46f76e7551e998cab9ae87c87677e8f490dc1a26.csv,.csv,table,source_registry,stage_evidence,sources/art/ART-21R2/_manifest/modal_staging_manifest.csv,1,stage_output,modal_staging_manifest.csv,0,0,,base_source_evidence_only,pending_verification,pending_review,not_admitted,source_support_not_runtime_art,"Registry, metadata, document, or other support object."
AAD7C7674F0732A0059515E0894E88EFB0027D9AD7C7BCB12BD8CF571030553D,sources/base/美术素材/blobs/aa/aad7c7674f0732a0059515e0894e88efb0027d9ad7c7bcb12bd8cf571030553d.png,.png,image,uncategorized_image,working_candidate,sources/draw/10_working/candidates/3/3_candidate_078.png,1,10_working,3_candidate_078.png,0,0,,base_source_evidence_only,pending_verification,pending_review,not_admitted,base_reference_only_pending_promotion,Retained as source/reference; not admitted to runtime.
AB45C6F37740472C56BF8C645254E50A58F8966AF85ACE95D7CF172DFE87FFCD,sources/base/美术素材/blobs/ab/ab45c6f37740472c56bf8c645254e50a58f8966af85ace95d7cf172dfe87ffcd.json,.json,metadata,source_metadata,stage_evidence,sources/art/ART-21R2/_manifest/map_overlay_marker_cut_summary.json,1,stage_output,map_overlay_marker_cut_summary.json,0,0,,base_source_evidence_only,pending_verification,pending_review,not_admitted,source_support_not_runtime_art,"Registry, metadata, document, or other support object."
AB61CB03AE8C009D24DF13511C8B8A0B20E376018E02E2B834C4C9FDACD77E03,sources/base/美术素材/blobs/ab/ab61cb03ae8c009d24df13511c8b8a0b20e376018e02e2b834c4c9fdacd77e03.png,.png,image,source_composite,working_candidate,sources/draw/10_working/candidates/Zuhe2/Zuhe2_candidate_108.png,1,10_working,Zuhe2_candidate_108.png,0,0,,base_source_evidence_only,pending_verification,pending_review,not_admitted,base_reference_only_pending_promotion,Retained as source/reference; not admitted to runtime.
ABC0DFA57A2430D3DC6880663A8DFC5875627986ADF5247B98271F96F640C8E6,sources/base/美术素材/blobs/ab/abc0dfa57a2430d3dc6880663a8dfc5875627986adf5247b98271f96f640c8e6.png,.png,image,room,source_reference;working_candidate,sources/draw/Fangjian.png,2,10_working;draw_root,Fangjian.png,0,0,,base_source_evidence_only,pending_verification,pending_review,not_admitted,base_reference_only_pending_promotion,Retained as source/reference; not admitted to runtime.
AC258335A5F3172312FA94902D18759742A570264FD971089500BA746125BF6D,sources/base/美术素材/blobs/ac/ac258335a5f3172312fa94902d18759742a570264fd971089500ba746125bf6d.png,.png,image,source_composite,working_candidate,sources/draw/10_working/candidates/Zuhe/Zuhe_candidate_032.png,1,10_working,Zuhe_candidate_032.png,0,0,,base_source_evidence_only,pending_verification,pending_review,not_admitted,base_reference_only_pending_promotion,Retained as source/reference; not admitted to runtime.
AC521358BBEFB53300C41E9B562D0610C707948DE891650B34CD037D572E4313,sources/base/美术素材/blobs/ac/ac521358bbefb53300c41e9b562d0610c707948de891650b34cd037d572e4313.png,.png,image,main_menu,game_ready_source;processed_source;runtime_candidate;selected_source;source_reference;stage_evidence,sources/draw/Main.png,6,03_selected;05_export_runtime_candidates;20_processed;30_game_ready;draw_root;stage_output,Main.png;main_menu_bg_no_text.png,0,1,res://assets/ui/main_menu/main_menu_bg_no_text.png,base_source_evidence_only,pending_verification,pending_review,not_admitted,runtime_crosswalk_required,Exact runtime bytes exist; authority is decided per runtime row.
ACC8080ADE4092FC3660725814DFD18A7053F7D2FC56BED81BB66DC29CBA09AE,sources/base/美术素材/blobs/ac/acc8080ade4092fc3660725814dfd18a7053f7d2fc56bed81bb66dc29cba09ae.png,.png,image,source_composite,working_candidate,sources/draw/10_working/candidates/3/3_candidate_002.png,1,10_working,3_candidate_002.png,0,0,,base_source_evidence_only,pending_verification,pending_review,not_admitted,base_reference_only_pending_promotion,Retained as source/reference; not admitted to runtime.
ACCFF690D18405CF75E49613E35CF897248B83D5C3747FC391FFC50399629EE3,sources/base/美术素材/blobs/ac/accff690d18405cf75e49613e35cf897248b83d5c3747fc391ffc50399629ee3.png,.png,image,source_composite,working_candidate,sources/draw/10_working/candidates/Zuhe2/Zuhe2_candidate_005.png,1,10_working,Zuhe2_candidate_005.png,0,0,,base_source_evidence_only,pending_verification,pending_review,not_admitted,base_reference_only_pending_promotion,Retained as source/reference; not admitted to runtime.
AD4C6A68089D326F15089848CC7931C3C56B64FC8449390363658DE1F47779E3,sources/base/美术素材/blobs/ad/ad4c6a68089d326f15089848cc7931c3c56b64fc8449390363658de1f47779e3.png,.png,image,actor_animation_source,source_reference,sources/draw/processed/Tuzigai/05_back_walk_1.png,1,draw_other,05_back_walk_1.png,7,0,,base_source_evidence_only,pending_verification,pending_review,not_admitted,base_reference_only_pending_promotion,Retained as source/reference; not admitted to runtime.
AD5E8D1EC5291E9B7F5AA7DCC1124C99242E04DA480109FC7FCE3411CA4C3D99,sources/base/美术素材/blobs/ad/ad5e8d1ec5291e9b7f5aa7dcc1124c99242e04da480109fc7fce3411ca4c3d99.png,.png,image,source_composite,working_candidate,sources/draw/10_working/candidates/Zuhe/Zuhe_candidate_005.png,1,10_working,Zuhe_candidate_005.png,0,0,,base_source_evidence_only,pending_verification,pending_review,not_admitted,base_reference_only_pending_promotion,Retained as source/reference; not admitted to runtime.
AE0C2A2AAF770BD874804847ADF4219A63489664DEAFDE9311C456D9E983DC98,sources/base/美术素材/blobs/ae/ae0c2a2aaf770bd874804847adf4219a63489664deafde9311c456d9e983dc98.csv,.csv,table,source_registry,stage_evidence,sources/art/ART-21R2/_manifest/modal_cut_manifest.csv,1,stage_output,modal_cut_manifest.csv,0,0,,base_source_evidence_only,pending_verification,pending_review,not_admitted,source_support_not_runtime_art,"Registry, metadata, document, or other support object."
AE1DD32E03E2089BC9F2372E7C2916DF230A2DE95D4E4E27C082755643C9AF5C,sources/base/美术素材/blobs/ae/ae1dd32e03e2089bc9f2372e7c2916df230a2de95d4e4e27c082755643c9af5c.png,.png,image,source_composite,working_candidate,sources/draw/10_working/candidates/Zuhe2/Zuhe2_candidate_006.png,1,10_working,Zuhe2_candidate_006.png,0,0,,base_source_evidence_only,pending_verification,pending_review,not_admitted,base_reference_only_pending_promotion,Retained as source/reference; not admitted to runtime.
AE56BC3AC06F6B31E3960DDD8860D7871965B8776220EA5AA232EB6052E484B3,sources/base/美术素材/blobs/ae/ae56bc3ac06f6b31e3960ddd8860d7871965b8776220ea5aa232eb6052e484b3.png,.png,image,source_composite,working_candidate,sources/draw/10_working/candidates/Zujian2/Zujian2_candidate_005.png,1,10_working,Zujian2_candidate_005.png,0,0,,base_source_evidence_only,pending_verification,pending_review,not_admitted,base_reference_only_pending_promotion,Retained as source/reference; not admitted to runtime.
AEC83CF46EF0A97620C1A23CD1EEA48A7BCEFA268915BB7A26438E5FDDF5A527,sources/base/美术素材/blobs/ae/aec83cf46ef0a97620c1a23cd1eea48a7bcefa268915bb7a26438e5fddf5a527.json,.json,metadata,source_metadata,game_ready_source;processed_source,sources/draw/20_processed/characters/huli/manifest.json,2,20_processed;30_game_ready,manifest.json,11,0,,base_source_evidence_only,pending_verification,pending_review,not_admitted,source_support_not_runtime_art,"Registry, metadata, document, or other support object."
AEEF39ABBB16EA607E0B9D3C1B1A4B3323AA246613EB354CC1376B57871280D8,sources/base/美术素材/blobs/ae/aeef39abbb16ea607e0b9d3c1b1a4b3323aa246613eb354cc1376b57871280d8.png,.png,image,source_composite,working_candidate,sources/draw/10_working/candidates/3/3_candidate_014.png,1,10_working,3_candidate_014.png,0,0,,base_source_evidence_only,pending_verification,pending_review,not_admitted,base_reference_only_pending_promotion,Retained as source/reference; not admitted to runtime.
AEFB0C25DE062DCABD1BAEDCFA83FEDF7B205025294B0CF732B6F8F1BEF60303,sources/base/美术素材/blobs/ae/aefb0c25de062dcabd1baedcfa83fedf7b205025294b0cf732b6f8f1bef60303.png,.png,image,source_composite,working_candidate,sources/draw/10_working/candidates/2/2_candidate_006.png,1,10_working,2_candidate_006.png,0,0,,base_source_evidence_only,pending_verification,pending_review,not_admitted,base_reference_only_pending_promotion,Retained as source/reference; not admitted to runtime.
AF65F23E09692BB7B37F98C7BFDD33DD1187DD7DAFFFA58D404AC01D57D3BDCC,sources/base/美术素材/blobs/af/af65f23e09692bb7b37f98c7bfdd33dd1187dd7dafffa58d404ac01d57d3bdcc.png,.png,image,source_composite,working_candidate,sources/draw/10_working/candidates/Zuhe/Zuhe_candidate_016.png,1,10_working,Zuhe_candidate_016.png,0,0,,base_source_evidence_only,pending_verification,pending_review,not_admitted,base_reference_only_pending_promotion,Retained as source/reference; not admitted to runtime.
AF7E91221BE879AE96EDE60D261C52678C9086038A6B175AA1D563100049DDB9,sources/base/美术素材/blobs/af/af7e91221be879ae96ede60d261c52678c9086038a6b175aa1d563100049ddb9.png,.png,image,actor_animation_source,source_reference,sources/draw/processed/HUligai/10_left_walk_2.png,1,draw_other,10_left_walk_2.png,7,0,,base_source_evidence_only,pending_verification,pending_review,not_admitted,base_reference_only_pending_promotion,Retained as source/reference; not admitted to runtime.
AFE6D79450E4B2694B46975A868FA4A616104658C41D8986390EB753E4863AE0,sources/base/美术素材/blobs/af/afe6d79450e4b2694b46975a868fa4a616104658c41d8986390eb753e4863ae0.png,.png,image,source_composite,working_candidate,sources/draw/10_working/candidates/Zuhe/Zuhe_candidate_025.png,1,10_working,Zuhe_candidate_025.png,0,0,,base_source_evidence_only,pending_verification,pending_review,not_admitted,base_reference_only_pending_promotion,Retained as source/reference; not admitted to runtime.
B013CC781C21A73793B0E6BDC77B1DAAAC1EE66E96CFEF3FB4BC9AEE496796ED,sources/base/美术素材/blobs/b0/b013cc781c21a73793b0e6bdc77b1daaac1ee66e96cfef3fb4bc9aee496796ed.png,.png,image,source_composite,working_candidate,sources/draw/10_working/candidates/Zuhe2/Zuhe2_candidate_016.png,1,10_working,Zuhe2_candidate_016.png,0,0,,base_source_evidence_only,pending_verification,pending_review,not_admitted,base_reference_only_pending_promotion,Retained as source/reference; not admitted to runtime.
B073E83F9FB9AD4B4D22C41A4354CE1B7E947F688620A25A20C3FA77CBDFAD4A,sources/base/美术素材/blobs/b0/b073e83f9fb9ad4b4d22c41a4354ce1b7e947f688620a25a20c3fa77cbdfad4a.png,.png,image,source_composite,working_candidate,sources/draw/10_working/candidates/2/2_candidate_056.png,1,10_working,2_candidate_056.png,0,0,,base_source_evidence_only,pending_verification,pending_review,not_admitted,base_reference_only_pending_promotion,Retained as source/reference; not admitted to runtime.
B0EAB4EF6E3705DBD4F1683D4C35378171EA18675B4FB5FCAD3652EF855FF2CE,sources/base/美术素材/blobs/b0/b0eab4ef6e3705dbd4f1683d4c35378171ea18675b4fb5fcad3652ef855ff2ce.csv,.csv,table,source_registry,stage_evidence,sources/art/ART-21R2/_manifest/main_menu_cut_dry_run_plan.csv,1,stage_output,main_menu_cut_dry_run_plan.csv,0,0,,base_source_evidence_only,pending_verification,pending_review,not_admitted,source_support_not_runtime_art,"Registry, metadata, document, or other support object."
B0FA881E06718278333CCF2FD0BD9D567E4E9B43414DC44DCB4D1B12D8C3334A,sources/base/美术素材/blobs/b0/b0fa881e06718278333ccf2fd0bd9d567e4e9b43414dc44dcb4d1b12d8c3334a.png,.png,image,source_composite,working_candidate,sources/draw/10_working/candidates/3/3_candidate_033.png,1,10_working,3_candidate_033.png,0,0,,base_source_evidence_only,pending_verification,pending_review,not_admitted,base_reference_only_pending_promotion,Retained as source/reference; not admitted to runtime.
B11B055695E8C7A84BFE3D10928CABAF1333CD876C1474760FCEF1CE1AD229F4,sources/base/美术素材/blobs/b1/b11b055695e8c7a84bfe3d10928cabaf1333cd876c1474760fcef1ce1ad229f4.json,.json,metadata,source_metadata,source_reference,sources/draw/processed/HUligai/manifest.json,1,draw_other,manifest.json,11,0,,base_source_evidence_only,pending_verification,pending_review,not_admitted,source_support_not_runtime_art,"Registry, metadata, document, or other support object."
B17BD996CF32D09AE4CFA353D1F9780CF069983832DC5F8E7B21D02E45C1C39B,sources/base/美术素材/blobs/b1/b17bd996cf32d09ae4cfa353d1f9780cf069983832dc5f8e7b21d02e45c1c39b.png,.png,image,source_composite,working_candidate,sources/draw/10_working/candidates/Zuhe/Zuhe_candidate_045.png,1,10_working,Zuhe_candidate_045.png,0,0,,base_source_evidence_only,pending_verification,pending_review,not_admitted,base_reference_only_pending_promotion,Retained as source/reference; not admitted to runtime.
B1E1FA9B393CADEAB590A66FF7BBE400FDB91B2E6A6D0C91A0D2D4017295FCFD,sources/base/美术素材/blobs/b1/b1e1fa9b393cadeab590a66ff7bbe400fdb91b2e6a6d0c91a0d2d4017295fcfd.png,.png,image,actor_animation_source,source_reference,sources/draw/processed/HUligai/02_left_idle.png,1,draw_other,02_left_idle.png,7,0,,base_source_evidence_only,pending_verification,pending_review,not_admitted,base_reference_only_pending_promotion,Retained as source/reference; not admitted to runtime.
B1F16F40CDC3C3180F8A6A7B9664764C8888AD26675A2473B49FEA9BEF8EE294,sources/base/美术素材/blobs/b1/b1f16f40cdc3c3180f8a6a7b9664764c8888ad26675a2473b49fea9bef8ee294.png,.png,image,source_composite,working_candidate,sources/draw/10_working/candidates/Zuhe2/Zuhe2_candidate_105.png,1,10_working,Zuhe2_candidate_105.png,0,0,,base_source_evidence_only,pending_verification,pending_review,not_admitted,base_reference_only_pending_promotion,Retained as source/reference; not admitted to runtime.
B247A2ABA7509D1797376B95136A2D7155D13CC8470EE7233ACF450EFA5A7413,sources/base/美术素材/blobs/b2/b247a2aba7509d1797376b95136a2d7155d13cc8470ee7233acf450efa5a7413.png,.png,image,deploy,game_ready_source;processed_source;runtime_candidate;selected_source;stage_evidence,sources/draw/20_processed/ui_deploy_icon/ui_icon_backpack.png,5,03_selected;05_export_runtime_candidates;20_processed;30_game_ready;stage_output,ui_icon_backpack.png,0,1,res://assets/ui/deploy/icons/ui_icon_backpack.png,base_source_evidence_only,pending_verification,pending_review,not_admitted,runtime_crosswalk_required,Exact runtime bytes exist; authority is decided per runtime row.
B283AC4AECBD14EE5A100E2A6512F56DEA5C2C2CCEF564B00DDD537DBE34C45F,sources/base/美术素材/blobs/b2/b283ac4aecbd14ee5a100e2a6512f56dea5c2c2ccef564b00ddd537dbe34c45f.png,.png,image,source_composite,working_candidate,sources/draw/10_working/candidates/Zuhe2/Zuhe2_candidate_010.png,1,10_working,Zuhe2_candidate_010.png,0,0,,base_source_evidence_only,pending_verification,pending_review,not_admitted,base_reference_only_pending_promotion,Retained as source/reference; not admitted to runtime.
B2E45007563B1EA898A3FD5968CBC74A91DD2E392DE8C27A5CA864E64C9906DF,sources/base/美术素材/blobs/b2/b2e45007563b1ea898a3fd5968cbc74a91dd2e392de8c27a5ca864e64c9906df.png,.png,image,uncategorized_image,working_candidate,sources/draw/10_working/candidates/5/5_candidate_048.png,1,10_working,5_candidate_048.png,0,0,,base_source_evidence_only,pending_verification,pending_review,not_admitted,base_reference_only_pending_promotion,Retained as source/reference; not admitted to runtime.
B40184DC8A8147426FCC6A9932B96A6D1017D0A223874EECD4AD7A4E09B48713,sources/base/美术素材/blobs/b4/b40184dc8a8147426fcc6a9932b96a6d1017d0a223874eecd4ad7a4e09b48713.png,.png,image,source_composite,working_candidate,sources/draw/10_working/candidates/Zuhe/Zuhe_candidate_037.png,1,10_working,Zuhe_candidate_037.png,0,0,,base_source_evidence_only,pending_verification,pending_review,not_admitted,base_reference_only_pending_promotion,Retained as source/reference; not admitted to runtime.
B40461C59F397F3BBC406ED8538E77AAB433021B4D9D8B396AF243B3B6D04149,sources/base/美术素材/blobs/b4/b40461c59f397f3bbc406ed8538e77aab433021b4d9d8b396af243b3b6d04149.png,.png,image,actor_animation_source,game_ready_source;processed_source;source_reference,sources/draw/20_processed/characters/huanxiong/frames/05_back_walk_1.png,3,20_processed;30_game_ready;art_other,05_back_walk_1.png,7,0,,base_source_evidence_only,pending_verification,pending_review,not_admitted,base_reference_only_pending_promotion,Retained as source/reference; not admitted to runtime.
B42C5AD3F34C734203B86C2E24CE422D3B43A7092DBF8F7E59039A17A350B1D6,sources/base/美术素材/blobs/b4/b42c5ad3f34c734203b86c2e24ce422d3b43a7092dbf8f7e59039a17a350b1d6.png,.png,image,uncategorized_image,working_candidate,sources/draw/10_working/candidates/5/5_candidate_030.png,1,10_working,5_candidate_030.png,0,0,,base_source_evidence_only,pending_verification,pending_review,not_admitted,base_reference_only_pending_promotion,Retained as source/reference; not admitted to runtime.
B46FC991F31635066FEC4DE8D94ED498CE451C42D7909C8193145E32A137D461,sources/base/美术素材/blobs/b4/b46fc991f31635066fec4de8d94ed498ce451c42d7909c8193145e32a137d461.png,.png,image,source_composite,working_candidate,sources/draw/10_working/candidates/3/3_candidate_005.png,1,10_working,3_candidate_005.png,0,0,,base_source_evidence_only,pending_verification,pending_review,not_admitted,base_reference_only_pending_promotion,Retained as source/reference; not admitted to runtime.
B480843308E7A1FF3CCCD0F7589E19B7536A498D34A2C26AA88F2BC059C13F17,sources/base/美术素材/blobs/b4/b480843308e7a1ff3cccd0f7589e19b7536a498d34a2c26aa88f2bc059c13f17.png,.png,image,iconography,processed_source,sources/draw/20_processed/ui_icon/ui_icon_gold_pile.png,1,20_processed,ui_icon_gold_pile.png,0,0,,base_source_evidence_only,pending_verification,pending_review,not_admitted,base_reference_only_pending_promotion,Retained as source/reference; not admitted to runtime.
B4C537FB815F1E830943BC4DA8A0D253D019B7FA1FEA8CB5ADBBFCCC00455AD9,sources/base/美术素材/blobs/b4/b4c537fb815f1e830943bc4da8a0d253d019b7fa1fea8cb5adbbfccc00455ad9.png,.png,image,main_menu,stage_evidence,sources/art/ART-21R2/03_cut_output/main_menu/ui_art21r2_main_menu_board_header.png,1,stage_output,ui_art21r2_main_menu_board_header.png,0,1,res://assets/ui/art21r2/main_menu/ui_art21r2_main_menu_board_header.png,base_source_evidence_only,pending_verification,pending_review,not_admitted,runtime_crosswalk_required,Exact runtime bytes exist; authority is decided per runtime row.
B50716595370A5AA57FA88EFF170FA5875677976512E598C5F949C1CF9A460C9,sources/base/美术素材/blobs/b5/b50716595370a5aa57fa88eff170fa5875677976512e598c5f949c1cf9a460c9.png,.png,image,source_composite,working_candidate,sources/draw/10_working/candidates/Zuhe2/Zuhe2_candidate_080.png,1,10_working,Zuhe2_candidate_080.png,0,0,,base_source_evidence_only,pending_verification,pending_review,not_admitted,base_reference_only_pending_promotion,Retained as source/reference; not admitted to runtime.
B53B94A746718D09125448E3A7F10A87FE88AF977AC2C537D046285266FAEB41,sources/base/美术素材/blobs/b5/b53b94a746718d09125448e3a7f10a87fe88af977ac2c537d046285266faeb41.png,.png,image,actor_animation_source,game_ready_source;processed_source;source_reference,sources/draw/20_processed/characters/huli/frames/07_right_walk_1.png,3,20_processed;30_game_ready;art_other,07_right_walk_1.png,7,0,,base_source_evidence_only,pending_verification,pending_review,not_admitted,base_reference_only_pending_promotion,Retained as source/reference; not admitted to runtime.
B5CB86CC49CF44E121CAB6C711DC4FBEE9DA7A369546068FD3F58547A7D16095,sources/base/美术素材/blobs/b5/b5cb86cc49cf44e121cab6c711dc4fbee9da7a369546068fd3f58547a7d16095.png,.png,image,actor_animation_source,source_reference,sources/draw/processed/Huanxionggai/Huanxionggai_sheet.png,1,draw_other,Huanxionggai_sheet.png,0,0,,base_source_evidence_only,pending_verification,pending_review,not_admitted,base_reference_only_pending_promotion,Retained as source/reference; not admitted to runtime.
B65CB92F27813608A03389232E8AAD5ED5FB297E1532FF56145621C8E1234F72,sources/base/美术素材/blobs/b6/b65cb92f27813608a03389232e8aad5ed5fb297e1532ff56145621c8e1234f72.csv,.csv,table,source_registry,stage_evidence,sources/art/ART-21R2/_manifest/modal_section_staging_manifest.csv,1,stage_output,modal_section_staging_manifest.csv,0,0,,base_source_evidence_only,pending_verification,pending_review,not_admitted,source_support_not_runtime_art,"Registry, metadata, document, or other support object."
B663E2172F9B164845A07CAF3BFE01AF682EB03D728EC186FE2FFAF2B629683E,sources/base/美术素材/blobs/b6/b663e2172f9b164845a07caf3bfe01af682eb03d728ec186fe2ffaf2b629683e.md,.md,document,source_documentation,source_reference,sources/draw/_manifest/selected_assets.md,1,draw_other,selected_assets.md,0,0,,base_source_evidence_only,pending_verification,pending_review,not_admitted,source_support_not_runtime_art,"Registry, metadata, document, or other support object."
B6BDED899B04BE140F7ED0017637AE5BA3976FBCF156CCA5C2A75D191E1A12CC,sources/base/美术素材/blobs/b6/b6bded899b04be140f7ed0017637ae5ba3976fbcf156cca5c2a75d191e1a12cc.png,.png,image,source_composite,working_candidate,sources/draw/10_working/candidates/1/1_candidate_051.png,1,10_working,1_candidate_051.png,0,0,,base_source_evidence_only,pending_verification,pending_review,not_admitted,base_reference_only_pending_promotion,Retained as source/reference; not admitted to runtime.
B707FA301B10A72A5AAB4A5196B845F141008B6F7ADB0CE47D76DC0434CA9078,sources/base/美术素材/blobs/b7/b707fa301b10a72a5aab4a5196b845f141008b6f7adb0ce47d76dc0434ca9078.md,.md,document,source_documentation,source_reference,sources/draw/_manifest/pre_ui_integration_review.md,1,draw_other,pre_ui_integration_review.md,0,0,,base_source_evidence_only,pending_verification,pending_review,not_admitted,source_support_not_runtime_art,"Registry, metadata, document, or other support object."
B70AF6FF49D5CE0A665F74E41CA16D388800224409D1E5DE9A9B1AC712B67036,sources/base/美术素材/blobs/b7/b70af6ff49d5ce0a665f74e41ca16d388800224409d1e5de9a9b1ac712b67036.png,.png,image,deploy,stage_evidence,sources/art/ART-21/03_cut_output/long_term/ui_art21_long_term_profile_frame.png,4,stage_output,ui_art21_deploy_left_character_frame.png;ui_art21_long_term_profile_frame.png,0,2,res://assets/ui/art21/deploy/ui_art21_deploy_left_character_frame.png;res://assets/ui/art21/long_term/ui_art21_long_term_profile_frame.png,base_source_evidence_only,pending_verification,pending_review,not_admitted,runtime_crosswalk_required,Exact runtime bytes exist; authority is decided per runtime row.
B711A137CBA8EF06D920C4186DA3B4D9D3EAA691319DBFF806B378B81AAD78EF,sources/base/美术素材/blobs/b7/b711a137cba8ef06d920c4186da3b4d9d3eaa691319dbff806b378b81aad78ef.png,.png,image,source_composite,working_candidate,sources/draw/10_working/candidates/Zuhe2/Zuhe2_candidate_003.png,1,10_working,Zuhe2_candidate_003.png,0,0,,base_source_evidence_only,pending_verification,pending_review,not_admitted,base_reference_only_pending_promotion,Retained as source/reference; not admitted to runtime.
B7578D7278962DBC0EBE9E33690651D2C040374029F2A302BD2C231E2AF4435D,sources/base/美术素材/blobs/b7/b7578d7278962dbc0ebe9e33690651d2c040374029f2a302bd2c231e2af4435d.png,.png,image,actor_animation_source,source_reference,sources/draw/processed/HUligai/04_front_walk_1.png,1,draw_other,04_front_walk_1.png,7,0,,base_source_evidence_only,pending_verification,pending_review,not_admitted,base_reference_only_pending_promotion,Retained as source/reference; not admitted to runtime.
B7B103EBB8F4F79F77284221E0299B37F907D82B704CA2720CFEE6D37103CB5E,sources/base/美术素材/blobs/b7/b7b103ebb8f4f79f77284221e0299b37f907d82b704ca2720cfee6d37103cb5e.png,.png,image,source_composite,working_candidate,sources/draw/10_working/candidates/Zuhe2/Zuhe2_candidate_082.png,1,10_working,Zuhe2_candidate_082.png,0,0,,base_source_evidence_only,pending_verification,pending_review,not_admitted,base_reference_only_pending_promotion,Retained as source/reference; not admitted to runtime.
B81D32F1D360DD8C858020DDCEA643CD858D6C981D797210FE5A4932784B1BB0,sources/base/美术素材/blobs/b8/b81d32f1d360dd8c858020ddcea643cd858d6c981d797210fe5a4932784b1bb0.png,.png,image,uncategorized_image,working_candidate,sources/draw/10_working/candidates/3/3_candidate_050.png,1,10_working,3_candidate_050.png,0,0,,base_source_evidence_only,pending_verification,pending_review,not_admitted,base_reference_only_pending_promotion,Retained as source/reference; not admitted to runtime.
B839EE24FA3E2675BB32F333B21F2654B7E661ADB5C1A86AFE9ABFE906320C9D,sources/base/美术素材/blobs/b8/b839ee24fa3e2675bb32f333b21f2654b7e661adb5c1a86afe9abfe906320c9d.png,.png,image,actor_animation_source,source_reference,sources/draw/processed/HUligai/sheet.png,1,draw_other,sheet.png,3,0,,base_source_evidence_only,pending_verification,pending_review,not_admitted,base_reference_only_pending_promotion,Retained as source/reference; not admitted to runtime.
B85026D40236AB9A09ABF75AA50C55E8F0DB7E90953A5E4CA82DCBCE54214197,sources/base/美术素材/blobs/b8/b85026d40236ab9a09abf75aa50c55e8f0db7e90953a5e4ca82dcbce54214197.png,.png,image,source_composite,working_candidate,sources/draw/10_working/candidates/Zujian2/Zujian2_candidate_002.png,1,10_working,Zujian2_candidate_002.png,0,0,,base_source_evidence_only,pending_verification,pending_review,not_admitted,base_reference_only_pending_promotion,Retained as source/reference; not admitted to runtime.
B85F0835D6700D71F672A52EE803DB0D5BAF2A8664C29E7828B6C49B8D0FAC7B,sources/base/美术素材/blobs/b8/b85f0835d6700d71f672a52ee803db0d5baf2a8664c29e7828b6c49b8d0fac7b.png,.png,image,source_composite,working_candidate,sources/draw/10_working/candidates/3/3_candidate_051.png,1,10_working,3_candidate_051.png,0,0,,base_source_evidence_only,pending_verification,pending_review,not_admitted,base_reference_only_pending_promotion,Retained as source/reference; not admitted to runtime.
B897AEB5BE56D0C793D6BC360F4CC059AC79241A96C7227AC68354925A99ECAF,sources/base/美术素材/blobs/b8/b897aeb5be56d0c793d6bc360f4cc059ac79241a96c7227ac68354925a99ecaf.png,.png,image,source_composite,working_candidate,sources/draw/10_working/candidates/Zuhe2/Zuhe2_candidate_064.png,1,10_working,Zuhe2_candidate_064.png,0,0,,base_source_evidence_only,pending_verification,pending_review,not_admitted,base_reference_only_pending_promotion,Retained as source/reference; not admitted to runtime.
B8A645B92ACE161600845911FC8C86E9B825D25D4CDBF5A26670096E8EBD6037,sources/base/美术素材/blobs/b8/b8a645b92ace161600845911fc8c86e9b825d25d4cdbf5a26670096e8ebd6037.png,.png,image,uncategorized_image,working_candidate,sources/draw/10_working/candidates/3/3_candidate_028.png,1,10_working,3_candidate_028.png,0,0,,base_source_evidence_only,pending_verification,pending_review,not_admitted,base_reference_only_pending_promotion,Retained as source/reference; not admitted to runtime.
B8ACA78ABA67D74E785E98CD2AAC6CD674AA21D63C8E2EF8489E28910646CFB5,sources/base/美术素材/blobs/b8/b8aca78aba67d74e785e98cd2aac6cd674aa21d63c8e2ef8489e28910646cfb5.png,.png,image,uncategorized_image,working_candidate,sources/draw/10_working/candidates/2/2_candidate_027.png,1,10_working,2_candidate_027.png,0,0,,base_source_evidence_only,pending_verification,pending_review,not_admitted,base_reference_only_pending_promotion,Retained as source/reference; not admitted to runtime.
B8C8D8B423D2CEEF5B4E1F0D7DD48FBA6B208E395243D83EEE1534DCA3F1234B,sources/base/美术素材/blobs/b8/b8c8d8b423d2ceef5b4e1f0d7dd48fba6b208e395243d83eee1534dca3f1234b.png,.png,image,source_composite,working_candidate,sources/draw/10_working/candidates/Zuhe2/Zuhe2_candidate_030.png,1,10_working,Zuhe2_candidate_030.png,0,0,,base_source_evidence_only,pending_verification,pending_review,not_admitted,base_reference_only_pending_promotion,Retained as source/reference; not admitted to runtime.
B8E3B166E1F07932F557A8BEB775D0034491FB43BEE7548ADB5458723CDB84C8,sources/base/美术素材/blobs/b8/b8e3b166e1f07932f557a8beb775d0034491fb43bee7548adb5458723cdb84c8.png,.png,image,source_composite,working_candidate,sources/draw/10_working/candidates/Zuhe/Zuhe_candidate_033.png,1,10_working,Zuhe_candidate_033.png,0,0,,base_source_evidence_only,pending_verification,pending_review,not_admitted,base_reference_only_pending_promotion,Retained as source/reference; not admitted to runtime.
B90A0ECABEBFA538AC315CE43A33BE88BF418A37850ADDC2BBB2FCAAA62CEFBC,sources/base/美术素材/blobs/b9/b90a0ecabebfa538ac315ce43a33be88bf418a37850addc2bbb2fcaaa62cefbc.png,.png,image,actor_animation_source,source_reference,sources/draw/processed/Huanxionggai/04_front_walk_1.png,1,draw_other,04_front_walk_1.png,7,0,,base_source_evidence_only,pending_verification,pending_review,not_admitted,base_reference_only_pending_promotion,Retained as source/reference; not admitted to runtime.
B918EACFA15057A8FE974D841F2833C8DD7FC4458045FCA23F7A4C3C7A131352,sources/base/美术素材/blobs/b9/b918eacfa15057a8fe974d841f2833c8dd7fc4458045fca23f7a4c3c7a131352.png,.png,image,ui_component,stage_evidence,sources/art/ART-21/03_cut_output/long_term/ui_art21_long_term_detail_panel_frame.png,2,stage_output,ui_art21_long_term_detail_panel_frame.png,0,1,res://assets/ui/art21/long_term/ui_art21_long_term_detail_panel_frame.png,base_source_evidence_only,pending_verification,pending_review,not_admitted,runtime_crosswalk_required,Exact runtime bytes exist; authority is decided per runtime row.
B926FAE1A5EEC78887ED2ECB9F7F672620212C3D6D9D4ACBACEED775F80264CD,sources/base/美术素材/blobs/b9/b926fae1a5eec78887ed2ecb9f7f672620212c3d6d9d4acbaceed775f80264cd.png,.png,image,source_composite,working_candidate,sources/draw/10_working/candidates/Zuhe2/Zuhe2_candidate_056.png,1,10_working,Zuhe2_candidate_056.png,0,0,,base_source_evidence_only,pending_verification,pending_review,not_admitted,base_reference_only_pending_promotion,Retained as source/reference; not admitted to runtime.
B937168633B65D1B74F83CEDF9FC0F6EB859939D3A5AB4FD6762D5501A96EBED,sources/base/美术素材/blobs/b9/b937168633b65d1b74f83cedf9fc0f6eb859939d3a5ab4fd6762d5501a96ebed.png,.png,image,map,game_ready_source;processed_source;runtime_candidate;selected_source,sources/draw/20_processed/map_tile_icon/map_tile_unknown.png,4,03_selected;05_export_runtime_candidates;20_processed;30_game_ready,map_tile_unknown.png,0,0,,base_source_evidence_only,pending_verification,pending_review,not_admitted,base_reference_only_pending_promotion,Retained as source/reference; not admitted to runtime.
B9B2116FE886825B9847C3A77CB902EB1D8BB62115F6E429321B646D3B687BA6,sources/base/美术素材/blobs/b9/b9b2116fe886825b9847c3a77cb902eb1d8bb62115f6e429321b646d3b687ba6.png,.png,image,ui_component,stage_evidence,sources/art/ART-21/03_cut_output/shared/panels/ui_art21_shared_panel_status_card_normal.png,2,stage_output,ui_art21_shared_panel_status_card_normal.png,0,1,res://assets/ui/art21/shared/panels/ui_art21_shared_panel_status_card_normal.png,base_source_evidence_only,pending_verification,pending_review,not_admitted,runtime_crosswalk_required,Exact runtime bytes exist; authority is decided per runtime row.
B9BEEE7F392DFF5630E368B3F07D27DC4D6E0E884229125437DA5B637534E60E,sources/base/美术素材/blobs/b9/b9beee7f392dff5630e368b3f07d27dc4d6e0e884229125437da5b637534e60e.png,.png,image,world_prop,processed_source,sources/draw/20_processed/props/raw/02_cheli_zhuangzhi_liang.png,1,20_processed,02_cheli_zhuangzhi_liang.png,1,0,,base_source_evidence_only,pending_verification,pending_review,not_admitted,base_reference_only_pending_promotion,Retained as source/reference; not admitted to runtime.
B9FD1FB7FDC07D47B5F17A707EDBABD57474F4141D21A5DE4C1ADC632D26D355,sources/base/美术素材/blobs/b9/b9fd1fb7fdc07d47b5f17a707edbabd57474f4141d21a5de4c1adc632d26d355.png,.png,image,source_composite,working_candidate,sources/draw/10_working/candidates/Zujian3/Zujian3_candidate_004.png,1,10_working,Zujian3_candidate_004.png,0,0,,base_source_evidence_only,pending_verification,pending_review,not_admitted,base_reference_only_pending_promotion,Retained as source/reference; not admitted to runtime.
BA0C6FB50427B88645EB8BF00ACE6BAF755324A56963E8C8D06D2BCDECDFAA2F,sources/base/美术素材/blobs/ba/ba0c6fb50427b88645eb8bf00ace6baf755324a56963e8c8d06d2bcdecdfaa2f.png,.png,image,source_composite,working_candidate,sources/draw/10_working/candidates/1/1_candidate_042.png,1,10_working,1_candidate_042.png,0,0,,base_source_evidence_only,pending_verification,pending_review,not_admitted,base_reference_only_pending_promotion,Retained as source/reference; not admitted to runtime.
BA20EF90C83152B6AA12BB2367DC29D0E1CC7460AFE924BA4F85B39600C04211,sources/base/美术素材/blobs/ba/ba20ef90c83152b6aa12bb2367dc29d0e1cc7460afe924ba4f85b39600c04211.png,.png,image,reference_capture,packaged_base_input;visual_target,sources/art/Base/6.17问题4.png,2,08_visual_targets;Base,6.17问题4.png,0,0,,base_source_evidence_only,pending_verification,pending_review,not_admitted,base_reference_only_pending_promotion,Retained as source/reference; not admitted to runtime.
BA69FD69BEDCA8F25FE50B03A93DC32D4BEDD85C6A9D3EA0B47D668972DF9EC2,sources/base/美术素材/blobs/ba/ba69fd69bedca8f25fe50b03a93dc32d4bedd85c6a9d3ea0b47d668972df9ec2.png,.png,image,source_composite,working_candidate,sources/draw/10_working/candidates/5/5_candidate_021.png,1,10_working,5_candidate_021.png,0,0,,base_source_evidence_only,pending_verification,pending_review,not_admitted,base_reference_only_pending_promotion,Retained as source/reference; not admitted to runtime.
BA99AC8989849848D5EA86969EC9B620A660BC68F91CBD767F185F00FF644700,sources/base/美术素材/blobs/ba/ba99ac8989849848d5ea86969ec9b620a660bc68f91cbd767f185f00ff644700.md,.md,document,source_documentation,source_reference,sources/draw/_manifest/deploy_ui_assets_review.md,1,draw_other,deploy_ui_assets_review.md,0,0,,base_source_evidence_only,pending_verification,pending_review,not_admitted,source_support_not_runtime_art,"Registry, metadata, document, or other support object."
BA9CF9E0A6B453F0865047D6F783E1BA428D3F204CE0EDAD395F5E0E1C5DD429,sources/base/美术素材/blobs/ba/ba9cf9e0a6b453f0865047d6f783e1ba428d3f204ce0edad395f5e0e1c5dd429.png,.png,image,source_composite,working_candidate,sources/draw/10_working/candidates/5/5_candidate_032.png,1,10_working,5_candidate_032.png,0,0,,base_source_evidence_only,pending_verification,pending_review,not_admitted,base_reference_only_pending_promotion,Retained as source/reference; not admitted to runtime.
BAB8AF9AA2C6EA87A61D6258AE69A74824507714BDE56366348A917623B4D565,sources/base/美术素材/blobs/ba/bab8af9aa2c6ea87a61d6258ae69a74824507714bde56366348a917623b4d565.png,.png,image,actor_animation_source,stage_evidence,sources/art/ART-21/03_cut_output/run/ui_art21_run_status_card_frame.png,2,stage_output,ui_art21_run_status_card_frame.png,0,1,res://assets/ui/art21/run/ui_art21_run_status_card_frame.png,base_source_evidence_only,pending_verification,pending_review,not_admitted,runtime_crosswalk_required,Exact runtime bytes exist; authority is decided per runtime row.
BB3AEF0E76264692187C6B4B124628881F84B7D9E46401D0A280C7837031B9AB,sources/base/美术素材/blobs/bb/bb3aef0e76264692187c6b4b124628881f84b7d9e46401d0a280c7837031b9ab.png,.png,image,world_prop,processed_source,sources/draw/20_processed/props/raw/10_yiliaobao.png,1,20_processed,10_yiliaobao.png,1,0,,base_source_evidence_only,pending_verification,pending_review,not_admitted,base_reference_only_pending_promotion,Retained as source/reference; not admitted to runtime.
BB4DD16DA292F5C5D554315E1B294AECF7A36601606B49846CF85898050DA162,sources/base/美术素材/blobs/bb/bb4dd16da292f5c5d554315e1b294aecf7a36601606b49846cf85898050da162.png,.png,image,uncategorized_image,working_candidate,sources/draw/10_working/candidates/2/2_candidate_018.png,1,10_working,2_candidate_018.png,0,0,,base_source_evidence_only,pending_verification,pending_review,not_admitted,base_reference_only_pending_promotion,Retained as source/reference; not admitted to runtime.
BB7DB112CA5209A4328A036A71DEC9A15412BA68ACCAFA9D1913B97A4EDEBF3B,sources/base/美术素材/blobs/bb/bb7db112ca5209a4328a036a71dec9a15412ba68accafa9d1913b97a4edebf3b.png,.png,image,source_composite,working_candidate,sources/draw/10_working/candidates/3/3_candidate_066.png,1,10_working,3_candidate_066.png,0,0,,base_source_evidence_only,pending_verification,pending_review,not_admitted,base_reference_only_pending_promotion,Retained as source/reference; not admitted to runtime.
BB839BA71DC7FF6DB285D66836335B6052DDEF326E72C4F8FEE63C4540F722D8,sources/base/美术素材/blobs/bb/bb839ba71dc7ff6db285d66836335b6052ddef326e72c4f8fee63c4540f722d8.png,.png,image,source_composite,working_candidate,sources/draw/10_working/candidates/Zujian3/Zujian3_candidate_011.png,1,10_working,Zujian3_candidate_011.png,0,0,,base_source_evidence_only,pending_verification,pending_review,not_admitted,base_reference_only_pending_promotion,Retained as source/reference; not admitted to runtime.
BBAF93023A0F54E8AB45F901E358972D6324A00A492E02CDF67E1D50499193E6,sources/base/美术素材/blobs/bb/bbaf93023a0f54e8ab45f901e358972d6324a00a492e02cdf67e1d50499193e6.png,.png,image,world_prop,game_ready_source,sources/draw/30_game_ready/icons/32/08_cheli_icon.png,1,30_game_ready,08_cheli_icon.png,2,1,res://assets/ui/minimap/extract_icon.png,base_source_evidence_only,pending_verification,pending_review,not_admitted,runtime_crosswalk_required,Exact runtime bytes exist; authority is decided per runtime row.
BC2A3251DAD5F93A96C275400D6983E83FDE35D2134B5FE8FABDC5B0BAC0E2C7,sources/base/美术素材/blobs/bc/bc2a3251dad5f93a96c275400d6983e83fde35d2134b5fe8fabdc5b0bac0e2c7.png,.png,image,ui_component,processed_source,sources/draw/20_processed/ui_status_tag/ui_tag_currency_triplet.png,1,20_processed,ui_tag_currency_triplet.png,0,0,,base_source_evidence_only,pending_verification,pending_review,not_admitted,base_reference_only_pending_promotion,Retained as source/reference; not admitted to runtime.
BC37BD970C4D4378A38D3712F4CC25A5F150912D394EBD80B7C5366BA1A84654,sources/base/美术素材/blobs/bc/bc37bd970c4d4378a38d3712f4cc25a5f150912d394ebd80b7c5366ba1a84654.png,.png,image,ui_component,stage_evidence,sources/art/ART-20/03_cut_output/run_hud/run_bottom_key_bar_button/run_bottom_key_bar_button_ui_key_m.png,1,stage_output,run_bottom_key_bar_button_ui_key_m.png,0,0,,base_source_evidence_only,pending_verification,pending_review,not_admitted,base_reference_only_pending_promotion,Retained as source/reference; not admitted to runtime.
BC51939E77AA3C305763264DB31859843B2D075AE3E66E9D30A44C81294F83AC,sources/base/美术素材/blobs/bc/bc51939e77aa3c305763264db31859843b2d075ae3e66e9d30a44c81294f83ac.png,.png,image,deploy,processed_source,sources/draw/20_processed/ui_deploy_icon/ui_icon_talent_point.png,1,20_processed,ui_icon_talent_point.png,0,0,,base_source_evidence_only,pending_verification,pending_review,not_admitted,base_reference_only_pending_promotion,Retained as source/reference; not admitted to runtime.
BC7D605443D26CBF8AA9CBAE95F47EDCA7B3EFB701D0F0E3DC453ED9858ABD0B,sources/base/美术素材/blobs/bc/bc7d605443d26cbf8aa9cbae95f47edca7b3efb701d0f0e3dc453ed9858abd0b.png,.png,image,actor_portrait,processed_source,sources/draw/20_processed/npc_portrait/npc_portrait_logistics_raccoon.png,1,20_processed,npc_portrait_logistics_raccoon.png,0,0,,base_source_evidence_only,pending_verification,pending_review,not_admitted,base_reference_only_pending_promotion,Retained as source/reference; not admitted to runtime.
BCB097438CD774624B5A6568E9BA98942CDD57A238AC9AA988A6D67258A97081,sources/base/美术素材/blobs/bc/bcb097438cd774624b5a6568e9ba98942cdd57a238ac9aa988a6d67258a97081.png,.png,image,uncategorized_image,working_candidate,sources/draw/10_working/candidates/1/1_candidate_010.png,1,10_working,1_candidate_010.png,0,0,,base_source_evidence_only,pending_verification,pending_review,not_admitted,base_reference_only_pending_promotion,Retained as source/reference; not admitted to runtime.
BD7588A4863CACCAD35F7E3222A1D3DB0EFBD58E5B30BBC26717B3639870B828,sources/base/美术素材/blobs/bd/bd7588a4863caccad35f7e3222a1d3db0efbd58e5b30bbc26717b3639870b828.png,.png,image,source_composite,working_candidate,sources/draw/10_working/candidates/Zujian3/Zujian3_candidate_007.png,1,10_working,Zujian3_candidate_007.png,0,0,,base_source_evidence_only,pending_verification,pending_review,not_admitted,base_reference_only_pending_promotion,Retained as source/reference; not admitted to runtime.
BDB62BF80BBF49EA2434CB332110EF028ED45F6BC952E91020A079F47FE7E50D,sources/base/美术素材/blobs/bd/bdb62bf80bbf49ea2434cb332110ef028ed45f6bc952e91020a079f47fe7e50d.png,.png,image,uncategorized_image,working_candidate,sources/draw/10_working/candidates/3/3_candidate_017.png,1,10_working,3_candidate_017.png,0,0,,base_source_evidence_only,pending_verification,pending_review,not_admitted,base_reference_only_pending_promotion,Retained as source/reference; not admitted to runtime.
BDD834DB4C9423E7522A82D2D3EE0E2F4EAAD58B54BB6F4A39AC58E7C519714D,sources/base/美术素材/blobs/bd/bdd834db4c9423e7522a82d2d3ee0e2f4eaad58b54bb6f4a39ac58e7c519714d.png,.png,image,actor_animation_source,game_ready_source;processed_source;source_reference,sources/draw/20_processed/characters/mao/frames/11_right_walk_2.png,3,20_processed;30_game_ready;art_other,11_right_walk_2.png,7,0,,base_source_evidence_only,pending_verification,pending_review,not_admitted,base_reference_only_pending_promotion,Retained as source/reference; not admitted to runtime.
BE14C9E45FC1B65B16D1C768C57F6A8FA90FE07EC726599D1C5E69442DC77F3E,sources/base/美术素材/blobs/be/be14c9e45fc1b65b16d1c768c57f6a8fa90fe07ec726599d1c5e69442dc77f3e.png,.png,image,source_composite,working_candidate,sources/draw/10_working/candidates/Zuhe/Zuhe_candidate_013.png,1,10_working,Zuhe_candidate_013.png,0,0,,base_source_evidence_only,pending_verification,pending_review,not_admitted,base_reference_only_pending_promotion,Retained as source/reference; not admitted to runtime.
BE3B4733049F501E709E0DC508D687359150FF7E2D4BA730937DA3F05B76290A,sources/base/美术素材/blobs/be/be3b4733049f501e709e0dc508d687359150ff7e2d4ba730937da3f05b76290a.png,.png,image,actor_animation_source,game_ready_source;processed_source;source_reference,sources/draw/20_processed/characters/mao/frames/06_left_walk_1.png,3,20_processed;30_game_ready;art_other,06_left_walk_1.png,7,0,,base_source_evidence_only,pending_verification,pending_review,not_admitted,base_reference_only_pending_promotion,Retained as source/reference; not admitted to runtime.
BE546A2106994AF26E2D8DA9E4D232AD76E5FC647DA7F34A53FF366D797A4243,sources/base/美术素材/blobs/be/be546a2106994af26e2d8da9e4d232ad76e5fc647da7f34a53ff366d797a4243.png,.png,image,actor_animation_source,game_ready_source;processed_source;source_reference,sources/draw/20_processed/characters/huli/frames/00_front_idle.png,3,20_processed;30_game_ready;art_other,00_front_idle.png,7,0,,base_source_evidence_only,pending_verification,pending_review,not_admitted,base_reference_only_pending_promotion,Retained as source/reference; not admitted to runtime.
BE63E52ED0F7F4E3024886FFB072F527BAE612A93933AB9C8AEDC531138DDF86,sources/base/美术素材/blobs/be/be63e52ed0f7f4e3024886ffb072f527bae612a93933ab9c8aedc531138ddf86.png,.png,image,source_composite,working_candidate,sources/draw/10_working/candidates/Zuhe2/Zuhe2_candidate_115.png,1,10_working,Zuhe2_candidate_115.png,0,0,,base_source_evidence_only,pending_verification,pending_review,not_admitted,base_reference_only_pending_promotion,Retained as source/reference; not admitted to runtime.
BE9ACAFF54AFE10468BC773F339B55745661553A1AF1D1D4DDDA4BD7AA3496E2,sources/base/美术素材/blobs/be/be9acaff54afe10468bc773f339b55745661553a1af1d1d4ddda4bd7aa3496e2.png,.png,image,ui_component,stage_evidence,sources/art/ART-21R2/03_cut_output/modal_sections/ui_art21r2_modal_section_panel.png,1,stage_output,ui_art21r2_modal_section_panel.png,0,1,res://assets/ui/art21r2/modal/ui_art21r2_modal_section_panel.png,base_source_evidence_only,pending_verification,pending_review,not_admitted,runtime_crosswalk_required,Exact runtime bytes exist; authority is decided per runtime row.
BEACEB170EB148D76470E4D8049847C4FE8288732A336FF85F8F15C10A09EC3C,sources/base/美术素材/blobs/be/beaceb170eb148d76470e4d8049847c4fe8288732a336ff85f8f15c10a09ec3c.png,.png,image,uncategorized_image,working_candidate,sources/draw/10_working/candidates/2/2_candidate_058.png,1,10_working,2_candidate_058.png,0,0,,base_source_evidence_only,pending_verification,pending_review,not_admitted,base_reference_only_pending_promotion,Retained as source/reference; not admitted to runtime.
BECCDDAEC80782F80A462609A4666C44C66D0ED37150CC35C282A959DE13812A,sources/base/美术素材/blobs/be/beccddaec80782f80a462609a4666c44c66d0ed37150cc35c282a959de13812a.png,.png,image,actor_animation_source,stage_evidence,sources/art/ART-21R2/03_cut_output/run_hud/ui_art21r2_run_left_info_rail_frame.png,1,stage_output,ui_art21r2_run_left_info_rail_frame.png,0,1,res://assets/ui/art21r2/run_hud/ui_art21r2_run_left_info_rail_frame.png,base_source_evidence_only,pending_verification,pending_review,not_admitted,runtime_crosswalk_required,Exact runtime bytes exist; authority is decided per runtime row.
BED072F7AFDAB54EDB948F861BD0313A1D7CDAA34C0DED887E6E5CE23DD801ED,sources/base/美术素材/blobs/be/bed072f7afdab54edb948f861bd0313a1d7cdaa34c0ded887e6e5ce23dd801ed.png,.png,image,source_composite,working_candidate,sources/draw/10_working/candidates/1/1_candidate_052.png,1,10_working,1_candidate_052.png,0,0,,base_source_evidence_only,pending_verification,pending_review,not_admitted,base_reference_only_pending_promotion,Retained as source/reference; not admitted to runtime.
BFA0E7155CB95526F3BFC41E3CED30A35F442B26AA765770626848EE9B9BBEAC,sources/base/美术素材/blobs/bf/bfa0e7155cb95526f3bfc41e3ced30a35f442b26aa765770626848ee9b9bbeac.png,.png,image,deploy,stage_evidence,sources/art/ART-20/03_cut_output/deploy_prep/deploy_equipment_slot/deploy_equipment_slot_item_equipment_goggles.png,1,stage_output,deploy_equipment_slot_item_equipment_goggles.png,0,1,res://assets/ui/art20/deploy/icons/deploy_equipment_slot_item_equipment_goggles.png,base_source_evidence_only,pending_verification,pending_review,not_admitted,runtime_crosswalk_required,Exact runtime bytes exist; authority is decided per runtime row.
C04F6DC32F5D27D9A51268BA82A806D16C40B4AB43392680C61AD38136FE6652,sources/base/美术素材/blobs/c0/c04f6dc32f5d27d9a51268ba82a806d16c40b4ab43392680c61ad38136fe6652.png,.png,image,uncategorized_image,processed_source,sources/draw/20_processed/icons/raw/01_weizhi_ge.png,1,20_processed,01_weizhi_ge.png,2,0,,base_source_evidence_only,pending_verification,pending_review,not_admitted,base_reference_only_pending_promotion,Retained as source/reference; not admitted to runtime.
C094CA7A716529AB7F61E07120E6088516126CF9F1D43461D717214F375F8A97,sources/base/美术素材/blobs/c0/c094ca7a716529ab7f61e07120e6088516126cf9f1d43461d717214f375f8a97.png,.png,image,source_composite,working_candidate,sources/draw/10_working/candidates/Zujian2/Zujian2_candidate_006.png,1,10_working,Zujian2_candidate_006.png,0,0,,base_source_evidence_only,pending_verification,pending_review,not_admitted,base_reference_only_pending_promotion,Retained as source/reference; not admitted to runtime.
C0D8D3D0FF113FEDF8488D2A0169E8092FBD2201CB578880664BB39C6FD322D4,sources/base/美术素材/blobs/c0/c0d8d3d0ff113fedf8488d2a0169e8092fbd2201cb578880664bb39c6fd322d4.csv,.csv,table,source_registry,stage_evidence,sources/art/ART-21R2/_manifest/modal_control_cut_manifest.csv,1,stage_output,modal_control_cut_manifest.csv,0,0,,base_source_evidence_only,pending_verification,pending_review,not_admitted,source_support_not_runtime_art,"Registry, metadata, document, or other support object."
C189069D2D82119ACF6E9A03E6BF77AB9657018F34801F283917521F3E224A2C,sources/base/美术素材/blobs/c1/c189069d2d82119acf6e9a03e6bf77ab9657018f34801f283917521f3e224a2c.png,.png,image,reference_capture,packaged_base_input;visual_target,sources/art/Base/主菜单示例.png,2,08_visual_targets;Base,主菜单示例.png,0,0,,base_source_evidence_only,pending_verification,pending_review,not_admitted,base_reference_only_pending_promotion,Retained as source/reference; not admitted to runtime.
C20FA50A3102D151134A291AFA6744DE8913D911ED0B92B41DCD2955F68B8C9E,sources/base/美术素材/blobs/c2/c20fa50a3102d151134a291afa6744de8913d911ed0b92b41dcd2955f68b8c9e.png,.png,image,source_composite,working_candidate,sources/draw/10_working/candidates/3/3_candidate_076.png,1,10_working,3_candidate_076.png,0,0,,base_source_evidence_only,pending_verification,pending_review,not_admitted,base_reference_only_pending_promotion,Retained as source/reference; not admitted to runtime.
C231D9A7ADBCBF22AAF3597AD5C1DFCED6735445C0C4E2C85C89D407F8F05588,sources/base/美术素材/blobs/c2/c231d9a7adbcbf22aaf3597ad5c1dfced6735445c0c4e2c85c89d407f8f05588.png,.png,image,uncategorized_image,working_candidate,sources/draw/10_working/candidates/5/5_candidate_017.png,1,10_working,5_candidate_017.png,0,0,,base_source_evidence_only,pending_verification,pending_review,not_admitted,base_reference_only_pending_promotion,Retained as source/reference; not admitted to runtime.
C2533C549890F3C8DB18D9E88DDC54A767522A882D102046391E6E1755410804,sources/base/美术素材/blobs/c2/c2533c549890f3c8db18d9e88ddc54a767522a882d102046391e6e1755410804.png,.png,image,source_composite,working_candidate,sources/draw/10_working/candidates/Zuhe2/Zuhe2_candidate_042.png,1,10_working,Zuhe2_candidate_042.png,0,0,,base_source_evidence_only,pending_verification,pending_review,not_admitted,base_reference_only_pending_promotion,Retained as source/reference; not admitted to runtime.
C2A2B6F56FFFF9EF16808C39D7FB1BC5B8588CDE4E1042B020E80CE001CCA9C2,sources/base/美术素材/blobs/c2/c2a2b6f56ffff9ef16808c39d7fb1bc5b8588cde4e1042b020e80ce001cca9c2.png,.png,image,uncategorized_image,working_candidate,sources/draw/10_working/candidates/3/3_candidate_048.png,1,10_working,3_candidate_048.png,0,0,,base_source_evidence_only,pending_verification,pending_review,not_admitted,base_reference_only_pending_promotion,Retained as source/reference; not admitted to runtime.
C2B76F738E393E6F6257F5D379F1093F42D950562A433E42BDAB1B3903C54124,sources/base/美术素材/blobs/c2/c2b76f738e393e6f6257f5d379f1093f42d950562a433e42bdab1b3903c54124.png,.png,image,iconography,game_ready_source,sources/draw/30_game_ready/icons/32/06_guaiwu_icon.png,1,30_game_ready,06_guaiwu_icon.png,2,1,res://assets/ui/minimap/monster_icon.png,base_source_evidence_only,pending_verification,pending_review,not_admitted,runtime_crosswalk_required,Exact runtime bytes exist; authority is decided per runtime row.
C2BE38C413597B60F5A9636A58FD47C6A1E61F66A5CEAE1FFB225EF173E27124,sources/base/美术素材/blobs/c2/c2be38c413597b60f5a9636a58fd47c6a1e61f66a5ceae1ffb225ef173e27124.png,.png,image,item,processed_source,sources/draw/20_processed/item_consumable/item_consumable_first_aid_box.png,1,20_processed,item_consumable_first_aid_box.png,0,0,,base_source_evidence_only,pending_verification,pending_review,not_admitted,base_reference_only_pending_promotion,Retained as source/reference; not admitted to runtime.
C2C20ED8E4F3FDAFAEB94C64CBBFBD422ABF47C52A315F1914D94CA4E10FF8D6,sources/base/美术素材/blobs/c2/c2c20ed8e4f3fdafaeb94c64cbbfbd422abf47c52a315f1914d94ca4e10ff8d6.png,.png,image,source_composite,working_candidate,sources/draw/10_working/candidates/5/5_candidate_013.png,1,10_working,5_candidate_013.png,0,0,,base_source_evidence_only,pending_verification,pending_review,not_admitted,base_reference_only_pending_promotion,Retained as source/reference; not admitted to runtime.
C33FEE068756233724BD51CEBF346ACA3A5FA1C864A6946A695688D49109E93F,sources/base/美术素材/blobs/c3/c33fee068756233724bd51cebf346aca3a5fa1c864a6946a695688d49109e93f.png,.png,image,ui_component,stage_evidence,sources/art/ART-21/03_cut_output/shared/panels/ui_art21_shared_panel_card_normal.png,2,stage_output,ui_art21_shared_panel_card_normal.png,0,1,res://assets/ui/art21/shared/panels/ui_art21_shared_panel_card_normal.png,base_source_evidence_only,pending_verification,pending_review,not_admitted,runtime_crosswalk_required,Exact runtime bytes exist; authority is decided per runtime row.
C38DD962BE94F967DB703F8CF59DB9A18C44CF21FE6BC256529AB75D3A236757,sources/base/美术素材/blobs/c3/c38dd962be94f967db703f8cf59db9a18c44cf21fe6bc256529ab75d3a236757.png,.png,image,actor_animation_source,game_ready_source;processed_source;source_reference,sources/draw/20_processed/characters/huli/frames/09_back_walk_2.png,3,20_processed;30_game_ready;art_other,09_back_walk_2.png,7,0,,base_source_evidence_only,pending_verification,pending_review,not_admitted,base_reference_only_pending_promotion,Retained as source/reference; not admitted to runtime.
C3AF20EA690F9FFA87C457B4CBBC5F7A38219C4B34F2B8F816E3C7D90012681B,sources/base/美术素材/blobs/c3/c3af20ea690f9ffa87c457b4cbbc5f7a38219c4b34f2b8f816e3c7d90012681b.png,.png,image,uncategorized_image,working_candidate,sources/draw/10_working/candidates/5/5_candidate_019.png,1,10_working,5_candidate_019.png,0,0,,base_source_evidence_only,pending_verification,pending_review,not_admitted,base_reference_only_pending_promotion,Retained as source/reference; not admitted to runtime.
C4238CBBC134E7BF342C72073D1A4893C8C1F8C5D7A47F87615BD8E55B87C114,sources/base/美术素材/blobs/c4/c4238cbbc134e7bf342c72073d1a4893c8c1f8c5d7a47f87615bd8e55b87c114.png,.png,image,uncategorized_image,working_candidate,sources/draw/10_working/candidates/4/4_candidate_007.png,1,10_working,4_candidate_007.png,0,0,,base_source_evidence_only,pending_verification,pending_review,not_admitted,base_reference_only_pending_promotion,Retained as source/reference; not admitted to runtime.
C4A2CCB3C7525CEE4F9117891FEBBD3546302CE11ABD9C6F9154D6E39BA55766,sources/base/美术素材/blobs/c4/c4a2ccb3c7525cee4f9117891febbd3546302ce11abd9c6f9154d6e39ba55766.png,.png,image,ui_component,processed_source,sources/draw/20_processed/ui/raw/zuoce_mianban.png,1,20_processed,zuoce_mianban.png,0,2,res://assets/art24/ui/ue/ui_panel_left.png;res://assets/ui/hud/panel_left.png,base_source_evidence_only,pending_verification,pending_review,not_admitted,runtime_crosswalk_required,Exact runtime bytes exist; authority is decided per runtime row.
C50C9C9B808BFE133259FE7ABEC56661334D5C34F9CCE879322E2FC4DCE7B9E0,sources/base/美术素材/blobs/c5/c50c9c9b808bfe133259fe7abec56661334d5c34f9cce879322e2fc4dce7b9e0.png,.png,image,reference_capture,packaged_base_input;visual_target,sources/art/Base/6.17问题2.png,2,08_visual_targets;Base,6.17问题2.png,0,0,,base_source_evidence_only,pending_verification,pending_review,not_admitted,base_reference_only_pending_promotion,Retained as source/reference; not admitted to runtime.
C54CAFAD213C02F38073ADD7DA670800749682593FC38A841B0EB60DE91CAAAC,sources/base/美术素材/blobs/c5/c54cafad213c02f38073add7da670800749682593fc38a841b0eb60de91caaac.png,.png,image,ui_component,stage_evidence,sources/art/ART-21R2/03_cut_output/modal_sections/ui_art21r2_modal_title_plate.png,2,stage_output,ui_art21r2_modal_action_strip.png;ui_art21r2_modal_title_plate.png,0,2,res://assets/ui/art21r2/modal/ui_art21r2_modal_action_strip.png;res://assets/ui/art21r2/modal/ui_art21r2_modal_title_plate.png,base_source_evidence_only,pending_verification,pending_review,not_admitted,runtime_crosswalk_required,Exact runtime bytes exist; authority is decided per runtime row.
C56439C50939A6DCF760FB68A0578AF746333275009549F18F3E6431BB5F3F2B,sources/base/美术素材/blobs/c5/c56439c50939a6dcf760fb68a0578af746333275009549f18f3e6431bb5f3f2b.png,.png,image,uncategorized_image,working_candidate,sources/draw/10_working/candidates/4/4_candidate_018.png,1,10_working,4_candidate_018.png,0,0,,base_source_evidence_only,pending_verification,pending_review,not_admitted,base_reference_only_pending_promotion,Retained as source/reference; not admitted to runtime.
C57FECF577F62CD505AD48BB7A677AACBB0CE1C276479DA7C79F73DF5D260BD8,sources/base/美术素材/blobs/c5/c57fecf577f62cd505ad48bb7a677aacbb0ce1c276479da7c79f73df5d260bd8.png,.png,image,source_composite,working_candidate,sources/draw/10_working/candidates/Zuhe/Zuhe_candidate_040.png,1,10_working,Zuhe_candidate_040.png,0,0,,base_source_evidence_only,pending_verification,pending_review,not_admitted,base_reference_only_pending_promotion,Retained as source/reference; not admitted to runtime.
C6A8B65ADAF8AFAE7FF3A7EB963201A7A1C11E81E95B1890BF7DF808F8AB17AE,sources/base/美术素材/blobs/c6/c6a8b65adaf8afae7ff3a7eb963201a7a1c11e81e95b1890bf7df808f8ab17ae.png,.png,image,source_composite,working_candidate,sources/draw/10_working/candidates/Zuhe2/Zuhe2_candidate_067.png,1,10_working,Zuhe2_candidate_067.png,0,0,,base_source_evidence_only,pending_verification,pending_review,not_admitted,base_reference_only_pending_promotion,Retained as source/reference; not admitted to runtime.
C6B5671BC7BA190A09C08CA7215C4C3B75D61710CAE80856E081F8183E9DD048,sources/base/美术素材/blobs/c6/c6b5671bc7ba190a09c08ca7215c4c3b75d61710cae80856e081f8183e9dd048.png,.png,image,source_composite,working_candidate,sources/draw/10_working/candidates/Zuhe2/Zuhe2_candidate_113.png,1,10_working,Zuhe2_candidate_113.png,0,0,,base_source_evidence_only,pending_verification,pending_review,not_admitted,base_reference_only_pending_promotion,Retained as source/reference; not admitted to runtime.
C6BD4F2FA88E6AD125AA59F7E580668E839AACBC077DB631D6C5565985F2479E,sources/base/美术素材/blobs/c6/c6bd4f2fa88e6ad125aa59f7e580668e839aacbc077db631d6c5565985f2479e.png,.png,image,source_composite,working_candidate,sources/draw/10_working/candidates/3/3_candidate_026.png,1,10_working,3_candidate_026.png,0,0,,base_source_evidence_only,pending_verification,pending_review,not_admitted,base_reference_only_pending_promotion,Retained as source/reference; not admitted to runtime.
C71E7D5CB3495E2BCDE292509F1A47060C786A58C0F3AF15EE98665545FA32CA,sources/base/美术素材/blobs/c7/c71e7d5cb3495e2bcde292509f1a47060c786a58c0f3af15ee98665545fa32ca.png,.png,image,actor_animation_source,source_reference,sources/draw/processed/Huanxionggai/02_left_idle.png,1,draw_other,02_left_idle.png,7,1,res://assets/player/player_idle_left.png,base_source_evidence_only,pending_verification,pending_review,not_admitted,runtime_crosswalk_required,Exact runtime bytes exist; authority is decided per runtime row.
C747C8268405914D09E3049F67F31C23DA89BA49F6E20102119CCEFA52751199,sources/base/美术素材/blobs/c7/c747c8268405914d09e3049f67f31c23da89ba49f6e20102119ccefa52751199.png,.png,image,item,stage_evidence,sources/art/ART-21/03_cut_output/inventory/ui_art21_inventory_panel_frame.png,2,stage_output,ui_art21_inventory_panel_frame.png,0,1,res://assets/ui/art21/inventory/ui_art21_inventory_panel_frame.png,base_source_evidence_only,pending_verification,pending_review,not_admitted,runtime_crosswalk_required,Exact runtime bytes exist; authority is decided per runtime row.
C7666055A1A3AA17A94671BF9E1F5C3EE929EFE6548FA0F83C93FC08B87FC6C4,sources/base/美术素材/blobs/c7/c7666055a1a3aa17a94671bf9e1f5c3ee929efe6548fa0f83c93fc08b87fc6c4.png,.png,image,source_composite,working_candidate,sources/draw/10_working/candidates/4/4_candidate_024.png,1,10_working,4_candidate_024.png,0,0,,base_source_evidence_only,pending_verification,pending_review,not_admitted,base_reference_only_pending_promotion,Retained as source/reference; not admitted to runtime.
C77D134EB35289CED75E0F14FB997C7005A1ADF005DA75E6E141A68C39937F79,sources/base/美术素材/blobs/c7/c77d134eb35289ced75e0f14fb997c7005a1adf005da75e6e141a68c39937f79.png,.png,image,map,game_ready_source;processed_source;runtime_candidate;selected_source,sources/draw/20_processed/map_tile_icon/map_tile_scanned.png,4,03_selected;05_export_runtime_candidates;20_processed;30_game_ready,map_tile_scanned.png,0,0,,base_source_evidence_only,pending_verification,pending_review,not_admitted,base_reference_only_pending_promotion,Retained as source/reference; not admitted to runtime.
C845DA278644AE4B5B7FA2F9C9BB07324D1A666F79720FEB7C88F2F443C6281F,sources/base/美术素材/blobs/c8/c845da278644ae4b5b7fa2f9c9bb07324d1a666f79720feb7c88f2f443c6281f.png,.png,image,source_composite,working_candidate,sources/draw/10_working/candidates/3/3_candidate_035.png,1,10_working,3_candidate_035.png,0,0,,base_source_evidence_only,pending_verification,pending_review,not_admitted,base_reference_only_pending_promotion,Retained as source/reference; not admitted to runtime.
C8A42193140883C567C2725C4AB92BFFDA8F16FF655EE78C65FB4060A4A6454D,sources/base/美术素材/blobs/c8/c8a42193140883c567c2725c4ab92bffda8f16ff655ee78c65fb4060a4a6454d.png,.png,image,uncategorized_image,working_candidate,sources/draw/10_working/candidates/2/2_candidate_039.png,1,10_working,2_candidate_039.png,0,0,,base_source_evidence_only,pending_verification,pending_review,not_admitted,base_reference_only_pending_promotion,Retained as source/reference; not admitted to runtime.
C8AD853CA62A622CEE0A51CE7E9E3B15FA3EBA66CEF6331B1504A93D9895AAE5,sources/base/美术素材/blobs/c8/c8ad853ca62a622cee0a51ce7e9e3b15fa3eba66cef6331b1504a93d9895aae5.png,.png,image,actor_animation_source,stage_evidence,sources/art/ART-21R2/03_cut_output/run_hud/ui_art21r2_run_bottom_overlay_frame.png,1,stage_output,ui_art21r2_run_bottom_overlay_frame.png,0,1,res://assets/ui/art21r2/run_hud/ui_art21r2_run_bottom_overlay_frame.png,base_source_evidence_only,pending_verification,pending_review,not_admitted,runtime_crosswalk_required,Exact runtime bytes exist; authority is decided per runtime row.
C8F3DF41AEE9EF6AC63BB8DD126A582227FA465FAF0E6618008A1A4FF88C1E87,sources/base/美术素材/blobs/c8/c8f3df41aee9ef6ac63bb8dd126a582227fa465faf0e6618008a1a4ff88c1e87.png,.png,image,actor_animation_source,source_reference,sources/draw/processed/Huanxionggai/06_left_walk_1.png,1,draw_other,06_left_walk_1.png,7,0,,base_source_evidence_only,pending_verification,pending_review,not_admitted,base_reference_only_pending_promotion,Retained as source/reference; not admitted to runtime.
C91EEB29B32CD88D723B367185067615129CFF8E2CDBB7253897B840CFD6B2CD,sources/base/美术素材/blobs/c9/c91eeb29b32cd88d723b367185067615129cff8e2cdbb7253897b840cfd6b2cd.png,.png,image,uncategorized_image,working_candidate,sources/draw/10_working/candidates/5/5_candidate_009.png,1,10_working,5_candidate_009.png,0,0,,base_source_evidence_only,pending_verification,pending_review,not_admitted,base_reference_only_pending_promotion,Retained as source/reference; not admitted to runtime.
C9272547D89FEC428921866B461C67EADAEC5994EA7558140FF6FAD06DFC9411,sources/base/美术素材/blobs/c9/c9272547d89fec428921866b461c67eadaec5994ea7558140ff6fad06dfc9411.png,.png,image,uncategorized_image,working_candidate,sources/draw/10_working/candidates/4/4_candidate_009.png,1,10_working,4_candidate_009.png,0,0,,base_source_evidence_only,pending_verification,pending_review,not_admitted,base_reference_only_pending_promotion,Retained as source/reference; not admitted to runtime.
C971F77372F3BB6019D120CB52361663D29B6000BB879E1C955DDC8AF5639338,sources/base/美术素材/blobs/c9/c971f77372f3bb6019d120cb52361663d29b6000bb879e1c955ddc8af5639338.png,.png,image,ui_component,processed_source,sources/draw/20_processed/ui_status_tag/ui_tag_available_points.png,1,20_processed,ui_tag_available_points.png,0,0,,base_source_evidence_only,pending_verification,pending_review,not_admitted,base_reference_only_pending_promotion,Retained as source/reference; not admitted to runtime.
C9A380E6B158BE10C5E0020790C60B91D75BD537E55EEB21E60EA035CFF7FCED,sources/base/美术素材/blobs/c9/c9a380e6b158be10c5e0020790c60b91d75bd537e55eeb21e60ea035cff7fced.csv,.csv,table,source_registry,stage_evidence,sources/art/ART-21R2/_manifest/modal_cut_dry_run_plan.csv,1,stage_output,modal_cut_dry_run_plan.csv,0,0,,base_source_evidence_only,pending_verification,pending_review,not_admitted,source_support_not_runtime_art,"Registry, metadata, document, or other support object."
CA08B11B5A03D8F5F7AD54F7A8656408D0ED01EC124BC73564150FF2DB9B60C7,sources/base/美术素材/blobs/ca/ca08b11b5a03d8f5f7ad54f7a8656408d0ed01ec124bc73564150ff2db9b60c7.png,.png,image,reference_capture,stage_evidence,sources/art/ART-13/屏幕截图 2026-06-28 192314.png,1,stage_output,屏幕截图 2026-06-28 192314.png,0,0,,base_source_evidence_only,pending_verification,pending_review,not_admitted,base_reference_only_pending_promotion,Retained as source/reference; not admitted to runtime.
CA165ECA9AA86F265CE51EA6DD6FC7432D347921DF863CE112D565C6697FCB68,sources/base/美术素材/blobs/ca/ca165eca9aa86f265ce51ea6dd6fc7432d347921df863ce112d565c6697fcb68.png,.png,image,source_composite,working_candidate,sources/draw/10_working/candidates/1/1_candidate_001.png,1,10_working,1_candidate_001.png,0,0,,base_source_evidence_only,pending_verification,pending_review,not_admitted,base_reference_only_pending_promotion,Retained as source/reference; not admitted to runtime.
CAAE0E13F8061F5C365768D74E6241578D78210EF49B7E304BD0A7841A5FAA00,sources/base/美术素材/blobs/ca/caae0e13f8061f5c365768d74e6241578d78210ef49b7e304bd0a7841a5faa00.png,.png,image,source_composite,working_candidate,sources/draw/10_working/candidates/3/3_candidate_095.png,1,10_working,3_candidate_095.png,0,0,,base_source_evidence_only,pending_verification,pending_review,not_admitted,base_reference_only_pending_promotion,Retained as source/reference; not admitted to runtime.
CABE2EA4EDD7453B3BFA1D0DC6C98E135E0A907E62C0F09F05EF2BB75EF4B7E8,sources/base/美术素材/blobs/ca/cabe2ea4edd7453b3bfa1d0dc6c98e135e0a907e62c0f09f05ef2bb75ef4b7e8.png,.png,image,source_composite,working_candidate,sources/draw/10_working/candidates/Zujian1/Zujian1_candidate_009.png,1,10_working,Zujian1_candidate_009.png,0,0,,base_source_evidence_only,pending_verification,pending_review,not_admitted,base_reference_only_pending_promotion,Retained as source/reference; not admitted to runtime.
CAC3DB3B8131F3FB5D2CBCC726D3BC39AECC9CBF9932506E32B47C7C2616AFFD,sources/base/美术素材/blobs/ca/cac3db3b8131f3fb5d2cbcc726d3bc39aecc9cbf9932506e32b47c7c2616affd.png,.png,image,source_composite,working_candidate,sources/draw/10_working/candidates/3/3_candidate_023.png,1,10_working,3_candidate_023.png,0,0,,base_source_evidence_only,pending_verification,pending_review,not_admitted,base_reference_only_pending_promotion,Retained as source/reference; not admitted to runtime.
CAC75BF317CE574CF66DA3C7F79DD4D90944B38A1EE5BDAAD7FC5392E63314BF,sources/base/美术素材/blobs/ca/cac75bf317ce574cf66da3c7f79dd4d90944b38a1ee5bdaad7fc5392e63314bf.png,.png,image,actor_animation_source,source_reference;working_candidate,sources/draw/Huanxionggai.png,2,10_working;draw_root,Huanxionggai.png,0,0,,base_source_evidence_only,pending_verification,pending_review,not_admitted,base_reference_only_pending_promotion,Retained as source/reference; not admitted to runtime.
CAC80F838C3DD85E827F4C6E83956F650B521DFE8F16B402EC856B52654B3F2A,sources/base/美术素材/blobs/ca/cac80f838c3dd85e827f4c6e83956f650b521dfe8f16b402ec856b52654b3f2a.png,.png,image,deploy,processed_source,sources/draw/20_processed/ui_deploy_icon/ui_icon_scan.png,1,20_processed,ui_icon_scan.png,0,0,,base_source_evidence_only,pending_verification,pending_review,not_admitted,base_reference_only_pending_promotion,Retained as source/reference; not admitted to runtime.
CB5513B7F2EA2720220389691AEC167DAD13105789D34164483A11F528EEBD37,sources/base/美术素材/blobs/cb/cb5513b7f2ea2720220389691aec167dad13105789d34164483a11f528eebd37.png,.png,image,source_composite,working_candidate,sources/draw/10_working/candidates/Zujian3/Zujian3_candidate_010.png,1,10_working,Zujian3_candidate_010.png,0,0,,base_source_evidence_only,pending_verification,pending_review,not_admitted,base_reference_only_pending_promotion,Retained as source/reference; not admitted to runtime.
CCB99908443F06E0B36E8D9D8CD90ADA52196BDEF87B7FF1596697F37F5D6DF1,sources/base/美术素材/blobs/cc/ccb99908443f06e0b36e8d9d8cd90ada52196bdef87b7ff1596697f37f5d6df1.png,.png,image,actor_animation_source,game_ready_source;processed_source;source_reference,sources/draw/20_processed/characters/huanxiong/frames/11_right_walk_2.png,3,20_processed;30_game_ready;art_other,11_right_walk_2.png,7,0,,base_source_evidence_only,pending_verification,pending_review,not_admitted,base_reference_only_pending_promotion,Retained as source/reference; not admitted to runtime.
CD3D73D135C029B0D1798FE796006B1ECDC93A3568269C752B1B24C5CF670033,sources/base/美术素材/blobs/cd/cd3d73d135c029b0d1798fe796006b1ecdc93a3568269c752b1b24c5cf670033.png,.png,image,source_composite,working_candidate,sources/draw/10_working/candidates/4/4_candidate_023.png,1,10_working,4_candidate_023.png,0,0,,base_source_evidence_only,pending_verification,pending_review,not_admitted,base_reference_only_pending_promotion,Retained as source/reference; not admitted to runtime.
CD9833E3D9714E509DC19BA4ED23891EE66FB5171EE133E82D201A0413DBA5B6,sources/base/美术素材/blobs/cd/cd9833e3d9714e509dc19ba4ed23891ee66fb5171ee133e82d201a0413dba5b6.png,.png,image,uncategorized_image,processed_source,sources/draw/20_processed/icons/raw/04_biaoji_qi.png,1,20_processed,04_biaoji_qi.png,2,0,,base_source_evidence_only,pending_verification,pending_review,not_admitted,base_reference_only_pending_promotion,Retained as source/reference; not admitted to runtime.
CDD7ACFA9E0998BBAA7DEFF928AFDBEEB50725408B1C05A8237880A5126F524A,sources/base/美术素材/blobs/cd/cdd7acfa9e0998bbaa7deff928afdbeeb50725408b1c05a8237880a5126f524a.png,.png,image,source_composite,working_candidate,sources/draw/10_working/candidates/Zuhe/Zuhe_candidate_023.png,1,10_working,Zuhe_candidate_023.png,0,0,,base_source_evidence_only,pending_verification,pending_review,not_admitted,base_reference_only_pending_promotion,Retained as source/reference; not admitted to runtime.
CDF41E9D8C417F2920EFDEC45ED8850A2310364FD5A46BD68A5F52AABBEAF35F,sources/base/美术素材/blobs/cd/cdf41e9d8c417f2920efdec45ed8850a2310364fd5a46bd68a5f52aabbeaf35f.png,.png,image,actor_animation_source,game_ready_source;processed_source;source_reference,sources/draw/20_processed/characters/tuzi/frames/10_left_walk_2.png,3,20_processed;30_game_ready;art_other,10_left_walk_2.png,7,0,,base_source_evidence_only,pending_verification,pending_review,not_admitted,base_reference_only_pending_promotion,Retained as source/reference; not admitted to runtime.
CE77D7023003872BC3F91797881E98C1657C0976905ACC2DA87D662DA9E64BA2,sources/base/美术素材/blobs/ce/ce77d7023003872bc3f91797881e98c1657c0976905acc2da87d662da9e64ba2.png,.png,image,source_composite,working_candidate,sources/draw/10_working/candidates/5/5_candidate_062.png,1,10_working,5_candidate_062.png,0,0,,base_source_evidence_only,pending_verification,pending_review,not_admitted,base_reference_only_pending_promotion,Retained as source/reference; not admitted to runtime.
CE96415F7471BD58BA6DB4459854A6FBDF9F9786CD3DCF4F6CBCE5EB7F4C4831,sources/base/美术素材/blobs/ce/ce96415f7471bd58ba6db4459854a6fbdf9f9786cd3dcf4f6cbce5eb7f4c4831.png,.png,image,source_composite,working_candidate,sources/draw/10_working/candidates/4/4_candidate_035.png,1,10_working,4_candidate_035.png,0,0,,base_source_evidence_only,pending_verification,pending_review,not_admitted,base_reference_only_pending_promotion,Retained as source/reference; not admitted to runtime.
CF03AA66D231C8F2FE4162D4DE8D3119DC9AB23CE8E6A8CE61DFEECBC3CF0E6F,sources/base/美术素材/blobs/cf/cf03aa66d231c8f2fe4162d4de8d3119dc9ab23ce8e6a8ce61dfeecbc3cf0e6f.png,.png,image,debug_artifact,working_candidate,sources/draw/10_working/candidates/5/debug_detected_boxes.png,1,10_working,debug_detected_boxes.png,12,0,,base_source_evidence_only,pending_verification,pending_review,not_admitted,base_reference_only_pending_promotion,Retained as source/reference; not admitted to runtime.
CF195F877FBDBE2FE585028A282453022011938F5A6C8E5C5785CEE53C9BB2FC,sources/base/美术素材/blobs/cf/cf195f877fbdbe2fe585028a282453022011938f5a6c8e5c5785cee53c9bb2fc.png,.png,image,source_composite,working_candidate,sources/draw/10_working/candidates/Zuhe/Zuhe_candidate_042.png,1,10_working,Zuhe_candidate_042.png,0,0,,base_source_evidence_only,pending_verification,pending_review,not_admitted,base_reference_only_pending_promotion,Retained as source/reference; not admitted to runtime.
CFA8A370608EFB8C9BCCB747F143D06C45ECF19BC67AFB5A76E2F303047F3810,sources/base/美术素材/blobs/cf/cfa8a370608efb8c9bccb747f143d06c45ecf19bc67afb5a76e2f303047f3810.png,.png,image,world_prop,game_ready_source;runtime_candidate;selected_source,sources/draw/30_game_ready/props/08_saomiaoyi.png,3,03_selected;05_export_runtime_candidates;30_game_ready,08_saomiaoyi.png,1,1,res://assets/props/art07/08_saomiaoyi.png,base_source_evidence_only,pending_verification,pending_review,not_admitted,runtime_crosswalk_required,Exact runtime bytes exist; authority is decided per runtime row.
CFDBA0566141A41FBC14F01907CF097C817E3C3BA601CC8C93AC247C068C0814,sources/base/美术素材/blobs/cf/cfdba0566141a41fbc14f01907cf097c817e3c3ba601cc8c93ac247c068c0814.png,.png,image,uncategorized_image,working_candidate,sources/draw/10_working/candidates/3/3_candidate_089.png,1,10_working,3_candidate_089.png,0,0,,base_source_evidence_only,pending_verification,pending_review,not_admitted,base_reference_only_pending_promotion,Retained as source/reference; not admitted to runtime.
D0058644FF10AA8A7746D3C2508D88196EBC09462C2F70A00DD28A76B722296F,sources/base/美术素材/blobs/d0/d0058644ff10aa8a7746d3c2508d88196ebc09462c2f70a00dd28a76b722296f.png,.png,image,source_composite,working_candidate,sources/draw/10_working/candidates/Zuhe2/Zuhe2_candidate_081.png,1,10_working,Zuhe2_candidate_081.png,0,0,,base_source_evidence_only,pending_verification,pending_review,not_admitted,base_reference_only_pending_promotion,Retained as source/reference; not admitted to runtime.
D0A412BB6B64AA68F24C4D146D8C35EC2A4460C1642F9149C3B607C2C148F5C9,sources/base/美术素材/blobs/d0/d0a412bb6b64aa68f24c4d146d8c35ec2a4460c1642f9149c3b607c2c148f5c9.png,.png,image,source_composite,working_candidate,sources/draw/10_working/candidates/1/1_candidate_024.png,1,10_working,1_candidate_024.png,0,0,,base_source_evidence_only,pending_verification,pending_review,not_admitted,base_reference_only_pending_promotion,Retained as source/reference; not admitted to runtime.
D0B29FF5799ADB3BEAFEA884817A6B353DB206E27B8957A340E3F64AB74A32B1,sources/base/美术素材/blobs/d0/d0b29ff5799adb3beafea884817a6b353db206e27b8957a340e3f64ab74a32b1.png,.png,image,source_composite,working_candidate,sources/draw/10_working/candidates/Zuhe2/Zuhe2_candidate_100.png,1,10_working,Zuhe2_candidate_100.png,0,0,,base_source_evidence_only,pending_verification,pending_review,not_admitted,base_reference_only_pending_promotion,Retained as source/reference; not admitted to runtime.
D10968B01F42AE51BCCB64F2FBE18A1679F931270B46BABC058DCCB44C9667DA,sources/base/美术素材/blobs/d1/d10968b01f42ae51bccb64f2fbe18a1679f931270b46babc058dccb44c9667da.png,.png,image,source_composite,working_candidate,sources/draw/10_working/candidates/5/5_candidate_043.png,1,10_working,5_candidate_043.png,0,0,,base_source_evidence_only,pending_verification,pending_review,not_admitted,base_reference_only_pending_promotion,Retained as source/reference; not admitted to runtime.
D135BCF9ACFFE2F8529535652DEA4A05494A4668BCB11588B5256B32F6DAF970,sources/base/美术素材/blobs/d1/d135bcf9acffe2f8529535652dea4a05494a4668bcb11588b5256b32f6daf970.png,.png,image,iconography,game_ready_source,sources/draw/30_game_ready/icons/64/06_guaiwu_icon.png,1,30_game_ready,06_guaiwu_icon.png,2,0,,base_source_evidence_only,pending_verification,pending_review,not_admitted,base_reference_only_pending_promotion,Retained as source/reference; not admitted to runtime.
D145E096D7922BF92C69C6645C8E02110F1BA11C4A47D1C190472ED1493CCE99,sources/base/美术素材/blobs/d1/d145e096d7922bf92c69c6645c8e02110f1ba11c4a47d1c190472ed1493cce99.png,.png,image,source_composite,working_candidate,sources/draw/10_working/candidates/5/5_candidate_064.png,1,10_working,5_candidate_064.png,0,0,,base_source_evidence_only,pending_verification,pending_review,not_admitted,base_reference_only_pending_promotion,Retained as source/reference; not admitted to runtime.
D179B8F4C5B471BB61FA825F18E855048D545C0903829CFE81F47DCEBAE83C6B,sources/base/美术素材/blobs/d1/d179b8f4c5b471bb61fa825f18e855048d545c0903829cfe81f47dcebae83c6b.png,.png,image,uncategorized_image,working_candidate,sources/draw/10_working/candidates/2/2_candidate_050.png,1,10_working,2_candidate_050.png,0,0,,base_source_evidence_only,pending_verification,pending_review,not_admitted,base_reference_only_pending_promotion,Retained as source/reference; not admitted to runtime.
D1ACD68F3DA4B92F2D4EFDA7AC82A3F298B0B0786332336D411240AE6A790D42,sources/base/美术素材/blobs/d1/d1acd68f3da4b92f2d4efda7ac82a3f298b0b0786332336d411240ae6a790d42.png,.png,image,source_composite,working_candidate,sources/draw/10_working/candidates/3/3_candidate_055.png,1,10_working,3_candidate_055.png,0,0,,base_source_evidence_only,pending_verification,pending_review,not_admitted,base_reference_only_pending_promotion,Retained as source/reference; not admitted to runtime.
D1B1DA6EFCCBB3AD6C7BFE5356D6D59CF60DF3B3503AFAE5805A6D62E0BCC41A,sources/base/美术素材/blobs/d1/d1b1da6efccbb3ad6c7bfe5356d6d59cf60df3b3503afae5805a6d62e0bcc41a.png,.png,image,source_composite,working_candidate,sources/draw/10_working/candidates/Zujian2/Zujian2_candidate_016.png,1,10_working,Zujian2_candidate_016.png,0,0,,base_source_evidence_only,pending_verification,pending_review,not_admitted,base_reference_only_pending_promotion,Retained as source/reference; not admitted to runtime.
D1ECED3BC7F7B0F6B28B797B8745FA69FCE1F9DA8BCE92242973FBFC9FB0B618,sources/base/美术素材/blobs/d1/d1eced3bc7f7b0f6b28b797b8745fa69fce1f9da8bce92242973fbfc9fb0b618.png,.png,image,uncategorized_image,working_candidate,sources/draw/10_working/candidates/4/4_candidate_017.png,1,10_working,4_candidate_017.png,0,0,,base_source_evidence_only,pending_verification,pending_review,not_admitted,base_reference_only_pending_promotion,Retained as source/reference; not admitted to runtime.
D21152686E89F17FB8CAAE58AA7F82173B7FC5811BE6EDF37CF88549AF20F361,sources/base/美术素材/blobs/d2/d21152686e89f17fb8caae58aa7f82173b7fc5811be6edf37cf88549af20f361.png,.png,image,source_composite,working_candidate,sources/draw/10_working/candidates/3/3_candidate_031.png,1,10_working,3_candidate_031.png,0,0,,base_source_evidence_only,pending_verification,pending_review,not_admitted,base_reference_only_pending_promotion,Retained as source/reference; not admitted to runtime.
D2786581ACA980C073E896B40553919D1F286664E81A937B15AC795841D74A18,sources/base/美术素材/blobs/d2/d2786581aca980c073e896b40553919d1f286664e81a937b15ac795841d74a18.png,.png,image,iconography,processed_source,sources/draw/20_processed/icons/raw/09_chukou_icon.png,1,20_processed,09_chukou_icon.png,2,0,,base_source_evidence_only,pending_verification,pending_review,not_admitted,base_reference_only_pending_promotion,Retained as source/reference; not admitted to runtime.
D2BA32E2D5C284135F1CF8609B74E6E6BD5D8163A7EB82169DF25B7031D331FB,sources/base/美术素材/blobs/d2/d2ba32e2d5c284135f1cf8609b74e6e6bd5d8163a7eb82169df25b7031d331fb.png,.png,image,source_composite,working_candidate,sources/draw/10_working/candidates/Zuhe2/Zuhe2_candidate_118.png,1,10_working,Zuhe2_candidate_118.png,0,0,,base_source_evidence_only,pending_verification,pending_review,not_admitted,base_reference_only_pending_promotion,Retained as source/reference; not admitted to runtime.
D336A7E98B3540DADE7DF1ABBEF936AC4CA1A86901347EC07064FE1E9C822357,sources/base/美术素材/blobs/d3/d336a7e98b3540dade7df1abbef936ac4ca1a86901347ec07064fe1e9c822357.png,.png,image,source_composite,working_candidate,sources/draw/10_working/candidates/1/1_candidate_025.png,1,10_working,1_candidate_025.png,0,0,,base_source_evidence_only,pending_verification,pending_review,not_admitted,base_reference_only_pending_promotion,Retained as source/reference; not admitted to runtime.
D3612A9B24102986B2E9A52E2F9929F9D854EEE95DC0F0D50DB9864093B4F165,sources/base/美术素材/blobs/d3/d3612a9b24102986b2e9a52e2f9929f9d854eee95dc0f0d50db9864093b4f165.png,.png,image,map,game_ready_source;processed_source;runtime_candidate;selected_source,sources/draw/20_processed/map_icon/map_icon_monster.png,4,03_selected;05_export_runtime_candidates;20_processed;30_game_ready,map_icon_monster.png,0,0,,base_source_evidence_only,pending_verification,pending_review,not_admitted,base_reference_only_pending_promotion,Retained as source/reference; not admitted to runtime.
D3DF062B16D179549B890745A7CF866A9DD92C7C14A42D433637E8C9227455B4,sources/base/美术素材/blobs/d3/d3df062b16d179549b890745a7cf866a9dd92c7c14a42d433637e8c9227455b4.png,.png,image,deploy,processed_source,sources/draw/20_processed/ui_deploy_row/ui_list_row_normal.png,1,20_processed,ui_list_row_normal.png,0,0,,base_source_evidence_only,pending_verification,pending_review,not_admitted,base_reference_only_pending_promotion,Retained as source/reference; not admitted to runtime.
D3F23FF510B88E6997417C99E9954DA61470F6E2731CEED3CE4AAA97DA17F955,sources/base/美术素材/blobs/d3/d3f23ff510b88e6997417c99e9954da61470f6e2731ceed3ce4aaa97da17f955.png,.png,image,source_composite,source_reference,sources/draw/4.png,1,draw_root,4.png,0,0,,base_source_evidence_only,pending_verification,pending_review,not_admitted,base_reference_only_pending_promotion,Retained as source/reference; not admitted to runtime.
D40666586D821D0F922FDEE921045FB1BB3C0F62082E3F4B52D318FCAE1707F4,sources/base/美术素材/blobs/d4/d40666586d821d0f922fdee921045fb1bb3c0f62082e3f4b52d318fcae1707f4.png,.png,image,uncategorized_image,working_candidate,sources/draw/10_working/candidates/5/5_candidate_059.png,1,10_working,5_candidate_059.png,0,0,,base_source_evidence_only,pending_verification,pending_review,not_admitted,base_reference_only_pending_promotion,Retained as source/reference; not admitted to runtime.
D4247F1F0B2ACB1EA2DAA63D57A51FA62BF30F0FB0C782088AF385DA4CED6878,sources/base/美术素材/blobs/d4/d4247f1f0b2acb1ea2daa63d57a51fa62bf30f0fb0c782088af385da4ced6878.png,.png,image,debug_artifact,source_reference,sources/draw/processed/HUligai/debug_detected_boxes.png,1,draw_other,debug_detected_boxes.png,12,0,,base_source_evidence_only,pending_verification,pending_review,not_admitted,base_reference_only_pending_promotion,Retained as source/reference; not admitted to runtime.
D42ADC481A368547C84B2FA6DB36DCBDAAF9A85458202EB0FF71756480931B91,sources/base/美术素材/blobs/d4/d42adc481a368547c84b2fa6db36dcbdaaf9a85458202eb0ff71756480931b91.png,.png,image,actor,game_ready_source;processed_source;source_reference,sources/draw/20_processed/characters/huli/huli_sheet.png,3,20_processed;30_game_ready;art_other,huli_sheet.png,0,0,,base_source_evidence_only,pending_verification,pending_review,not_admitted,base_reference_only_pending_promotion,Retained as source/reference; not admitted to runtime.
D486E0CC8A7EBDF80F334B6BDD9A4EF5C5F3124D3C3EA74BD91B3E89692D03C7,sources/base/美术素材/blobs/d4/d486e0cc8a7ebdf80f334b6bdd9a4ef5c5f3124d3c3ea74bd91b3e89692d03c7.png,.png,image,source_composite,working_candidate,sources/draw/10_working/candidates/1/1_candidate_046.png,1,10_working,1_candidate_046.png,0,0,,base_source_evidence_only,pending_verification,pending_review,not_admitted,base_reference_only_pending_promotion,Retained as source/reference; not admitted to runtime.
D490D087E242C9BDA9EBC4A8997AF619F1845024B4C33A62718077697B8C9A35,sources/base/美术素材/blobs/d4/d490d087e242c9bda9ebc4a8997af619f1845024b4c33a62718077697b8c9a35.png,.png,image,actor_animation_source,source_reference,sources/draw/processed/Huanxionggai/10_left_walk_2.png,1,draw_other,10_left_walk_2.png,7,0,,base_source_evidence_only,pending_verification,pending_review,not_admitted,base_reference_only_pending_promotion,Retained as source/reference; not admitted to runtime.
D4BB5FE943A54D49D782F6544D71B6044FD229ACC0825068DA99C2F44FEE04FE,sources/base/美术素材/blobs/d4/d4bb5fe943a54d49d782f6544d71b6044fd229acc0825068da99c2f44fee04fe.png,.png,image,source_composite,source_reference,sources/draw/3.png,1,draw_root,3.png,1,0,,base_source_evidence_only,pending_verification,pending_review,not_admitted,base_reference_only_pending_promotion,Retained as source/reference; not admitted to runtime.
D58D7EC3B8B8C774CEDFD767390F06B71DF4C56C3D435280ACDF8FF6054FF8E9,sources/base/美术素材/blobs/d5/d58d7ec3b8b8c774cedfd767390f06b71df4c56c3d435280acdf8ff6054ff8e9.png,.png,image,source_composite,working_candidate,sources/draw/10_working/candidates/2/2_candidate_034.png,1,10_working,2_candidate_034.png,0,0,,base_source_evidence_only,pending_verification,pending_review,not_admitted,base_reference_only_pending_promotion,Retained as source/reference; not admitted to runtime.
D5F3B8923BD264E5C7BB4EFFF9336E4FB189747C563173388FA24FD25A7DA084,sources/base/美术素材/blobs/d5/d5f3b8923bd264e5c7bb4efff9336e4fb189747c563173388fa24fd25a7da084.png,.png,image,uncategorized_image,working_candidate,sources/draw/10_working/candidates/1/1_candidate_049.png,1,10_working,1_candidate_049.png,0,0,,base_source_evidence_only,pending_verification,pending_review,not_admitted,base_reference_only_pending_promotion,Retained as source/reference; not admitted to runtime.
D5F86428E1A599FAD5499CBAF4BD409DC4223919CA7EEF764B02E935B7B2D89F,sources/base/美术素材/blobs/d5/d5f86428e1a599fad5499cbaf4bd409dc4223919ca7eef764b02e935b7b2d89f.png,.png,image,debug_artifact,game_ready_source;processed_source,sources/draw/20_processed/icons/debug_detected_boxes.png,2,20_processed;30_game_ready,debug_detected_boxes.png,12,0,,base_source_evidence_only,pending_verification,pending_review,not_admitted,base_reference_only_pending_promotion,Retained as source/reference; not admitted to runtime.
D6242CC3456459922674143C80C66DAFA01FCA7718779DA96F148FAC794A13C1,sources/base/美术素材/blobs/d6/d6242cc3456459922674143c80c66dafa01fca7718779da96f148fac794a13c1.png,.png,image,source_composite,working_candidate,sources/draw/10_working/candidates/Zuhe/Zuhe_candidate_055.png,1,10_working,Zuhe_candidate_055.png,0,0,,base_source_evidence_only,pending_verification,pending_review,not_admitted,base_reference_only_pending_promotion,Retained as source/reference; not admitted to runtime.
D64FAE6B7112E6BBB6080E0284BF3283D47547BB38623FDEE6AE45B85A511128,sources/base/美术素材/blobs/d6/d64fae6b7112e6bbb6080e0284bf3283d47547bb38623fdee6ae45b85a511128.png,.png,image,source_composite,working_candidate,sources/draw/10_working/candidates/3/3_candidate_071.png,1,10_working,3_candidate_071.png,0,0,,base_source_evidence_only,pending_verification,pending_review,not_admitted,base_reference_only_pending_promotion,Retained as source/reference; not admitted to runtime.
D6846AFADF7573D60C2813E7A7254978952BF4F2E154C153A0221FC1F04EAFC3,sources/base/美术素材/blobs/d6/d6846afadf7573d60c2813e7a7254978952bf4f2e154c153a0221fc1f04eafc3.png,.png,image,source_composite,working_candidate,sources/draw/10_working/candidates/Zuhe2/Zuhe2_candidate_008.png,1,10_working,Zuhe2_candidate_008.png,0,0,,base_source_evidence_only,pending_verification,pending_review,not_admitted,base_reference_only_pending_promotion,Retained as source/reference; not admitted to runtime.
D690DB4BE407E2F70C7A3BB6C0C2D70CB93E11DF4F2256AF887F3A3D7CAC0C37,sources/base/美术素材/blobs/d6/d690db4be407e2f70c7a3bb6c0c2d70cb93e11df4f2256af887f3a3d7cac0c37.png,.png,image,source_composite,working_candidate,sources/draw/10_working/candidates/Zuhe2/Zuhe2_candidate_061.png,1,10_working,Zuhe2_candidate_061.png,0,0,,base_source_evidence_only,pending_verification,pending_review,not_admitted,base_reference_only_pending_promotion,Retained as source/reference; not admitted to runtime.
D6970307AFADCDF80AC02D3697A5568B7E191057D49344BC6D53451987C38801,sources/base/美术素材/blobs/d6/d6970307afadcdf80ac02d3697a5568b7e191057d49344bc6d53451987c38801.png,.png,image,source_composite,working_candidate,sources/draw/10_working/candidates/3/3_candidate_072.png,1,10_working,3_candidate_072.png,0,0,,base_source_evidence_only,pending_verification,pending_review,not_admitted,base_reference_only_pending_promotion,Retained as source/reference; not admitted to runtime.
D69DB914E5DA1BAC4B2004041260674EEAE9FF49F9DAD11457404EBE10344AD8,sources/base/美术素材/blobs/d6/d69db914e5da1bac4b2004041260674eeae9ff49f9dad11457404ebe10344ad8.png,.png,image,uncategorized_image,working_candidate,sources/draw/10_working/candidates/3/3_candidate_067.png,1,10_working,3_candidate_067.png,0,0,,base_source_evidence_only,pending_verification,pending_review,not_admitted,base_reference_only_pending_promotion,Retained as source/reference; not admitted to runtime.
D6B46FCD54D4DB89B57CC361D87FBC3F2265001F470B5FFC4D0E6D840AA59743,sources/base/美术素材/blobs/d6/d6b46fcd54d4db89b57cc361d87fbc3f2265001f470b5ffc4d0e6d840aa59743.png,.png,image,source_composite,working_candidate,sources/draw/10_working/candidates/2/2_candidate_025.png,1,10_working,2_candidate_025.png,0,0,,base_source_evidence_only,pending_verification,pending_review,not_admitted,base_reference_only_pending_promotion,Retained as source/reference; not admitted to runtime.
D6F3E53DE86328F2EBFA4AC87A6246E9E3C5D3482A4F3413DFA0D7B95F3F316E,sources/base/美术素材/blobs/d6/d6f3e53de86328f2ebfa4ac87a6246e9e3c5d3482a4f3413dfa0d7b95f3f316e.png,.png,image,map,game_ready_source;stage_evidence,sources/draw/30_game_ready/icons/32/00_wanjia_dingwei.png,2,30_game_ready;stage_output,00_wanjia_dingwei.png;ui_art21r2_minimap_hud_player_32.png,2,2,res://assets/ui/art21r2/minimap/ui_art21r2_minimap_hud_player_32.png;res://assets/ui/minimap/player_marker.png,base_source_evidence_only,pending_verification,pending_review,not_admitted,runtime_crosswalk_required,Exact runtime bytes exist; authority is decided per runtime row.
D70B80971580E726635ABF0020134DCC5DCE1708859675908CC6D8701761F8F3,sources/base/美术素材/blobs/d7/d70b80971580e726635abf0020134dcc5dce1708859675908cc6d8701761f8f3.png,.png,image,uncategorized_image,processed_source,sources/draw/20_processed/icons/raw/02_yitan_ge.png,1,20_processed,02_yitan_ge.png,2,0,,base_source_evidence_only,pending_verification,pending_review,not_admitted,base_reference_only_pending_promotion,Retained as source/reference; not admitted to runtime.
D7278FCABB7DC7A9177D99DF0B82B3F451E871203FA43BD9C14AF6E6E762AA28,sources/base/美术素材/blobs/d7/d7278fcabb7dc7a9177d99df0b82b3f451e871203fa43bd9c14af6e6e762aa28.png,.png,image,ui_component,processed_source,sources/draw/20_processed/ui_panel/ui_panel_status_small.png,1,20_processed,ui_panel_status_small.png,0,0,,base_source_evidence_only,pending_verification,pending_review,not_admitted,base_reference_only_pending_promotion,Retained as source/reference; not admitted to runtime.
D73CDAF09A42B79D7A0F5A6687D6C6DD2D491894A6B0875A0CCAB5E82167B46F,sources/base/美术素材/blobs/d7/d73cdaf09a42b79d7a0f5a6687d6c6dd2d491894a6b0875a0ccab5e82167b46f.png,.png,image,source_composite,working_candidate,sources/draw/10_working/candidates/Zujian1/Zujian1_candidate_007.png,1,10_working,Zujian1_candidate_007.png,0,0,,base_source_evidence_only,pending_verification,pending_review,not_admitted,base_reference_only_pending_promotion,Retained as source/reference; not admitted to runtime.
D771A70976E7895680D436342EF39A58F8A7F277EF0CB1FE777DEAC655013F15,sources/base/美术素材/blobs/d7/d771a70976e7895680d436342ef39a58f8a7f277ef0cb1fe777deac655013f15.png,.png,image,reference_capture,stage_evidence,sources/art/ART-13/屏幕截图 2026-06-28 191708.png,1,stage_output,屏幕截图 2026-06-28 191708.png,0,0,,base_source_evidence_only,pending_verification,pending_review,not_admitted,base_reference_only_pending_promotion,Retained as source/reference; not admitted to runtime.
D77C9F73868BA762A6297FE2A4F59B3A81D975EE3FEB8AEFAA86FDE00DBE4ED6,sources/base/美术素材/blobs/d7/d77c9f73868ba762a6297fe2a4f59b3a81d975ee3feb8aefaa86fde00dbe4ed6.png,.png,image,ui_component,stage_evidence,sources/art/ART-21/03_cut_output/map/ui_art21_map_marker_mine.png,2,stage_output,ui_art21_map_marker_mine.png,0,1,res://assets/ui/art21/map/ui_art21_map_marker_mine.png,base_source_evidence_only,pending_verification,pending_review,not_admitted,runtime_crosswalk_required,Exact runtime bytes exist; authority is decided per runtime row.
D7E1EFC300A942F1CAE9F9E0B5E0134300A15C7B2371B5AB771DA64ED03B3DEA,sources/base/美术素材/blobs/d7/d7e1efc300a942f1cae9f9e0b5e0134300a15c7b2371b5ab771da64ed03b3dea.png,.png,image,source_composite,working_candidate,sources/draw/10_working/candidates/Zujian2/Zujian2_candidate_018.png,1,10_working,Zujian2_candidate_018.png,0,0,,base_source_evidence_only,pending_verification,pending_review,not_admitted,base_reference_only_pending_promotion,Retained as source/reference; not admitted to runtime.
D8835DEF2FC21BDAA1D014CD320344F5B1091353152CFA50D1DA561AF66B4044,sources/base/美术素材/blobs/d8/d8835def2fc21bdaa1d014cd320344f5b1091353152cfa50d1da561af66b4044.png,.png,image,uncategorized_image,working_candidate,sources/draw/10_working/candidates/2/2_candidate_007.png,1,10_working,2_candidate_007.png,0,0,,base_source_evidence_only,pending_verification,pending_review,not_admitted,base_reference_only_pending_promotion,Retained as source/reference; not admitted to runtime.
D8B1BA85F9DA0A71DBB76382BD92E46422860958C9BBEA47E220FC0887948353,sources/base/美术素材/blobs/d8/d8b1ba85f9da0a71dbb76382bd92e46422860958c9bbea47e220fc0887948353.png,.png,image,source_composite,working_candidate,sources/draw/10_working/candidates/Zuhe2/Zuhe2_candidate_091.png,1,10_working,Zuhe2_candidate_091.png,0,0,,base_source_evidence_only,pending_verification,pending_review,not_admitted,base_reference_only_pending_promotion,Retained as source/reference; not admitted to runtime.
D9517D1F2B1676D7C7B33F7EAC1D686ED050AD9E0B73F4D8E3275259A9FB5980,sources/base/美术素材/blobs/d9/d9517d1f2b1676d7c7b33f7eac1d686ed050ad9e0b73f4d8e3275259a9fb5980.png,.png,image,actor_animation_source,game_ready_source;processed_source;source_reference,sources/draw/20_processed/characters/huli/frames/03_right_idle.png,3,20_processed;30_game_ready;art_other,03_right_idle.png,7,0,,base_source_evidence_only,pending_verification,pending_review,not_admitted,base_reference_only_pending_promotion,Retained as source/reference; not admitted to runtime.
D97321CFB4D3007EE7876E7628246B8902582AEC22C58E81DF6220D4EB998F15,sources/base/美术素材/blobs/d9/d97321cfb4d3007ee7876e7628246b8902582aec22c58e81df6220d4eb998f15.png,.png,image,actor_animation_source,game_ready_source;processed_source;source_reference,sources/draw/20_processed/characters/huli/frames/05_back_walk_1.png,3,20_processed;30_game_ready;art_other,05_back_walk_1.png,7,0,,base_source_evidence_only,pending_verification,pending_review,not_admitted,base_reference_only_pending_promotion,Retained as source/reference; not admitted to runtime.
D9BF648D815E6D8512CC3393903F62049B9D7DF022FABD23424F91A78D9B8359,sources/base/美术素材/blobs/d9/d9bf648d815e6d8512cc3393903f62049b9d7df022fabd23424f91a78d9b8359.png,.png,image,source_composite,working_candidate,sources/draw/10_working/candidates/3/3_candidate_044.png,1,10_working,3_candidate_044.png,0,0,,base_source_evidence_only,pending_verification,pending_review,not_admitted,base_reference_only_pending_promotion,Retained as source/reference; not admitted to runtime.
D9F178880B675099C13D3AE08234E9503AEF81731B39A2E8906CB81D4974CDD6,sources/base/美术素材/blobs/d9/d9f178880b675099c13d3ae08234e9503aef81731b39a2e8906cb81d4974cdd6.png,.png,image,uncategorized_image,working_candidate,sources/draw/10_working/candidates/3/3_candidate_058.png,1,10_working,3_candidate_058.png,0,0,,base_source_evidence_only,pending_verification,pending_review,not_admitted,base_reference_only_pending_promotion,Retained as source/reference; not admitted to runtime.
DA40A9E738447EC6B1BE0378CDBEBAD2F92FCB2A918F0D1CCE23967E57D249E2,sources/base/美术素材/blobs/da/da40a9e738447ec6b1be0378cdbebad2f92fcb2a918f0d1cce23967e57d249e2.png,.png,image,source_composite,working_candidate,sources/draw/10_working/candidates/Zujian2/Zujian2_candidate_014.png,1,10_working,Zujian2_candidate_014.png,0,0,,base_source_evidence_only,pending_verification,pending_review,not_admitted,base_reference_only_pending_promotion,Retained as source/reference; not admitted to runtime.
DA6EAEDA4A52DDC1089631BFF4968D23EB5D6D98807B9149346DE41F55F754B8,sources/base/美术素材/blobs/da/da6eaeda4a52ddc1089631bff4968d23eb5d6d98807b9149346de41f55f754b8.png,.png,image,actor_animation_source,source_reference,sources/draw/processed/Maogai/10_left_walk_2.png,1,draw_other,10_left_walk_2.png,7,0,,base_source_evidence_only,pending_verification,pending_review,not_admitted,base_reference_only_pending_promotion,Retained as source/reference; not admitted to runtime.
DAAC3162A93FEAAE6A809F0EDDF2C5BCC7D4D1395371EB8091805B7F4D139F01,sources/base/美术素材/blobs/da/daac3162a93feaae6a809f0eddf2c5bcc7d4d1395371eb8091805b7f4d139f01.png,.png,image,ui_component,stage_evidence,sources/art/ART-20/03_cut_output/run_hud/run_bottom_key_bar_button/run_bottom_key_bar_button_ui_key_t.png,1,stage_output,run_bottom_key_bar_button_ui_key_t.png,0,0,,base_source_evidence_only,pending_verification,pending_review,not_admitted,base_reference_only_pending_promotion,Retained as source/reference; not admitted to runtime.
DB2FDDE7799159393A9B92EE0B73D16EF09B10AB4A24C232820ADE0E50DEB69B,sources/base/美术素材/blobs/db/db2fdde7799159393a9b92ee0b73d16ef09b10ab4a24c232820ade0e50deb69b.png,.png,image,source_composite,working_candidate,sources/draw/10_working/candidates/3/3_candidate_022.png,1,10_working,3_candidate_022.png,0,0,,base_source_evidence_only,pending_verification,pending_review,not_admitted,base_reference_only_pending_promotion,Retained as source/reference; not admitted to runtime.
DBC9BD8535E125855AAC99DB8AA7BA102EC33814064621CE0097BFDA7A8FC6EF,sources/base/美术素材/blobs/db/dbc9bd8535e125855aac99db8aa7ba102ec33814064621ce0097bfda7a8fc6ef.png,.png,image,source_composite,working_candidate,sources/draw/10_working/candidates/2/2_candidate_041.png,1,10_working,2_candidate_041.png,0,0,,base_source_evidence_only,pending_verification,pending_review,not_admitted,base_reference_only_pending_promotion,Retained as source/reference; not admitted to runtime.
DBF24F93A995705F2D8E31F48FCF63C0659EAC592B68AEB8DF31D5693D6AA478,sources/base/美术素材/blobs/db/dbf24f93a995705f2d8e31f48fcf63c0659eac592b68aeb8df31d5693d6aa478.png,.png,image,main_menu,stage_evidence,sources/art/ART-21R2/03_cut_output/main_menu/ui_art21r2_main_menu_entry_plank_long_term.png,1,stage_output,ui_art21r2_main_menu_entry_plank_long_term.png,0,1,res://assets/ui/art21r2/main_menu/ui_art21r2_main_menu_entry_plank_long_term.png,base_source_evidence_only,pending_verification,pending_review,not_admitted,runtime_crosswalk_required,Exact runtime bytes exist; authority is decided per runtime row.
DC0A238D43E8FDB6476CCB01211190829A3B14C3E950DD06DF6AFA4B22D5CF92,sources/base/美术素材/blobs/dc/dc0a238d43e8fdb6476ccb01211190829a3b14c3e950dd06df6afa4b22d5cf92.png,.png,image,ui_component,stage_evidence,sources/art/ART-21/03_cut_output/shared/buttons/ui_art21_shared_button_primary_disabled.png,2,stage_output,ui_art21_shared_button_primary_disabled.png,0,1,res://assets/ui/art21/shared/buttons/ui_art21_shared_button_primary_disabled.png,base_source_evidence_only,pending_verification,pending_review,not_admitted,runtime_crosswalk_required,Exact runtime bytes exist; authority is decided per runtime row.
DC23BDD8E32E8434B6F581EB2FA3F4AC4CFE73C6A10217FD5760251C04CF8B77,sources/base/美术素材/blobs/dc/dc23bdd8e32e8434b6f581eb2fa3f4ac4cfe73c6a10217fd5760251c04cf8b77.csv,.csv,table,source_registry,stage_evidence,sources/art/ART-20/_manifest/cut_blocked_or_review.csv,1,stage_output,cut_blocked_or_review.csv,0,0,,base_source_evidence_only,pending_verification,pending_review,not_admitted,source_support_not_runtime_art,"Registry, metadata, document, or other support object."
DC41806C0884675B9A05887C459AFE0562F57F43F295F5F88749E9A670BE6C4D,sources/base/美术素材/blobs/dc/dc41806c0884675b9a05887c459afe0562f57f43f295f5f88749e9a670be6c4d.json,.json,metadata,source_metadata,processed_source,sources/draw/20_processed/icons/manifest.json,1,20_processed,manifest.json,11,0,,base_source_evidence_only,pending_verification,pending_review,not_admitted,source_support_not_runtime_art,"Registry, metadata, document, or other support object."
DC44D765823793151B90B6FC134A47B05193D36BC6AB784BC191B7AEE70035CF,sources/base/美术素材/blobs/dc/dc44d765823793151b90b6fc134a47b05193d36bc6ab784bc191b7aee70035cf.png,.png,image,source_composite,working_candidate,sources/draw/10_working/candidates/2/2_candidate_033.png,1,10_working,2_candidate_033.png,0,0,,base_source_evidence_only,pending_verification,pending_review,not_admitted,base_reference_only_pending_promotion,Retained as source/reference; not admitted to runtime.
DCB6E21C699E25EA638445D6EB108FDC01E2A7EED59986F1E50240C2C569CCB2,sources/base/美术素材/blobs/dc/dcb6e21c699e25ea638445d6eb108fdc01e2a7eed59986f1e50240c2c569ccb2.png,.png,image,uncategorized_image,working_candidate,sources/draw/10_working/candidates/2/2_candidate_048.png,1,10_working,2_candidate_048.png,0,0,,base_source_evidence_only,pending_verification,pending_review,not_admitted,base_reference_only_pending_promotion,Retained as source/reference; not admitted to runtime.
DD3804E1B14693937C510CF18537643A1854E61C1222EB1C719049FFFADFF6CB,sources/base/美术素材/blobs/dd/dd3804e1b14693937c510cf18537643a1854e61c1222eb1c719049fffadff6cb.png,.png,image,source_composite,working_candidate,sources/draw/10_working/candidates/Zuhe/Zuhe_candidate_020.png,1,10_working,Zuhe_candidate_020.png,0,0,,base_source_evidence_only,pending_verification,pending_review,not_admitted,base_reference_only_pending_promotion,Retained as source/reference; not admitted to runtime.
DD4FD3CCE358E8FA797E496D40E127057B22C3C193DA18197D6587737CFDB949,sources/base/美术素材/blobs/dd/dd4fd3cce358e8fa797e496d40e127057b22c3c193da18197d6587737cfdb949.png,.png,image,actor,raw_source;source_reference,sources/draw/Mao.png,2,00_raw;draw_root,Mao.png,0,0,,base_source_evidence_only,pending_verification,pending_review,not_admitted,base_reference_only_pending_promotion,Retained as source/reference; not admitted to runtime.
DDA5FACAE2F86A6BEC5F0ABA34B5A3B6B67C5C09919BA9058AA0638FAA361696,sources/base/美术素材/blobs/dd/dda5facae2f86a6bec5f0aba34b5a3b6b67c5c09919ba9058aa0638faa361696.png,.png,image,source_composite,working_candidate,sources/draw/10_working/candidates/4/4_candidate_002.png,1,10_working,4_candidate_002.png,0,0,,base_source_evidence_only,pending_verification,pending_review,not_admitted,base_reference_only_pending_promotion,Retained as source/reference; not admitted to runtime.
DDA7A15566063AD5B81EBB7C843C1047B9F4504BFB2DE2EDF72157D8F9831574,sources/base/美术素材/blobs/dd/dda7a15566063ad5b81ebb7c843c1047b9f4504bfb2de2edf72157d8f9831574.png,.png,image,actor_animation_source,source_reference,sources/draw/processed/HUligai/07_right_walk_1.png,1,draw_other,07_right_walk_1.png,7,0,,base_source_evidence_only,pending_verification,pending_review,not_admitted,base_reference_only_pending_promotion,Retained as source/reference; not admitted to runtime.
DDE8A652FD1FDB22F6AFE3468EE9C5DE530074D228A734B8AEF5803AA7C9B6C5,sources/base/美术素材/blobs/dd/dde8a652fd1fdb22f6afe3468ee9c5de530074d228a734b8aef5803aa7c9b6c5.png,.png,image,actor_animation_source,source_reference;working_candidate,sources/draw/HUligai.png,2,10_working;draw_root,HUligai.png,0,0,,base_source_evidence_only,pending_verification,pending_review,not_admitted,base_reference_only_pending_promotion,Retained as source/reference; not admitted to runtime.
DDE95EBD216C273230DE0E2776F445AE97D38B4C370FC2C4765AC24CFC468558,sources/base/美术素材/blobs/dd/dde95ebd216c273230de0e2776f445ae97d38b4c370fc2c4765ac24cfc468558.png,.png,image,ui_component,game_ready_source;processed_source;stage_evidence,sources/draw/20_processed/ui_summary_bar/ui_bar_blank_dark.png,7,20_processed;30_game_ready;stage_output,longterm_right_archive_modules_ui_bar_blank_dark.png;run_bottom_info_bar_ui_bar_blank_dark.png;run_left_info_rail_frame_ui_bar_blank_dark.png;run_object_interaction_tooltip_ui_bar_blank_dark.png;ui_bar_blank_dark.png,0,2,res://assets/ui/art19/bars/summary_bar_dark.png;res://assets/ui/feedback/ui_bar_blank_dark.png,base_source_evidence_only,pending_verification,pending_review,not_admitted,runtime_crosswalk_required,Exact runtime bytes exist; authority is decided per runtime row.
DE0708FFAAB15F5FF3047E55163E1742B7503BF1B1124D0ACF5E35B007FF2272,sources/base/美术素材/blobs/de/de0708ffaab15f5ff3047e55163e1742b7503bf1b1124d0acf5e35b007ff2272.png,.png,image,source_composite,source_reference,sources/draw/2UI.png,1,draw_root,2UI.png,0,0,,base_source_evidence_only,pending_verification,pending_review,not_admitted,base_reference_only_pending_promotion,Retained as source/reference; not admitted to runtime.
DE0A0B75D6FC24420A4ED8923F85A365BBFD049CAD637B03DB7DDD1D6E443071,sources/base/美术素材/blobs/de/de0a0b75d6fc24420a4ed8923f85a365bbfd049cad637b03db7ddd1d6e443071.png,.png,image,source_composite,working_candidate,sources/draw/10_working/candidates/Zujian1/Zujian1_candidate_013.png,1,10_working,Zujian1_candidate_013.png,0,0,,base_source_evidence_only,pending_verification,pending_review,not_admitted,base_reference_only_pending_promotion,Retained as source/reference; not admitted to runtime.
DE262DA7657641CEA0D1E86975B9EA4FF394D0C86F8A62985F6E8E2DC92E10D7,sources/base/美术素材/blobs/de/de262da7657641cea0d1e86975b9ea4ff394d0c86f8a62985f6e8e2dc92e10d7.png,.png,image,source_composite,game_ready_source,sources/draw/30_game_ready/icons/64/13_shuzi_3.png,1,30_game_ready,13_shuzi_3.png,2,0,,base_source_evidence_only,pending_verification,pending_review,not_admitted,base_reference_only_pending_promotion,Retained as source/reference; not admitted to runtime.
DE55D275DFAF6884979FAD98FBFFFDC1D40F2844C2A8B02223311537A9CB6E00,sources/base/美术素材/blobs/de/de55d275dfaf6884979fad98fbfffdc1d40f2844c2a8b02223311537a9cb6e00.png,.png,image,uncategorized_image,working_candidate,sources/draw/10_working/candidates/1/1_candidate_017.png,1,10_working,1_candidate_017.png,0,0,,base_source_evidence_only,pending_verification,pending_review,not_admitted,base_reference_only_pending_promotion,Retained as source/reference; not admitted to runtime.
DE62E8320C76A886E2E83FE63C08CB49ED3D07EE2C500C7627EA88DD83B67098,sources/base/美术素材/blobs/de/de62e8320c76a886e2e83fe63c08cb49ed3d07ee2c500c7627ea88dd83b67098.png,.png,image,source_composite,working_candidate,sources/draw/10_working/candidates/Zuhe/Zuhe_candidate_010.png,1,10_working,Zuhe_candidate_010.png,0,0,,base_source_evidence_only,pending_verification,pending_review,not_admitted,base_reference_only_pending_promotion,Retained as source/reference; not admitted to runtime.
DE8B44DCBB7BAE944980D34F6EE470F5D8B2346A82B34310C659E611CF069F9D,sources/base/美术素材/blobs/de/de8b44dcbb7bae944980d34f6ee470f5d8b2346a82b34310c659e611cf069f9d.png,.png,image,source_composite,working_candidate,sources/draw/10_working/candidates/Zuhe2/Zuhe2_candidate_002.png,1,10_working,Zuhe2_candidate_002.png,0,0,,base_source_evidence_only,pending_verification,pending_review,not_admitted,base_reference_only_pending_promotion,Retained as source/reference; not admitted to runtime.
DF19586C37BD705794FBA4E36C0E1F643735B6500EDBF15E9B25E33135196AEA,sources/base/美术素材/blobs/df/df19586c37bd705794fba4e36c0e1f643735b6500edbf15e9b25e33135196aea.png,.png,image,actor_animation_source,game_ready_source;processed_source;source_reference,sources/draw/20_processed/characters/tuzi/frames/06_left_walk_1.png,3,20_processed;30_game_ready;art_other,06_left_walk_1.png,7,0,,base_source_evidence_only,pending_verification,pending_review,not_admitted,base_reference_only_pending_promotion,Retained as source/reference; not admitted to runtime.
DF78986EE6C284B7863F858573D7BF5CD2CC2C277F15FFDC9EAB0329E627F28D,sources/base/美术素材/blobs/df/df78986ee6c284b7863f858573d7bf5cd2cc2c277f15ffdc9eab0329e627f28d.png,.png,image,source_composite,game_ready_source,sources/draw/30_game_ready/icons/32/13_shuzi_3.png,1,30_game_ready,13_shuzi_3.png,2,1,res://assets/ui/minimap/number_3.png,base_source_evidence_only,pending_verification,pending_review,not_admitted,runtime_crosswalk_required,Exact runtime bytes exist; authority is decided per runtime row.
DF82FB3405F589BD4CA3B6A9538AAB4272DCEB53A3F0477A334B2A43C0863F26,sources/base/美术素材/blobs/df/df82fb3405f589bd4ca3b6a9538aab4272dceb53a3f0477a334b2a43c0863f26.png,.png,image,map,game_ready_source;stage_evidence,sources/draw/30_game_ready/icons/32/02_yitan_ge.png,2,30_game_ready;stage_output,02_yitan_ge.png;ui_art21r2_minimap_hud_explored_32.png,2,4,res://assets/ui/art21r2/minimap/ui_art21r2_minimap_hud_explored_32.png;res://assets/ui/minimap/explored_cell.png,base_source_evidence_only,pending_verification,pending_review,not_admitted,runtime_crosswalk_required,Exact runtime bytes exist; authority is decided per runtime row.
E051CF0398847504F69B14E18C65430F81CD9FA50DF712352E85BA169D25BBA0,sources/base/美术素材/blobs/e0/e051cf0398847504f69b14e18c65430f81cd9fa50df712352e85ba169d25bba0.png,.png,image,deploy,game_ready_source;processed_source;runtime_candidate;selected_source;stage_evidence,sources/draw/20_processed/ui_deploy_button/ui_button_nav_talent_selected.png,8,03_selected;05_export_runtime_candidates;20_processed;30_game_ready;stage_output,ui_button_nav_talent_selected.png;ui_deploy_prep_tab_primary_selected.png;ui_long_term_tab_primary_selected.png;ui_shared_tab_primary_selected.png,0,2,res://assets/ui/art19/buttons/button_nav_talent_selected.png;res://assets/ui/deploy/buttons/ui_button_nav_talent_selected.png,base_source_evidence_only,pending_verification,pending_review,not_admitted,runtime_crosswalk_required,Exact runtime bytes exist; authority is decided per runtime row.
E067F653B85A51FDBE3A40E8072C8425795CD71EE7D51E62246E31FA52E3A0B6,sources/base/美术素材/blobs/e0/e067f653b85a51fdbe3a40e8072c8425795cd71ee7d51e62246e31fa52e3a0b6.png,.png,image,uncategorized_image,working_candidate,sources/draw/10_working/candidates/3/3_candidate_040.png,1,10_working,3_candidate_040.png,0,0,,base_source_evidence_only,pending_verification,pending_review,not_admitted,base_reference_only_pending_promotion,Retained as source/reference; not admitted to runtime.
E098484CF7F085F4E53109A3B624114F0FDAEB8E22D2EB582E77C9416CF50E84,sources/base/美术素材/blobs/e0/e098484cf7f085f4e53109a3b624114f0fdaeb8e22d2eb582e77c9416cf50e84.png,.png,image,source_composite,working_candidate,sources/draw/10_working/candidates/4/4_candidate_025.png,1,10_working,4_candidate_025.png,0,0,,base_source_evidence_only,pending_verification,pending_review,not_admitted,base_reference_only_pending_promotion,Retained as source/reference; not admitted to runtime.
E131111C6A02834674655941C4613241951FE4947E1E169D4C3B6C225830E6AA,sources/base/美术素材/blobs/e1/e131111c6a02834674655941c4613241951fe4947e1e169d4c3b6c225830e6aa.csv,.csv,table,source_registry,stage_evidence,sources/art/ART-20/_manifest/cut_manifest.csv,1,stage_output,cut_manifest.csv,0,0,,base_source_evidence_only,pending_verification,pending_review,not_admitted,source_support_not_runtime_art,"Registry, metadata, document, or other support object."
E21FAC9069BF40E58875FED05B609E47E9229B24A472E7073814F4D596D91F65,sources/base/美术素材/blobs/e2/e21fac9069bf40e58875fed05b609e47e9229b24a472e7073814f4d596d91f65.png,.png,image,actor_animation_source,source_reference,sources/draw/processed/HUligai/09_back_walk_2.png,1,draw_other,09_back_walk_2.png,7,0,,base_source_evidence_only,pending_verification,pending_review,not_admitted,base_reference_only_pending_promotion,Retained as source/reference; not admitted to runtime.
E245F3D25671EAB9C11A437933FB7C8A8D79F5F2129962273AEDBB6A3E2D7873,sources/base/美术素材/blobs/e2/e245f3d25671eab9c11a437933fb7c8a8d79f5f2129962273aedbb6a3e2d7873.png,.png,image,main_menu,game_ready_source;processed_source;runtime_candidate;selected_source;stage_evidence,sources/draw/20_processed/ui_deploy_button/ui_button_confirm_deploy_large.png,8,03_selected;05_export_runtime_candidates;20_processed;30_game_ready;stage_output,main_menu_entry_button_large_ui_button_confirm_deploy_large.png;ui_button_confirm_deploy_large.png;ui_shared_button_primary_gold_normal.png,0,2,res://assets/ui/art19/buttons/button_confirm_deploy_large.png;res://assets/ui/deploy/buttons/ui_button_confirm_deploy_large.png,base_source_evidence_only,pending_verification,pending_review,not_admitted,runtime_crosswalk_required,Exact runtime bytes exist; authority is decided per runtime row.
E2CE0A350F709F62B1FAC7D5E57713CDB00DB11FC7352EA332F2BD7B57F7B7A6,sources/base/美术素材/blobs/e2/e2ce0a350f709f62b1fac7d5e57713cdb00db11fc7352ea332f2bd7b57f7b7a6.png,.png,image,uncategorized_image,game_ready_source,sources/draw/30_game_ready/icons/32/01_weizhi_ge.png,1,30_game_ready,01_weizhi_ge.png,2,1,res://assets/ui/minimap/unknown_cell.png,base_source_evidence_only,pending_verification,pending_review,not_admitted,runtime_crosswalk_required,Exact runtime bytes exist; authority is decided per runtime row.
E2EC6A190049091CD2B071B2BA74BC3DB74D7EDCEAA916068AD9272A563C058F,sources/base/美术素材/blobs/e2/e2ec6a190049091cd2b071b2ba74bc3db74d7edceaa916068ad9272a563c058f.png,.png,image,source_composite,working_candidate,sources/draw/10_working/candidates/Zujian1/Zujian1_candidate_008.png,1,10_working,Zujian1_candidate_008.png,0,0,,base_source_evidence_only,pending_verification,pending_review,not_admitted,base_reference_only_pending_promotion,Retained as source/reference; not admitted to runtime.
E314535B5A9AB043B206CAD89BCECDFCF7A89A807F46EB3241C943026BBF67DD,sources/base/美术素材/blobs/e3/e314535b5a9ab043b206cad89bcecdfcf7a89a807f46eb3241c943026bbf67dd.png,.png,image,source_composite,working_candidate,sources/draw/10_working/candidates/1/1_candidate_056.png,1,10_working,1_candidate_056.png,0,0,,base_source_evidence_only,pending_verification,pending_review,not_admitted,base_reference_only_pending_promotion,Retained as source/reference; not admitted to runtime.
E3CB08C5658245F606306113854525145F2AAE28EF43A08B510ABB98FA99EF9C,sources/base/美术素材/blobs/e3/e3cb08c5658245f606306113854525145f2aae28ef43a08b510abb98fa99ef9c.png,.png,image,source_composite,working_candidate,sources/draw/10_working/candidates/Zuhe2/Zuhe2_candidate_079.png,1,10_working,Zuhe2_candidate_079.png,0,0,,base_source_evidence_only,pending_verification,pending_review,not_admitted,base_reference_only_pending_promotion,Retained as source/reference; not admitted to runtime.
E402A0385272C2F8F3E139C381A0C12DFA415294269EF714598CB3F0A356627F,sources/base/美术素材/blobs/e4/e402a0385272c2f8f3e139c381a0c12dfa415294269ef714598cb3f0a356627f.png,.png,image,source_composite,working_candidate,sources/draw/10_working/candidates/2/2_candidate_014.png,1,10_working,2_candidate_014.png,0,0,,base_source_evidence_only,pending_verification,pending_review,not_admitted,base_reference_only_pending_promotion,Retained as source/reference; not admitted to runtime.
E44BCE7BDE54D84DB0587E471DD37EFD3ACAA687EA0F466DCFD9B31ACC6E177A,sources/base/美术素材/blobs/e4/e44bce7bde54d84db0587e471dd37efd3acaa687ea0f466dcfd9b31acc6e177a.png,.png,image,actor_animation_source,source_reference,sources/draw/processed/Tuzigai/07_right_walk_1.png,1,draw_other,07_right_walk_1.png,7,0,,base_source_evidence_only,pending_verification,pending_review,not_admitted,base_reference_only_pending_promotion,Retained as source/reference; not admitted to runtime.
E476C6BA89C08E679F0C055D1D4B75D53D3378778D3C68D752C2AFB2BFC45A64,sources/base/美术素材/blobs/e4/e476c6ba89c08e679f0c055d1d4b75d53d3378778d3c68d752c2afb2bfc45a64.png,.png,image,source_composite,working_candidate,sources/draw/10_working/candidates/Zujian2/Zujian2_candidate_010.png,1,10_working,Zujian2_candidate_010.png,0,0,,base_source_evidence_only,pending_verification,pending_review,not_admitted,base_reference_only_pending_promotion,Retained as source/reference; not admitted to runtime.
E4E4815798F5C50015D72B4DBA0CD48DFF410D472C22A951C8A60198963172CB,sources/base/美术素材/blobs/e4/e4e4815798f5c50015d72b4dba0cd48dff410d472c22a951c8a60198963172cb.png,.png,image,actor_portrait,processed_source,sources/draw/20_processed/npc_portrait/npc_portrait_merchant_fox.png,1,20_processed,npc_portrait_merchant_fox.png,0,0,,base_source_evidence_only,pending_verification,pending_review,not_admitted,base_reference_only_pending_promotion,Retained as source/reference; not admitted to runtime.
E52563386E84EC4333B440B8537082865D8C14EE7E28907195824A11DB073414,sources/base/美术素材/blobs/e5/e52563386e84ec4333b440b8537082865d8c14ee7e28907195824a11db073414.json,.json,metadata,source_metadata,game_ready_source;processed_source,sources/draw/20_processed/characters/tuzi/manifest.json,2,20_processed;30_game_ready,manifest.json,11,0,,base_source_evidence_only,pending_verification,pending_review,not_admitted,source_support_not_runtime_art,"Registry, metadata, document, or other support object."
E569A257B1F77436468466A15D66856BA01477B7A90EDA433942B4B536354BBC,sources/base/美术素材/blobs/e5/e569a257b1f77436468466a15d66856ba01477b7a90eda433942b4b536354bbc.png,.png,image,map,game_ready_source;processed_source;runtime_candidate;selected_source,sources/draw/20_processed/map_icon/map_icon_mine.png,4,03_selected;05_export_runtime_candidates;20_processed;30_game_ready,map_icon_mine.png,0,0,,base_source_evidence_only,pending_verification,pending_review,not_admitted,base_reference_only_pending_promotion,Retained as source/reference; not admitted to runtime.
E57D60FA317D61BEE653086F0704B0FE8DDFB22385CFF08DA11044997E97A1F2,sources/base/美术素材/blobs/e5/e57d60fa317d61bee653086f0704b0fe8ddfb22385cff08da11044997e97a1f2.png,.png,image,deploy,processed_source,sources/draw/20_processed/ui_deploy_row/ui_list_row_selected.png,1,20_processed,ui_list_row_selected.png,0,0,,base_source_evidence_only,pending_verification,pending_review,not_admitted,base_reference_only_pending_promotion,Retained as source/reference; not admitted to runtime.
E58A57AD7B7D8652061DA3AAE8FBEC292A31E31E122B758A056D258955976198,sources/base/美术素材/blobs/e5/e58a57ad7b7d8652061da3aae8fbec292a31e31e122b758a056d258955976198.png,.png,image,ui_component,stage_evidence,sources/art/ART-21/03_cut_output/shared/panels/ui_art21_shared_panel_tooltip_normal.png,2,stage_output,ui_art21_shared_panel_tooltip_normal.png,0,1,res://assets/ui/art21/shared/panels/ui_art21_shared_panel_tooltip_normal.png,base_source_evidence_only,pending_verification,pending_review,not_admitted,runtime_crosswalk_required,Exact runtime bytes exist; authority is decided per runtime row.
E5F64DF977224B816346E1C476F6C49F5A208DAD031272D7460E6A490D4E8D61,sources/base/美术素材/blobs/e5/e5f64df977224b816346e1c476f6c49f5a208dad031272d7460e6a490d4e8d61.png,.png,image,actor,raw_source;source_reference,sources/draw/Huli.png,2,00_raw;draw_root,Huli.png,0,0,,base_source_evidence_only,pending_verification,pending_review,not_admitted,base_reference_only_pending_promotion,Retained as source/reference; not admitted to runtime.
E6E0CBEF4216B0639607D4A6096505AA8315DD4F26EED2469C8D5D530E8C4D33,sources/base/美术素材/blobs/e6/e6e0cbef4216b0639607d4a6096505aa8315dd4f26eed2469c8d5d530e8c4d33.png,.png,image,source_composite,working_candidate,sources/draw/10_working/candidates/Zuhe/Zuhe_candidate_034.png,1,10_working,Zuhe_candidate_034.png,0,0,,base_source_evidence_only,pending_verification,pending_review,not_admitted,base_reference_only_pending_promotion,Retained as source/reference; not admitted to runtime.
E6ED6B95506EF88CB28E54E4256737D5BEC22396F1B47B9863029E145962D08E,sources/base/美术素材/blobs/e6/e6ed6b95506ef88cb28e54e4256737d5bec22396f1b47b9863029e145962d08e.png,.png,image,iconography,game_ready_source;runtime_candidate;selected_source,sources/draw/30_game_ready/ui/icons/jinbi_icon.png,3,03_selected;05_export_runtime_candidates;30_game_ready,jinbi_icon.png,1,1,res://assets/ui/icons/jinbi_icon.png,base_source_evidence_only,pending_verification,pending_review,not_admitted,runtime_crosswalk_required,Exact runtime bytes exist; authority is decided per runtime row.
E6F83C45F72CB9168A9801A1039EB07ACE53583070461809B4371F6E0B383F53,sources/base/美术素材/blobs/e6/e6f83c45f72cb9168a9801a1039eb07ace53583070461809b4371f6e0b383f53.png,.png,image,actor_animation_source,source_reference,sources/draw/processed/HUligai/HUligai_sheet.png,1,draw_other,HUligai_sheet.png,0,0,,base_source_evidence_only,pending_verification,pending_review,not_admitted,base_reference_only_pending_promotion,Retained as source/reference; not admitted to runtime.
E70F5DFA1037B9E80669298D649765D49A8C7C04E137BCCF876F8218058B8CA2,sources/base/美术素材/blobs/e7/e70f5dfa1037b9e80669298d649765d49a8c7c04e137bccf876f8218058b8ca2.png,.png,image,source_composite,working_candidate,sources/draw/10_working/candidates/Zuhe2/Zuhe2_candidate_054.png,1,10_working,Zuhe2_candidate_054.png,0,0,,base_source_evidence_only,pending_verification,pending_review,not_admitted,base_reference_only_pending_promotion,Retained as source/reference; not admitted to runtime.
E785AC0A2BEAA33A641FA8E003F43321F5D92AB1D90AA04733FCF81275173845,sources/base/美术素材/blobs/e7/e785ac0a2beaa33a641fa8e003f43321f5d92ab1d90aa04733fcf81275173845.png,.png,image,ui_component,stage_evidence,sources/art/ART-21/03_cut_output/shared/buttons/ui_art21_shared_button_primary_hover.png,2,stage_output,ui_art21_shared_button_primary_hover.png,0,1,res://assets/ui/art21/shared/buttons/ui_art21_shared_button_primary_hover.png,base_source_evidence_only,pending_verification,pending_review,not_admitted,runtime_crosswalk_required,Exact runtime bytes exist; authority is decided per runtime row.
E8A7FAD394DFC19FCBC7F8FDDFF0C30EAF26D70C7AF44B0F89E1869263EA4BE8,sources/base/美术素材/blobs/e8/e8a7fad394dfc19fcbc7f8fddff0c30eaf26d70c7af44b0f89e1869263ea4be8.png,.png,image,actor_animation_source,source_reference,sources/draw/processed/Tuzigai/08_front_walk_2.png,1,draw_other,08_front_walk_2.png,7,0,,base_source_evidence_only,pending_verification,pending_review,not_admitted,base_reference_only_pending_promotion,Retained as source/reference; not admitted to runtime.
E8E562626963031B4B5FA8932AC7B5EF48A754631DEFC7E5B8657317A715E776,sources/base/美术素材/blobs/e8/e8e562626963031b4b5fa8932ac7b5ef48a754631defc7e5b8657317a715e776.png,.png,image,source_composite,working_candidate,sources/draw/10_working/candidates/Zuhe2/Zuhe2_candidate_025.png,1,10_working,Zuhe2_candidate_025.png,0,0,,base_source_evidence_only,pending_verification,pending_review,not_admitted,base_reference_only_pending_promotion,Retained as source/reference; not admitted to runtime.
E8F9A2D01102CB9623FA5EF2495914CD3D4D207E7BD2E19E1E0D0975CD3AB24B,sources/base/美术素材/blobs/e8/e8f9a2d01102cb9623fa5ef2495914cd3d4d207e7bd2e19e1e0d0975cd3ab24b.png,.png,image,uncategorized_image,working_candidate,sources/draw/10_working/candidates/2/2_candidate_010.png,1,10_working,2_candidate_010.png,0,0,,base_source_evidence_only,pending_verification,pending_review,not_admitted,base_reference_only_pending_promotion,Retained as source/reference; not admitted to runtime.
E91BF775DA447FB2D982568B01498978574D703A0EC8FE983BB4A964B344638D,sources/base/美术素材/blobs/e9/e91bf775da447fb2d982568b01498978574d703a0ec8fe983bb4a964b344638d.png,.png,image,source_composite,working_candidate,sources/draw/10_working/candidates/Zuhe2/Zuhe2_candidate_037.png,1,10_working,Zuhe2_candidate_037.png,0,0,,base_source_evidence_only,pending_verification,pending_review,not_admitted,base_reference_only_pending_promotion,Retained as source/reference; not admitted to runtime.
E9207D9B09FAE2AD5538AE9D20DBB22477486E2FF0DA49E3BE1FC8BCE6E35DEC,sources/base/美术素材/blobs/e9/e9207d9b09fae2ad5538ae9d20dbb22477486e2ff0da49e3be1fc8bce6e35dec.png,.png,image,source_composite,source_reference,sources/draw/5.png,1,draw_root,5.png,0,0,,base_source_evidence_only,pending_verification,pending_review,not_admitted,base_reference_only_pending_promotion,Retained as source/reference; not admitted to runtime.
E9B055740834A3C1F30DF07A525E41E38F3AACD69414E0B8CC510F58F65D385A,sources/base/美术素材/blobs/e9/e9b055740834a3c1f30df07a525e41e38f3aacd69414e0b8cc510f58f65d385a.png,.png,image,actor_animation_source,game_ready_source;processed_source;source_reference,sources/draw/20_processed/characters/huanxiong/frames/01_back_idle.png,3,20_processed;30_game_ready;art_other,01_back_idle.png,7,0,,base_source_evidence_only,pending_verification,pending_review,not_admitted,base_reference_only_pending_promotion,Retained as source/reference; not admitted to runtime.
E9B154769447B8245E0FED9A0A60E6042870BBA7D6BBBD1B8CD267C1ED032F0A,sources/base/美术素材/blobs/e9/e9b154769447b8245e0fed9a0a60e6042870bba7d6bbbd1b8cd267c1ed032f0a.png,.png,image,deploy,processed_source;working_candidate,sources/draw/10_working/candidates/5/5_candidate_053.png,2,10_working;20_processed,5_candidate_053.png;ui_talent_row_locked.png,0,0,,base_source_evidence_only,pending_verification,pending_review,not_admitted,base_reference_only_pending_promotion,Retained as source/reference; not admitted to runtime.
EA00A6485DC0CE6D4810B9AE82E337FF1830F9E41CA83C51482D54B542864B6E,sources/base/美术素材/blobs/ea/ea00a6485dc0ce6d4810b9ae82e337ff1830f9e41ca83c51482d54b542864b6e.png,.png,image,ui_component,stage_evidence,sources/art/ART-20/03_cut_output/shared/ui_keycap_prompt_set/ui_shared_keycap_esc_normal.png,1,stage_output,ui_shared_keycap_esc_normal.png,0,1,res://assets/ui/art20/shared/keycaps/ui_shared_keycap_esc_normal.png,base_source_evidence_only,pending_verification,pending_review,not_admitted,runtime_crosswalk_required,Exact runtime bytes exist; authority is decided per runtime row.
EA3A1E1B9CDF962630BEC177EBAC7CFF926D29284A8D567B25A36CFA97F2BDC4,sources/base/美术素材/blobs/ea/ea3a1e1b9cdf962630bec177ebac7cff926d29284a8d567b25a36cfa97f2bdc4.png,.png,image,source_composite,working_candidate,sources/draw/10_working/candidates/Zuhe2/Zuhe2_candidate_092.png,1,10_working,Zuhe2_candidate_092.png,0,0,,base_source_evidence_only,pending_verification,pending_review,not_admitted,base_reference_only_pending_promotion,Retained as source/reference; not admitted to runtime.
EA4D5BF468DA6AEA193376887147EA7C665F5C14DE1E17514C2B26FC8CFE0398,sources/base/美术素材/blobs/ea/ea4d5bf468da6aea193376887147ea7c665f5c14de1e17514c2b26fc8cfe0398.png,.png,image,source_composite,working_candidate,sources/draw/10_working/candidates/Zuhe2/Zuhe2_candidate_038.png,1,10_working,Zuhe2_candidate_038.png,0,0,,base_source_evidence_only,pending_verification,pending_review,not_admitted,base_reference_only_pending_promotion,Retained as source/reference; not admitted to runtime.
EA61B99A9DFA5005C60F3C9E560DA160008287A06D711CC3B9B1159BFE4A0EF8,sources/base/美术素材/blobs/ea/ea61b99a9dfa5005c60f3c9e560da160008287a06d711cc3b9b1159bfe4a0ef8.png,.png,image,ui_component,stage_evidence,sources/art/ART-20/03_cut_output/shared/ui_keycap_prompt_set/ui_shared_keycap_e_normal.png,1,stage_output,ui_shared_keycap_e_normal.png,0,1,res://assets/ui/art20/shared/keycaps/ui_shared_keycap_e_normal.png,base_source_evidence_only,pending_verification,pending_review,not_admitted,runtime_crosswalk_required,Exact runtime bytes exist; authority is decided per runtime row.
EA70460B18913473DF010C9D38F0C6ED9CC59D7A26D279342F674C4941D02CAB,sources/base/美术素材/blobs/ea/ea70460b18913473df010c9d38f0c6ed9cc59d7a26d279342f674c4941d02cab.png,.png,image,source_composite,processed_source,sources/draw/20_processed/ui_status_tag/ui_tag_level_1_5.png,1,20_processed,ui_tag_level_1_5.png,0,0,,base_source_evidence_only,pending_verification,pending_review,not_admitted,base_reference_only_pending_promotion,Retained as source/reference; not admitted to runtime.
EB1475240E9A45D93A2BADF7F7562D515963D3A86FC8F0C59A71AA91D021A70D,sources/base/美术素材/blobs/eb/eb1475240e9a45d93a2badf7f7562d515963d3a86fc8f0c59a71aa91d021a70d.json,.json,metadata,source_metadata,stage_evidence,sources/art/ART-20/_manifest/cut_summary.json,1,stage_output,cut_summary.json,1,0,,base_source_evidence_only,pending_verification,pending_review,not_admitted,source_support_not_runtime_art,"Registry, metadata, document, or other support object."
EB16446D72FCAE87E18C95463994384CBAC2D6C093964B6A3CCB5F93BA15D991,sources/base/美术素材/blobs/eb/eb16446d72fcae87e18c95463994384cbac2d6c093964b6a3ccb5f93ba15d991.png,.png,image,ui_component,stage_evidence,sources/art/ART-20/03_cut_output/shared/ui_keycap_prompt_set/ui_shared_keycap_q_normal.png,1,stage_output,ui_shared_keycap_q_normal.png,0,1,res://assets/ui/art20/shared/keycaps/ui_shared_keycap_q_normal.png,base_source_evidence_only,pending_verification,pending_review,not_admitted,runtime_crosswalk_required,Exact runtime bytes exist; authority is decided per runtime row.
EB46FFB5AB9B681F9AB2754FC91BC4CAF718AB055149966D99DFCF7F827F70DE,sources/base/美术素材/blobs/eb/eb46ffb5ab9b681f9ab2754fc91bc4caf718ab055149966d99dfcf7f827f70de.png,.png,image,source_composite,working_candidate,sources/draw/10_working/candidates/3/3_candidate_091.png,1,10_working,3_candidate_091.png,0,0,,base_source_evidence_only,pending_verification,pending_review,not_admitted,base_reference_only_pending_promotion,Retained as source/reference; not admitted to runtime.
EB7F8C3FB389543DF992B64717AFDF3EAAAB9FAC957CC98AB5BCE880FC083DBA,sources/base/美术素材/blobs/eb/eb7f8c3fb389543df992b64717afdf3eaaab9fac957cc98ab5bce880fc083dba.png,.png,image,source_composite,processed_source,sources/draw/20_processed/icons/raw/13_shuzi_3.png,1,20_processed,13_shuzi_3.png,2,0,,base_source_evidence_only,pending_verification,pending_review,not_admitted,base_reference_only_pending_promotion,Retained as source/reference; not admitted to runtime.
EC188529DC43CB042E9EAFF489FBDFDD4B300B046B066FC666D2C4878DF98D87,sources/base/美术素材/blobs/ec/ec188529dc43cb042e9eaff489fbdfdd4b300b046b066fc666d2c4878df98d87.png,.png,image,ui_component,game_ready_source;processed_source;runtime_candidate;selected_source;stage_evidence,sources/draw/20_processed/ui_key_prompt/ui_key_f.png,5,03_selected;05_export_runtime_candidates;20_processed;30_game_ready;stage_output,ui_key_f.png,0,1,res://assets/ui/key_prompt/ui_key_f.png,base_source_evidence_only,pending_verification,pending_review,not_admitted,runtime_crosswalk_required,Exact runtime bytes exist; authority is decided per runtime row.
EC45127B8B73AC28D916D2518F6353ADFAF69CA865BD428A6C9C7A726155DA51,sources/base/美术素材/blobs/ec/ec45127b8b73ac28d916d2518f6353adfaf69ca865bd428a6c9c7a726155da51.png,.png,image,uncategorized_image,working_candidate,sources/draw/10_working/candidates/4/4_candidate_027.png,1,10_working,4_candidate_027.png,0,0,,base_source_evidence_only,pending_verification,pending_review,not_admitted,base_reference_only_pending_promotion,Retained as source/reference; not admitted to runtime.
EC514BF2279EB8D87461673A73A9FBEEA76B1AA521BA8CDFDFD627E6EF350B4E,sources/base/美术素材/blobs/ec/ec514bf2279eb8d87461673a73a9fbeea76b1aa521ba8cdfdfd627e6ef350b4e.png,.png,image,source_composite,working_candidate,sources/draw/10_working/candidates/2/2_candidate_046.png,1,10_working,2_candidate_046.png,0,0,,base_source_evidence_only,pending_verification,pending_review,not_admitted,base_reference_only_pending_promotion,Retained as source/reference; not admitted to runtime.
EC58BAE34F8CBD3612E8B9DC2326285126BA1CC34BD20246CF1BB78AC7AABB90,sources/base/美术素材/blobs/ec/ec58bae34f8cbd3612e8b9dc2326285126ba1cc34bd20246cf1bb78ac7aabb90.png,.png,image,item,game_ready_source;processed_source;runtime_candidate;selected_source;stage_evidence,sources/draw/20_processed/item_consumable/item_consumable_medkit.png,5,03_selected;05_export_runtime_candidates;20_processed;30_game_ready;stage_output,item_consumable_medkit.png,0,1,res://assets/items/consumable/item_consumable_medkit.png,base_source_evidence_only,pending_verification,pending_review,not_admitted,runtime_crosswalk_required,Exact runtime bytes exist; authority is decided per runtime row.
EC7FAC4C5E0D85BDCBC52C5DC98AD300978C3488A0A0C65FA639A4E6646AA5DE,sources/base/美术素材/blobs/ec/ec7fac4c5e0d85bdcbc52c5dc98ad300978c3488a0a0c65fa639a4e6646aa5de.png,.png,image,source_composite,working_candidate,sources/draw/10_working/candidates/2/2_candidate_015.png,1,10_working,2_candidate_015.png,0,0,,base_source_evidence_only,pending_verification,pending_review,not_admitted,base_reference_only_pending_promotion,Retained as source/reference; not admitted to runtime.
ECC4E7E602CA908F2DDC192F1D4BC005905FE93F8C7BA02C5ACDF6D833C68E65,sources/base/美术素材/blobs/ec/ecc4e7e602ca908f2ddc192f1d4bc005905fe93f8c7ba02c5acdf6d833c68e65.json,.json,metadata,source_metadata,source_reference,sources/draw/_manifest/asset_index.json,1,draw_other,asset_index.json,0,0,,base_source_evidence_only,pending_verification,pending_review,not_admitted,source_support_not_runtime_art,"Registry, metadata, document, or other support object."
ECD027247D4B8F10627A6E8AF8750F7CD64F322457B9E9AD53A2104AF10C5DC7,sources/base/美术素材/blobs/ec/ecd027247d4b8f10627a6e8af8750f7cd64f322457b9e9ad53a2104af10c5dc7.png,.png,image,ui_component,stage_evidence,sources/art/ART-21/03_cut_output/shared/buttons/ui_art21_shared_button_primary_normal.png,2,stage_output,ui_art21_shared_button_primary_normal.png,0,1,res://assets/ui/art21/shared/buttons/ui_art21_shared_button_primary_normal.png,base_source_evidence_only,pending_verification,pending_review,not_admitted,runtime_crosswalk_required,Exact runtime bytes exist; authority is decided per runtime row.
ECEA1FAEE29E71A7E6DD9E5C19F50A321E651D5C6104E403C63F7187AAF550DF,sources/base/美术素材/blobs/ec/ecea1faee29e71a7e6dd9e5c19f50a321e651d5c6104e403c63f7187aaf550df.png,.png,image,source_composite,working_candidate,sources/draw/10_working/candidates/1/1_candidate_033.png,1,10_working,1_candidate_033.png,0,0,,base_source_evidence_only,pending_verification,pending_review,not_admitted,base_reference_only_pending_promotion,Retained as source/reference; not admitted to runtime.
ED0150ADE1FA803F8ED1B6641DDBCA6F3D37EFD4AE5907957E09863D3B72E227,sources/base/美术素材/blobs/ed/ed0150ade1fa803f8ed1b6641ddbca6f3d37efd4ae5907957e09863d3b72e227.png,.png,image,world_prop,processed_source,sources/draw/20_processed/props/raw/07_lingjian_dui.png,1,20_processed,07_lingjian_dui.png,1,0,,base_source_evidence_only,pending_verification,pending_review,not_admitted,base_reference_only_pending_promotion,Retained as source/reference; not admitted to runtime.
ED508C337A76AA049E093E0F61D8D76B6B5F73F3522771B0E52378B1261776EF,sources/base/美术素材/blobs/ed/ed508c337a76aa049e093e0f61d8d76b6b5f73f3522771b0e52378b1261776ef.png,.png,image,uncategorized_image,working_candidate,sources/draw/10_working/candidates/5/5_candidate_029.png,1,10_working,5_candidate_029.png,0,0,,base_source_evidence_only,pending_verification,pending_review,not_admitted,base_reference_only_pending_promotion,Retained as source/reference; not admitted to runtime.
ED59581DBCA30B5E98526319E60827A4A59FBB68CD948CF3D575C7A0D9C47FA3,sources/base/美术素材/blobs/ed/ed59581dbca30b5e98526319e60827a4a59fbb68cd948cf3d575c7a0d9c47fa3.png,.png,image,source_composite,working_candidate,sources/draw/10_working/candidates/Zuhe/Zuhe_candidate_054.png,1,10_working,Zuhe_candidate_054.png,0,0,,base_source_evidence_only,pending_verification,pending_review,not_admitted,base_reference_only_pending_promotion,Retained as source/reference; not admitted to runtime.
ED83D60A90E58685D20F7D096AD9219CACDAB0D209CC32283B0048087FB7F97D,sources/base/美术素材/blobs/ed/ed83d60a90e58685d20f7d096ad9219cacdab0d209cc32283b0048087fb7f97d.png,.png,image,uncategorized_image,working_candidate,sources/draw/10_working/candidates/1/1_candidate_040.png,1,10_working,1_candidate_040.png,0,0,,base_source_evidence_only,pending_verification,pending_review,not_admitted,base_reference_only_pending_promotion,Retained as source/reference; not admitted to runtime.
EDA61D8F76205EB65BD2F30E9F13B3F044D0C8F5D4E94368D2F67101E6589176,sources/base/美术素材/blobs/ed/eda61d8f76205eb65bd2f30e9f13b3f044d0c8f5d4e94368d2f67101e6589176.png,.png,image,source_composite,working_candidate,sources/draw/10_working/candidates/3/3_candidate_011.png,1,10_working,3_candidate_011.png,0,0,,base_source_evidence_only,pending_verification,pending_review,not_admitted,base_reference_only_pending_promotion,Retained as source/reference; not admitted to runtime.
EDB1B58CA3D12A7D8B4B0839CB20523CB3A3EE71B22B4C729AD443B3D54185A6,sources/base/美术素材/blobs/ed/edb1b58ca3d12a7d8b4b0839cb20523cb3a3ee71b22b4c729ad443b3d54185a6.png,.png,image,source_composite,working_candidate,sources/draw/10_working/candidates/Zujian1/Zujian1_candidate_004.png,1,10_working,Zujian1_candidate_004.png,0,0,,base_source_evidence_only,pending_verification,pending_review,not_admitted,base_reference_only_pending_promotion,Retained as source/reference; not admitted to runtime.
EDE10D9F1BC31F03E3060F531AB3D9F219C629223BD1551C18C5964B963F5C54,sources/base/美术素材/blobs/ed/ede10d9f1bc31f03e3060f531ab3d9f219c629223bd1551c18c5964b963f5c54.png,.png,image,ui_component,stage_evidence,sources/art/ART-20/03_cut_output/run_hud/run_bottom_key_bar_button/run_bottom_key_bar_button_ui_key_q.png,1,stage_output,run_bottom_key_bar_button_ui_key_q.png,0,0,,base_source_evidence_only,pending_verification,pending_review,not_admitted,base_reference_only_pending_promotion,Retained as source/reference; not admitted to runtime.
EDFC88AB9C805FA5817AE1128C9CCCF27483B70C40A8E8AF6DF2B8C668C10465,sources/base/美术素材/blobs/ed/edfc88ab9c805fa5817ae1128c9cccf27483b70c40a8e8af6df2b8c668c10465.png,.png,image,ui_component,stage_evidence,sources/art/ART-20/03_cut_output/run_hud/run_bottom_key_bar_button/run_bottom_key_bar_button_ui_key_f.png,1,stage_output,run_bottom_key_bar_button_ui_key_f.png,0,0,,base_source_evidence_only,pending_verification,pending_review,not_admitted,base_reference_only_pending_promotion,Retained as source/reference; not admitted to runtime.
EE5C05ED66F66173A241B5CFC470458AE0C983265CEE2E9C2445CDE83AD84A25,sources/base/美术素材/blobs/ee/ee5c05ed66f66173a241b5cfc470458ae0c983265cee2e9c2445cde83ad84a25.png,.png,image,map,game_ready_source;processed_source;runtime_candidate;selected_source,sources/draw/20_processed/map_icon/map_icon_marker_flag.png,4,03_selected;05_export_runtime_candidates;20_processed;30_game_ready,map_icon_marker_flag.png,0,0,,base_source_evidence_only,pending_verification,pending_review,not_admitted,base_reference_only_pending_promotion,Retained as source/reference; not admitted to runtime.
EE7C01036F3DB44EDC6D6B2E1761A96BDE5111822596CE4A404F2E89294D6FF1,sources/base/美术素材/blobs/ee/ee7c01036f3db44edc6d6b2e1761a96bde5111822596ce4a404f2e89294d6ff1.md,.md,document,source_documentation,source_reference,sources/draw/_manifest/processing_notes.md,1,draw_other,processing_notes.md,0,0,,base_source_evidence_only,pending_verification,pending_review,not_admitted,source_support_not_runtime_art,"Registry, metadata, document, or other support object."
EF4D1A329BF06142B222079832DBABD2B89D90420EC2BACEECA40B910B2BD6A0,sources/base/美术素材/blobs/ef/ef4d1a329bf06142b222079832dbabd2b89d90420ec2baceeca40b910b2bd6a0.png,.png,image,map,game_ready_source;stage_evidence,sources/draw/30_game_ready/icons/32/03_saomiao_ge.png,2,30_game_ready;stage_output,03_saomiao_ge.png;ui_art21r2_minimap_hud_scanned_32.png,2,3,res://assets/ui/art21r2/minimap/ui_art21r2_minimap_hud_scanned_32.png;res://assets/ui/minimap/scanned_cell.png,base_source_evidence_only,pending_verification,pending_review,not_admitted,runtime_crosswalk_required,Exact runtime bytes exist; authority is decided per runtime row.
EF9F061A55D677AE4762A5102619668E0728FFF0456812AB94AC04936F68BCDB,sources/base/美术素材/blobs/ef/ef9f061a55d677ae4762a5102619668e0728fff0456812ab94ac04936f68bcdb.png,.png,image,uncategorized_image,working_candidate,sources/draw/10_working/candidates/5/5_candidate_057.png,1,10_working,5_candidate_057.png,0,0,,base_source_evidence_only,pending_verification,pending_review,not_admitted,base_reference_only_pending_promotion,Retained as source/reference; not admitted to runtime.
EFBCFAA9980A2963C695FA84BCFAA7B0A2800B3DAE903E76FBD194B242B2CE36,sources/base/美术素材/blobs/ef/efbcfaa9980a2963c695fa84bcfaa7b0a2800b3dae903e76fbd194b242b2ce36.png,.png,image,source_composite,working_candidate,sources/draw/10_working/candidates/Zuhe2/Zuhe2_candidate_044.png,1,10_working,Zuhe2_candidate_044.png,0,0,,base_source_evidence_only,pending_verification,pending_review,not_admitted,base_reference_only_pending_promotion,Retained as source/reference; not admitted to runtime.
EFDCE26590054BC9A4AAEEC42275F76AEB93E0C783145298A45C7CBA3260D3BF,sources/base/美术素材/blobs/ef/efdce26590054bc9a4aaeec42275f76aeb93e0c783145298a45c7cba3260d3bf.png,.png,image,source_composite,working_candidate,sources/draw/10_working/candidates/Zujian2/Zujian2_candidate_017.png,1,10_working,Zujian2_candidate_017.png,0,0,,base_source_evidence_only,pending_verification,pending_review,not_admitted,base_reference_only_pending_promotion,Retained as source/reference; not admitted to runtime.
EFF3FFFEB238B42742F53411F1526810D93DA821062AD6FB45F0E9B35C1EBB92,sources/base/美术素材/blobs/ef/eff3fffeb238b42742f53411f1526810d93da821062ad6fb45f0e9b35c1ebb92.png,.png,image,source_composite,working_candidate,sources/draw/10_working/candidates/Zuhe/Zuhe_candidate_018.png,1,10_working,Zuhe_candidate_018.png,0,0,,base_source_evidence_only,pending_verification,pending_review,not_admitted,base_reference_only_pending_promotion,Retained as source/reference; not admitted to runtime.
F0217B610209EC376D7E54EBB1D4C327F98A863ADBD43FB5E56158E257D4041E,sources/base/美术素材/blobs/f0/f0217b610209ec376d7e54ebb1d4c327f98a863adbd43fb5e56158e257d4041e.png,.png,image,uncategorized_image,working_candidate,sources/draw/10_working/candidates/4/4_candidate_010.png,1,10_working,4_candidate_010.png,0,0,,base_source_evidence_only,pending_verification,pending_review,not_admitted,base_reference_only_pending_promotion,Retained as source/reference; not admitted to runtime.
F05595BF5093A5464C5B0A01C7141356F8B5DDF5A57350D32A939DB0B8ABF62F,sources/base/美术素材/blobs/f0/f05595bf5093a5464c5b0a01c7141356f8b5ddf5a57350d32a939db0b8abf62f.png,.png,image,actor_animation_source,source_reference,sources/draw/processed/HUligai/01_back_idle.png,1,draw_other,01_back_idle.png,7,0,,base_source_evidence_only,pending_verification,pending_review,not_admitted,base_reference_only_pending_promotion,Retained as source/reference; not admitted to runtime.
F05E6F524359097B1AF68E3C2D9546E479E8701D439E3B43F33F7240751FF86E,sources/base/美术素材/blobs/f0/f05e6f524359097b1af68e3c2d9546e479e8701d439e3b43f33f7240751ff86e.png,.png,image,source_composite,working_candidate,sources/draw/10_working/candidates/Zuhe/Zuhe_candidate_009.png,1,10_working,Zuhe_candidate_009.png,0,0,,base_source_evidence_only,pending_verification,pending_review,not_admitted,base_reference_only_pending_promotion,Retained as source/reference; not admitted to runtime.
F0852BE85ADF1CA57F4E6BFAB99C505290C27745F91DC886E843700170150D8A,sources/base/美术素材/blobs/f0/f0852be85adf1ca57f4e6bfab99c505290c27745f91dc886e843700170150d8a.png,.png,image,source_composite,working_candidate,sources/draw/10_working/candidates/2/2_candidate_051.png,1,10_working,2_candidate_051.png,0,0,,base_source_evidence_only,pending_verification,pending_review,not_admitted,base_reference_only_pending_promotion,Retained as source/reference; not admitted to runtime.
F09F524E01B5D4EDA66F3717E6DBFD4BB205A79E81DCEB07E3C34EA8185EB8D2,sources/base/美术素材/blobs/f0/f09f524e01b5d4eda66f3717e6dbfd4bb205a79e81dceb07e3c34ea8185eb8d2.png,.png,image,source_composite,working_candidate,sources/draw/10_working/candidates/Zuhe/Zuhe_candidate_024.png,1,10_working,Zuhe_candidate_024.png,0,0,,base_source_evidence_only,pending_verification,pending_review,not_admitted,base_reference_only_pending_promotion,Retained as source/reference; not admitted to runtime.
F0BDF33EA95A7B21F776341C0B0B2AA7646C77E63F4B3DDA59C33DF94502F810,sources/base/美术素材/blobs/f0/f0bdf33ea95a7b21f776341c0b0b2aa7646c77e63f4b3dda59c33df94502f810.png,.png,image,uncategorized_image,working_candidate,sources/draw/10_working/candidates/5/5_candidate_018.png,1,10_working,5_candidate_018.png,0,0,,base_source_evidence_only,pending_verification,pending_review,not_admitted,base_reference_only_pending_promotion,Retained as source/reference; not admitted to runtime.
F11CC09A98A4DB4DB8FAC176214DE0FF5801772009C0A7EA17074627EDDA5F89,sources/base/美术素材/blobs/f1/f11cc09a98a4db4db8fac176214de0ff5801772009c0a7ea17074627edda5f89.png,.png,image,source_composite,working_candidate,sources/draw/10_working/candidates/Zujian1/Zujian1_candidate_015.png,1,10_working,Zujian1_candidate_015.png,0,0,,base_source_evidence_only,pending_verification,pending_review,not_admitted,base_reference_only_pending_promotion,Retained as source/reference; not admitted to runtime.
F138A71FB6DFC680FCE6F32E9BD76959C7FB595744239D24B054067C5934AF2C,sources/base/美术素材/blobs/f1/f138a71fb6dfc680fce6f32e9bd76959c7fb595744239d24b054067c5934af2c.png,.png,image,source_composite,working_candidate,sources/draw/10_working/candidates/Zuhe/Zuhe_candidate_051.png,1,10_working,Zuhe_candidate_051.png,0,0,,base_source_evidence_only,pending_verification,pending_review,not_admitted,base_reference_only_pending_promotion,Retained as source/reference; not admitted to runtime.
F140F8FB8BE46FB0E97BECA0E8CAC3A8102B79B1BD3409E80CF1BF3B366B3E75,sources/base/美术素材/blobs/f1/f140f8fb8be46fb0e97beca0e8cac3a8102b79b1bd3409e80cf1bf3b366b3e75.png,.png,image,item,processed_source,sources/draw/20_processed/ui_item_card/ui_slot_row_four.png,1,20_processed,ui_slot_row_four.png,0,0,,base_source_evidence_only,pending_verification,pending_review,not_admitted,base_reference_only_pending_promotion,Retained as source/reference; not admitted to runtime.
F1A2DD8066BEC30CB3F7AABB1C84CE0DB02A3115EEF261A1990F40A83C12ED2F,sources/base/美术素材/blobs/f1/f1a2dd8066bec30cb3f7aabb1c84ce0db02a3115eef261a1990f40a83c12ed2f.png,.png,image,uncategorized_image,working_candidate,sources/draw/10_working/candidates/3/3_candidate_018.png,1,10_working,3_candidate_018.png,0,0,,base_source_evidence_only,pending_verification,pending_review,not_admitted,base_reference_only_pending_promotion,Retained as source/reference; not admitted to runtime.
F1A47C9750DA8E9907FC1C675D18D8E9D8BADB3B7B8741894111B46B3FA44B85,sources/base/美术素材/blobs/f1/f1a47c9750da8e9907fc1c675d18d8e9d8badb3b7b8741894111b46b3fa44b85.png,.png,image,main_menu,stage_evidence,sources/art/ART-21R2/03_cut_output/main_menu/ui_art21r2_main_menu_entry_plank_exit.png,1,stage_output,ui_art21r2_main_menu_entry_plank_exit.png,0,1,res://assets/ui/art21r2/main_menu/ui_art21r2_main_menu_entry_plank_exit.png,base_source_evidence_only,pending_verification,pending_review,not_admitted,runtime_crosswalk_required,Exact runtime bytes exist; authority is decided per runtime row.
F1A870760D40719744C4081953C7EEC5E62C0EE012753027736CEB95C2422CEE,sources/base/美术素材/blobs/f1/f1a870760d40719744c4081953c7eec5e62c0ee012753027736ceb95c2422cee.png,.png,image,debug_artifact,game_ready_source;processed_source,sources/draw/20_processed/characters/tuzi/debug_detected_boxes.png,2,20_processed;30_game_ready,debug_detected_boxes.png,12,0,,base_source_evidence_only,pending_verification,pending_review,not_admitted,base_reference_only_pending_promotion,Retained as source/reference; not admitted to runtime.
F252F62E6B5A3A0006FFAE739FBE70514146B95036BB5A102C326726A384C38A,sources/base/美术素材/blobs/f2/f252f62e6b5a3a0006ffae739fbe70514146b95036bb5a102c326726a384c38a.csv,.csv,table,source_registry,source_reference,sources/art/_registry/review_status.csv,1,art_other,review_status.csv,0,0,,base_source_evidence_only,pending_verification,pending_review,not_admitted,source_support_not_runtime_art,"Registry, metadata, document, or other support object."
F2713025387824966C9EF1C45C89E3956A10C9818F28C682A0479B6FD8CA530E,sources/base/美术素材/blobs/f2/f2713025387824966c9ef1c45c89e3956a10c9818f28c682a0479b6fd8ca530e.png,.png,image,source_composite,working_candidate,sources/draw/10_working/candidates/1/1_candidate_013.png,1,10_working,1_candidate_013.png,0,0,,base_source_evidence_only,pending_verification,pending_review,not_admitted,base_reference_only_pending_promotion,Retained as source/reference; not admitted to runtime.
F2866600D71DE3658A955CD45002893F48087ECC23D5F4B970419C270D6E6DA5,sources/base/美术素材/blobs/f2/f2866600d71de3658a955cd45002893f48087ecc23d5f4b970419c270d6e6da5.png,.png,image,world_prop,game_ready_source;runtime_candidate;selected_source,sources/draw/30_game_ready/props/06_dici_xianjing.png,3,03_selected;05_export_runtime_candidates;30_game_ready,06_dici_xianjing.png,1,1,res://assets/props/mine_trap.png,base_source_evidence_only,pending_verification,pending_review,not_admitted,runtime_crosswalk_required,Exact runtime bytes exist; authority is decided per runtime row.
F38AEFACAE555E7192931FB22B2CE32D30823D59EBF77548BD9D2776ADD34B14,sources/base/美术素材/blobs/f3/f38aefacae555e7192931fb22b2ce32d30823d59ebf77548bd9d2776add34b14.png,.png,image,source_composite,working_candidate,sources/draw/10_working/candidates/5/5_candidate_026.png,1,10_working,5_candidate_026.png,0,0,,base_source_evidence_only,pending_verification,pending_review,not_admitted,base_reference_only_pending_promotion,Retained as source/reference; not admitted to runtime.
F3AAC657E2DC6C0B80DD2E368B22B17989202617FD9035BE125161F2A17F5653,sources/base/美术素材/blobs/f3/f3aac657e2dc6c0b80dd2e368b22b17989202617fd9035be125161f2a17f5653.png,.png,image,actor_animation_source,source_reference,sources/draw/processed/Tuzigai/sheet.png,1,draw_other,sheet.png,3,0,,base_source_evidence_only,pending_verification,pending_review,not_admitted,base_reference_only_pending_promotion,Retained as source/reference; not admitted to runtime.
F49B3FADFE5B8339D8EE7A80D1B22B4730A525328E36EB894BF54F171FFE8DF3,sources/base/美术素材/blobs/f4/f49b3fadfe5b8339d8ee7a80d1b22b4730a525328e36eb894bf54f171ffe8df3.png,.png,image,source_composite,working_candidate,sources/draw/10_working/candidates/Zuhe2/Zuhe2_candidate_093.png,1,10_working,Zuhe2_candidate_093.png,0,0,,base_source_evidence_only,pending_verification,pending_review,not_admitted,base_reference_only_pending_promotion,Retained as source/reference; not admitted to runtime.
F4A247979A8EE782B939B9EED2D7155DC10EFA83C0E88290475130122AF0273A,sources/base/美术素材/blobs/f4/f4a247979a8ee782b939b9eed2d7155dc10efa83c0e88290475130122af0273a.png,.png,image,source_composite,working_candidate,sources/draw/10_working/candidates/5/5_candidate_031.png,1,10_working,5_candidate_031.png,0,0,,base_source_evidence_only,pending_verification,pending_review,not_admitted,base_reference_only_pending_promotion,Retained as source/reference; not admitted to runtime.
F53BDD7661C703301FB39C824EB16192589DD4E83CD98B22487A36D8AC7A905A,sources/base/美术素材/blobs/f5/f53bdd7661c703301fb39c824eb16192589dd4e83cd98b22487a36d8ac7a905a.png,.png,image,source_composite,working_candidate,sources/draw/10_working/candidates/Zuhe/Zuhe_candidate_015.png,1,10_working,Zuhe_candidate_015.png,0,0,,base_source_evidence_only,pending_verification,pending_review,not_admitted,base_reference_only_pending_promotion,Retained as source/reference; not admitted to runtime.
F5FC860AA2B8B7E25AF6862CCC3FDF3F7873E0EC9A42DD099E49C358B818A4DE,sources/base/美术素材/blobs/f5/f5fc860aa2b8b7e25af6862ccc3fdf3f7873e0ec9a42dd099e49c358b818a4de.png,.png,image,source_composite,working_candidate,sources/draw/10_working/candidates/3/3_candidate_042.png,1,10_working,3_candidate_042.png,0,0,,base_source_evidence_only,pending_verification,pending_review,not_admitted,base_reference_only_pending_promotion,Retained as source/reference; not admitted to runtime.
F5FE776519717B32A2EDBA4402887C715C5E9185AD7EEED6C62E1D90387BF94F,sources/base/美术素材/blobs/f5/f5fe776519717b32a2edba4402887c715c5e9185ad7eeed6c62e1d90387bf94f.png,.png,image,debug_artifact,game_ready_source;processed_source,sources/draw/20_processed/ui/debug_detected_boxes.png,2,20_processed;30_game_ready,debug_detected_boxes.png,12,0,,base_source_evidence_only,pending_verification,pending_review,not_admitted,base_reference_only_pending_promotion,Retained as source/reference; not admitted to runtime.
F689610D4158B43EEB0EB429BD31FB07A6149B90922793B9E962B015F779BBD1,sources/base/美术素材/blobs/f6/f689610d4158b43eeb0eb429bd31fb07a6149b90922793b9e962b015f779bbd1.png,.png,image,actor_animation_source,source_reference,sources/draw/processed/Maogai/08_front_walk_2.png,1,draw_other,08_front_walk_2.png,7,0,,base_source_evidence_only,pending_verification,pending_review,not_admitted,base_reference_only_pending_promotion,Retained as source/reference; not admitted to runtime.
F69FDC4D4C6522DAF2403BBF16D255817576439A0CC8AE911C7315E18FE66AE9,sources/base/美术素材/blobs/f6/f69fdc4d4c6522daf2403bbf16d255817576439a0cc8ae911c7315e18fe66ae9.png,.png,image,source_composite,working_candidate,sources/draw/10_working/candidates/Zuhe2/Zuhe2_candidate_083.png,1,10_working,Zuhe2_candidate_083.png,0,0,,base_source_evidence_only,pending_verification,pending_review,not_admitted,base_reference_only_pending_promotion,Retained as source/reference; not admitted to runtime.
F74524842821F580097FE2AD086C6E71FC67BD741C929904E18548701E13FDD4,sources/base/美术素材/blobs/f7/f74524842821f580097fe2ad086c6e71fc67bd741c929904e18548701e13fdd4.png,.png,image,source_composite,working_candidate,sources/draw/10_working/candidates/5/5_candidate_004.png,1,10_working,5_candidate_004.png,0,0,,base_source_evidence_only,pending_verification,pending_review,not_admitted,base_reference_only_pending_promotion,Retained as source/reference; not admitted to runtime.
F76605DFA2FA2B691DE2255FD9849C47C7198C4172A974C42A7DD6BD9A638A8F,sources/base/美术素材/blobs/f7/f76605dfa2fa2b691de2255fd9849c47c7198c4172a974c42a7dd6bd9a638a8f.png,.png,image,iconography,game_ready_source,sources/draw/30_game_ready/icons/64/05_dici_xianjing_icon.png,1,30_game_ready,05_dici_xianjing_icon.png,2,1,res://assets/ui/art19/map64/mine_icon_64.png,base_source_evidence_only,pending_verification,pending_review,not_admitted,runtime_crosswalk_required,Exact runtime bytes exist; authority is decided per runtime row.
F791E733C2DDEBE5DCA1C6242C0D127310F121EF91B0B36C8FE624F45033F82E,sources/base/美术素材/blobs/f7/f791e733c2ddebe5dca1c6242c0d127310f121ef91b0b36c8fe624f45033f82e.png,.png,image,source_composite,working_candidate,sources/draw/10_working/candidates/5/5_candidate_055.png,1,10_working,5_candidate_055.png,0,0,,base_source_evidence_only,pending_verification,pending_review,not_admitted,base_reference_only_pending_promotion,Retained as source/reference; not admitted to runtime.
F7B3A749643B7C0F593655ECFFBD98BD1CBCB74F7CE453143DC129F567267DB0,sources/base/美术素材/blobs/f7/f7b3a749643b7c0f593655ecffbd98bd1cbcb74f7ce453143dc129f567267db0.md,.md,document,source_documentation,source_reference,sources/draw/_manifest/duplicates.md,1,draw_other,duplicates.md,0,0,,base_source_evidence_only,pending_verification,pending_review,not_admitted,source_support_not_runtime_art,"Registry, metadata, document, or other support object."
F7B56879D4ACB38499E9BB99D634EAD4EA79FD4284F206E29562556F4EA8070E,sources/base/美术素材/blobs/f7/f7b56879d4acb38499e9bb99d634ead4ea79fd4284f206e29562556f4ea8070e.png,.png,image,uncategorized_image,working_candidate,sources/draw/10_working/candidates/3/3_candidate_059.png,1,10_working,3_candidate_059.png,0,0,,base_source_evidence_only,pending_verification,pending_review,not_admitted,base_reference_only_pending_promotion,Retained as source/reference; not admitted to runtime.
F7B7004B1BDCF2097BC695507EB1824038D0CB2D11F559B1017F43A2DF4FCE78,sources/base/美术素材/blobs/f7/f7b7004b1bdcf2097bc695507eb1824038d0cb2d11f559b1017f43a2df4fce78.png,.png,image,source_composite,working_candidate,sources/draw/10_working/candidates/Zuhe2/Zuhe2_candidate_041.png,1,10_working,Zuhe2_candidate_041.png,0,0,,base_source_evidence_only,pending_verification,pending_review,not_admitted,base_reference_only_pending_promotion,Retained as source/reference; not admitted to runtime.
F8B2533BF52C3FE3A0EF611B0691ACA2A0B49EDE4C13CDAE8B09DD270280B3F1,sources/base/美术素材/blobs/f8/f8b2533bf52c3fe3a0ef611b0691aca2a0b49ede4c13cdae8b09dd270280b3f1.png,.png,image,uncategorized_image,working_candidate,sources/draw/10_working/candidates/3/3_candidate_030.png,1,10_working,3_candidate_030.png,0,0,,base_source_evidence_only,pending_verification,pending_review,not_admitted,base_reference_only_pending_promotion,Retained as source/reference; not admitted to runtime.
F8C43119FC7E89AD3D217545BA73784FE2E6650FC962DB0E207CA0F55D7E7531,sources/base/美术素材/blobs/f8/f8c43119fc7e89ad3d217545ba73784fe2e6650fc962db0e207ca0f55d7e7531.png,.png,image,source_composite,working_candidate,sources/draw/10_working/candidates/Zuhe2/Zuhe2_candidate_007.png,1,10_working,Zuhe2_candidate_007.png,0,0,,base_source_evidence_only,pending_verification,pending_review,not_admitted,base_reference_only_pending_promotion,Retained as source/reference; not admitted to runtime.
F8C842CCC7377F641E9C7700058524A47EF0DE230D6CAD7731910E27D04CFB9C,sources/base/美术素材/blobs/f8/f8c842ccc7377f641e9c7700058524a47ef0de230d6cad7731910e27d04cfb9c.png,.png,image,source_composite,working_candidate,sources/draw/10_working/candidates/4/4_candidate_003.png,1,10_working,4_candidate_003.png,0,0,,base_source_evidence_only,pending_verification,pending_review,not_admitted,base_reference_only_pending_promotion,Retained as source/reference; not admitted to runtime.
F90AB9C1592F9535FC3C249D25E78DBC19528FF31D6AD919FA207F25080501F1,sources/base/美术素材/blobs/f9/f90ab9c1592f9535fc3c249d25e78dbc19528ff31d6ad919fa207f25080501f1.png,.png,image,source_composite,working_candidate,sources/draw/10_working/candidates/4/4_candidate_021.png,1,10_working,4_candidate_021.png,0,0,,base_source_evidence_only,pending_verification,pending_review,not_admitted,base_reference_only_pending_promotion,Retained as source/reference; not admitted to runtime.
F925DF97FC95B4CF3FE815AD146B8FB1C2028CE03D85EFF2C9BAD11B9F0DF564,sources/base/美术素材/blobs/f9/f925df97fc95b4cf3fe815ad146b8fb1c2028ce03d85eff2c9bad11b9f0df564.png,.png,image,actor_animation_source,source_reference,sources/draw/processed/Tuzigai/06_left_walk_1.png,1,draw_other,06_left_walk_1.png,7,0,,base_source_evidence_only,pending_verification,pending_review,not_admitted,base_reference_only_pending_promotion,Retained as source/reference; not admitted to runtime.
F93F25DE3856FD0712C766F2C23B728CBCAB357C0A5C667423DF6949AA337002,sources/base/美术素材/blobs/f9/f93f25de3856fd0712c766f2c23b728cbcab357c0a5c667423df6949aa337002.png,.png,image,ui_component,processed_source,sources/draw/20_processed/ui_title_plate/ui_title_extract_confirm_large.png,1,20_processed,ui_title_extract_confirm_large.png,0,0,,base_source_evidence_only,pending_verification,pending_review,not_admitted,base_reference_only_pending_promotion,Retained as source/reference; not admitted to runtime.
F99B3E48EB1D60F38557A913980701C1527CA38807668A86D9C09B021FBABE4A,sources/base/美术素材/blobs/f9/f99b3e48eb1d60f38557a913980701c1527ca38807668a86d9c09b021fbabe4a.png,.png,image,ui_component,stage_evidence,sources/art/ART-21R2/03_cut_output/map_overlay/ui_art21r2_map_overlay_marker_event.png,1,stage_output,ui_art21r2_map_overlay_marker_event.png,0,1,res://assets/ui/art21r2/map_overlay/ui_art21r2_map_overlay_marker_event.png,base_source_evidence_only,pending_verification,pending_review,not_admitted,runtime_crosswalk_required,Exact runtime bytes exist; authority is decided per runtime row.
F9B22261594874285BF689003053D8B1BE0B7F1E0EC9AD0698D71B50E10D4412,sources/base/美术素材/blobs/f9/f9b22261594874285bf689003053d8b1be0b7f1e0ec9ad0698d71b50e10d4412.png,.png,image,source_composite,working_candidate,sources/draw/10_working/candidates/5/5_candidate_033.png,1,10_working,5_candidate_033.png,0,0,,base_source_evidence_only,pending_verification,pending_review,not_admitted,base_reference_only_pending_promotion,Retained as source/reference; not admitted to runtime.
F9DDF13447DA0A7723B23D25776E7933D4C52D64EBE859ED0022EDA5EEB2893B,sources/base/美术素材/blobs/f9/f9ddf13447da0a7723b23d25776e7933d4c52d64ebe859ed0022eda5eeb2893b.png,.png,image,actor,game_ready_source;processed_source;source_reference,sources/draw/20_processed/characters/mao/mao_sheet.png,3,20_processed;30_game_ready;art_other,mao_sheet.png,0,0,,base_source_evidence_only,pending_verification,pending_review,not_admitted,base_reference_only_pending_promotion,Retained as source/reference; not admitted to runtime.
FA3D4F7AB29C63EBDBDFFDFFCFF346B2B2FB7B0CC79B95D534A9EE5E58B708F5,sources/base/美术素材/blobs/fa/fa3d4f7ab29c63ebdbdffdffcff346b2b2fb7b0cc79b95d534a9ee5e58b708f5.json,.json,metadata,source_metadata,stage_evidence,sources/art/ART-20/_manifest/staging_summary.json,1,stage_output,staging_summary.json,0,0,,base_source_evidence_only,pending_verification,pending_review,not_admitted,source_support_not_runtime_art,"Registry, metadata, document, or other support object."
FA8D92533E7B48933EF6961F5C484B8E058B50E611C2D9F9C48D49B256173CD7,sources/base/美术素材/blobs/fa/fa8d92533e7b48933ef6961f5c484b8e058b50e611c2d9f9c48d49b256173cd7.png,.png,image,uncategorized_image,working_candidate,sources/draw/10_working/candidates/1/1_candidate_038.png,1,10_working,1_candidate_038.png,0,0,,base_source_evidence_only,pending_verification,pending_review,not_admitted,base_reference_only_pending_promotion,Retained as source/reference; not admitted to runtime.
FB7128B561AB2ABF38297E346C42B3BB009BC941670C1E656C1D9897CFF04065,sources/base/美术素材/blobs/fb/fb7128b561ab2abf38297e346c42b3bb009bc941670c1e656c1d9897cff04065.png,.png,image,actor_animation_source,source_reference,sources/draw/processed/HUligai/03_right_idle.png,1,draw_other,03_right_idle.png,7,0,,base_source_evidence_only,pending_verification,pending_review,not_admitted,base_reference_only_pending_promotion,Retained as source/reference; not admitted to runtime.
FC0B944AF560B51E1ADBD5A4A60EBF3524351844553D47253F1A67323A5E214C,sources/base/美术素材/blobs/fc/fc0b944af560b51e1adbd5a4a60ebf3524351844553d47253f1a67323a5e214c.png,.png,image,source_composite,game_ready_source,sources/draw/30_game_ready/icons/64/11_shuzi_1.png,1,30_game_ready,11_shuzi_1.png,2,0,,base_source_evidence_only,pending_verification,pending_review,not_admitted,base_reference_only_pending_promotion,Retained as source/reference; not admitted to runtime.
FC48AAC0603CE9BD4822EDBCB9D795F5CC3D32F96AE25C8D1444EF5E6F47873A,sources/base/美术素材/blobs/fc/fc48aac0603ce9bd4822edbcb9d795f5cc3d32f96ae25c8d1444ef5e6f47873a.png,.png,image,iconography,game_ready_source,sources/draw/30_game_ready/icons/32/10_yiqingli_icon.png,1,30_game_ready,10_yiqingli_icon.png,2,1,res://assets/ui/minimap/cleared_icon.png,base_source_evidence_only,pending_verification,pending_review,not_admitted,runtime_crosswalk_required,Exact runtime bytes exist; authority is decided per runtime row.
FC812C5C06C17EB51709538BD73A56D4FD8A728C343BCACCBBE175C4F2000110,sources/base/美术素材/blobs/fc/fc812c5c06c17eb51709538bd73a56d4fd8a728c343bcaccbbe175c4f2000110.png,.png,image,uncategorized_image,working_candidate,sources/draw/10_working/candidates/2/2_candidate_057.png,1,10_working,2_candidate_057.png,0,0,,base_source_evidence_only,pending_verification,pending_review,not_admitted,base_reference_only_pending_promotion,Retained as source/reference; not admitted to runtime.
FCCECF63330E70BFDDF109FBD6DB8E5597C6A8762FC5BFA0F79EA21180ADF66E,sources/base/美术素材/blobs/fc/fccecf63330e70bfddf109fbd6db8e5597c6a8762fc5bfa0f79ea21180adf66e.png,.png,image,source_composite,working_candidate,sources/draw/10_working/candidates/Zuhe2/Zuhe2_candidate_059.png,1,10_working,Zuhe2_candidate_059.png,0,0,,base_source_evidence_only,pending_verification,pending_review,not_admitted,base_reference_only_pending_promotion,Retained as source/reference; not admitted to runtime.
FCE7959AE7A20F51707DC29AA16BD35448C26B1E11BE16A4B966E90B2E018F2A,sources/base/美术素材/blobs/fc/fce7959ae7a20f51707dc29aa16bd35448c26b1e11be16a4b966e90b2e018f2a.png,.png,image,world_prop,game_ready_source;runtime_candidate;selected_source,sources/draw/30_game_ready/props/01_cheli_zhuangzhi_an.png,3,03_selected;05_export_runtime_candidates;30_game_ready,01_cheli_zhuangzhi_an.png,1,1,res://assets/props/art07/01_cheli_zhuangzhi_an.png,base_source_evidence_only,pending_verification,pending_review,not_admitted,runtime_crosswalk_required,Exact runtime bytes exist; authority is decided per runtime row.
FD0E76C2F5D0DE744712A5FCB73586B0FC37B517DCF1C9DF43AFA40E8FBE7050,sources/base/美术素材/blobs/fd/fd0e76c2f5d0de744712a5fcb73586b0fc37b517dcf1c9df43afa40e8fbe7050.png,.png,image,uncategorized_image,working_candidate,sources/draw/10_working/candidates/2/2_candidate_049.png,1,10_working,2_candidate_049.png,0,0,,base_source_evidence_only,pending_verification,pending_review,not_admitted,base_reference_only_pending_promotion,Retained as source/reference; not admitted to runtime.
FD14E3A6DA416FC8356B9C45230F8A94F16E06883D576DE3DEC6DC4F226AE3DB,sources/base/美术素材/blobs/fd/fd14e3a6da416fc8356b9c45230f8a94f16e06883d576de3dec6dc4f226ae3db.png,.png,image,source_composite,working_candidate,sources/draw/10_working/candidates/Zuhe2/Zuhe2_candidate_058.png,1,10_working,Zuhe2_candidate_058.png,0,0,,base_source_evidence_only,pending_verification,pending_review,not_admitted,base_reference_only_pending_promotion,Retained as source/reference; not admitted to runtime.
FD20BB16F02FDC33FA4DCD16F1BA9D9925A6022FC0A948B85A33B2AA6AB330FD,sources/base/美术素材/blobs/fd/fd20bb16f02fdc33fa4dcd16f1ba9d9925a6022fc0a948b85a33b2aa6ab330fd.png,.png,image,ui_component,processed_source,sources/draw/20_processed/ui_protocol/ui_protocol_5_to_1_strip.png,1,20_processed,ui_protocol_5_to_1_strip.png,0,0,,base_source_evidence_only,pending_verification,pending_review,not_admitted,base_reference_only_pending_promotion,Retained as source/reference; not admitted to runtime.
FD298A650EF3B1D9E05DA62BC90C49CC0B171637A7EAFC16E8608CCE65604A5D,sources/base/美术素材/blobs/fd/fd298a650ef3b1d9e05da62bc90c49cc0b171637a7eafc16e8608cce65604a5d.png,.png,image,uncategorized_image,working_candidate,sources/draw/10_working/candidates/2/2_candidate_040.png,1,10_working,2_candidate_040.png,0,0,,base_source_evidence_only,pending_verification,pending_review,not_admitted,base_reference_only_pending_promotion,Retained as source/reference; not admitted to runtime.
FD3CA102D24F4895853430EE7F2374D2F5155C4A40FB3EBB0F79493F7B3F1F49,sources/base/美术素材/blobs/fd/fd3ca102d24f4895853430ee7f2374d2f5155c4a40fb3ebb0f79493f7b3f1f49.png,.png,image,ui_component,stage_evidence,sources/art/ART-21/03_cut_output/shared/buttons/ui_art21_shared_button_secondary_normal.png,2,stage_output,ui_art21_shared_button_secondary_normal.png,0,1,res://assets/ui/art21/shared/buttons/ui_art21_shared_button_secondary_normal.png,base_source_evidence_only,pending_verification,pending_review,not_admitted,runtime_crosswalk_required,Exact runtime bytes exist; authority is decided per runtime row.
FD689A1F110CFCAA82386B6DCF29E453F2C533A332D86A2FF44F065987467462,sources/base/美术素材/blobs/fd/fd689a1f110cfcaa82386b6dcf29e453f2c533a332d86a2ff44f065987467462.png,.png,image,source_composite,working_candidate,sources/draw/10_working/candidates/Zuhe2/Zuhe2_candidate_034.png,1,10_working,Zuhe2_candidate_034.png,0,0,,base_source_evidence_only,pending_verification,pending_review,not_admitted,base_reference_only_pending_promotion,Retained as source/reference; not admitted to runtime.
FD8446B02A148F04EE70C8B532B58A5D01C794C17EC26CEAACD938300CC8C3C8,sources/base/美术素材/blobs/fd/fd8446b02a148f04ee70c8b532b58a5d01c794c17ec26ceaacd938300cc8c3c8.png,.png,image,source_composite,working_candidate,sources/draw/10_working/candidates/Zuhe2/Zuhe2_candidate_051.png,1,10_working,Zuhe2_candidate_051.png,0,0,,base_source_evidence_only,pending_verification,pending_review,not_admitted,base_reference_only_pending_promotion,Retained as source/reference; not admitted to runtime.
FD88C66D8CD9689D5443484E5C3DB500C6D9D177E9773F00D79AE9C08999BE55,sources/base/美术素材/blobs/fd/fd88c66d8cd9689d5443484e5c3db500c6d9d177e9773f00d79ae9c08999be55.png,.png,image,uncategorized_image,working_candidate,sources/draw/10_working/candidates/5/5_candidate_039.png,1,10_working,5_candidate_039.png,0,0,,base_source_evidence_only,pending_verification,pending_review,not_admitted,base_reference_only_pending_promotion,Retained as source/reference; not admitted to runtime.
FD9F44BAEC60D4BEEB389CD3D99CD6E3F70BBA11F2B60C93FD4FC90AF5F1E83B,sources/base/美术素材/blobs/fd/fd9f44baec60d4beeb389cd3d99cd6e3f70bba11f2b60c93fd4fc90af5f1e83b.png,.png,image,actor,game_ready_source;processed_source;source_reference,sources/draw/20_processed/characters/huanxiong/huanxiong_sheet.png,3,20_processed;30_game_ready;art_other,huanxiong_sheet.png,0,0,,base_source_evidence_only,pending_verification,pending_review,not_admitted,base_reference_only_pending_promotion,Retained as source/reference; not admitted to runtime.
FDABA44239587B784C10278C45BEE93B01167F024C714FD956265BDE263D2F36,sources/base/美术素材/blobs/fd/fdaba44239587b784c10278c45bee93b01167f024c714fd956265bde263d2f36.png,.png,image,reference_capture,packaged_base_input;visual_target,sources/art/Base/出发探索确定.png,2,08_visual_targets;Base,出发探索确定.png,0,0,,base_source_evidence_only,pending_verification,pending_review,not_admitted,base_reference_only_pending_promotion,Retained as source/reference; not admitted to runtime.
FDCE65EF5110841644DEE27285405BE1383BF985A3677A3636A3CE19B0EF26E0,sources/base/美术素材/blobs/fd/fdce65ef5110841644dee27285405be1383bf985a3677a3636a3ce19b0ef26e0.csv,.csv,table,source_registry,stage_evidence,sources/art/ART-21R2/_manifest/modal_control_cut_dry_run_plan.csv,1,stage_output,modal_control_cut_dry_run_plan.csv,0,0,,base_source_evidence_only,pending_verification,pending_review,not_admitted,source_support_not_runtime_art,"Registry, metadata, document, or other support object."
FDF8185814A338336B4DB741DE1F634B48346787F5B93C34167320F378F7DB21,sources/base/美术素材/blobs/fd/fdf8185814a338336b4db741de1f634b48346787f5b93c34167320f378f7db21.png,.png,image,source_composite,working_candidate,sources/draw/10_working/candidates/1/1_candidate_036.png,1,10_working,1_candidate_036.png,0,0,,base_source_evidence_only,pending_verification,pending_review,not_admitted,base_reference_only_pending_promotion,Retained as source/reference; not admitted to runtime.
FE22D64CD9855106E93BA3C5AD5CD0B74A8F647C24E6F8C7CCE2809AB9A27162,sources/base/美术素材/blobs/fe/fe22d64cd9855106e93ba3c5ad5cd0b74a8f647c24e6f8c7cce2809ab9a27162.png,.png,image,actor_animation_source,source_reference,sources/draw/processed/Tuzigai/10_left_walk_2.png,1,draw_other,10_left_walk_2.png,7,0,,base_source_evidence_only,pending_verification,pending_review,not_admitted,base_reference_only_pending_promotion,Retained as source/reference; not admitted to runtime.
FE5D05F18CFEF51BEB48FAC37BE922EE0E4ACB512EFB9F9A68BFD624DEA9D48C,sources/base/美术素材/blobs/fe/fe5d05f18cfef51beb48fac37be922ee0e4acb512efb9f9a68bfd624dea9d48c.png,.png,image,uncategorized_image,working_candidate,sources/draw/10_working/candidates/5/5_candidate_010.png,1,10_working,5_candidate_010.png,0,0,,base_source_evidence_only,pending_verification,pending_review,not_admitted,base_reference_only_pending_promotion,Retained as source/reference; not admitted to runtime.
FECC295A8BF7E7E16FD63413654D38A93CEE2262B93E67F35A9174182F446EAF,sources/base/美术素材/blobs/fe/fecc295a8bf7e7e16fd63413654d38a93cee2262b93e67f35a9174182f446eaf.png,.png,image,source_composite,working_candidate,sources/draw/10_working/candidates/Zuhe2/Zuhe2_candidate_057.png,1,10_working,Zuhe2_candidate_057.png,0,0,,base_source_evidence_only,pending_verification,pending_review,not_admitted,base_reference_only_pending_promotion,Retained as source/reference; not admitted to runtime.
FFC40395BB19FE5823D27BE9E411601B69B5EC3FCB8C67B757942E70C3D4FC29,sources/base/美术素材/blobs/ff/ffc40395bb19fe5823d27be9e411601b69b5ec3fcb8c67b757942e70c3d4fc29.png,.png,image,reference_capture,stage_evidence,sources/art/ART-14/屏幕截图 2026-06-29 095447.png,1,stage_output,屏幕截图 2026-06-29 095447.png,0,0,,base_source_evidence_only,pending_verification,pending_review,not_admitted,base_reference_only_pending_promotion,Retained as source/reference; not admitted to runtime.
FFC987DD4AB36060CF047249F6C1EF93609779D79AB30C3247AEE27A58B5D189,sources/base/美术素材/blobs/ff/ffc987dd4ab36060cf047249f6c1ef93609779d79ab30c3247aee27a58b5d189.json,.json,metadata,source_metadata,source_reference,sources/draw/_manifest/ui_asset_registry.json,1,draw_other,ui_asset_registry.json,0,0,,base_source_evidence_only,pending_verification,pending_review,not_admitted,source_support_not_runtime_art,"Registry, metadata, document, or other support object."
FFF3BECD3D3050D79CC7D270DD9DC1D7BE7F3AC5714A501973DE3CEF188AAAE7,sources/base/美术素材/blobs/ff/fff3becd3d3050d79cc7d270dd9dc1d7be7f3ac5714a501973de3cef188aaae7.png,.png,image,source_composite,working_candidate,sources/draw/10_working/candidates/5/5_candidate_015.png,1,10_working,5_candidate_015.png,0,0,,base_source_evidence_only,pending_verification,pending_review,not_admitted,base_reference_only_pending_promotion,Retained as source/reference; not admitted to runtime.
