asset_id,runtime_path,runtime_sha256,base_object,base_source_member,base_alias_count,manifest_source,manifest_license_status,manifest_source_status,runtime_key,declared_consumer,declared_consumer_resolution,consumer_binding_kind,consumer_evidence,promotion_id,promotion_validation_evidence,runtime_alias_group,runtime_alias_decision,crosswalk_decision,decision_note
ui.art24.ui.ue.ui_bar_frame,Godot/GraytailGodot/assets/art24/ui/ue/ui_bar_frame.png,628C744682B92DC3D60B622215C0C616D248DA0C2BAA6339CBAAC290A3B08029,sources/base/美术素材/blobs/62/628c744682b92dc3d60b622215c0c616d248da0c2baa6339cbaac290a3b08029.png,sources/draw/20_processed/ui/raw/xuetiao_kuang.png,1,ue_prototype@de4ece1163505d9fe08e31cd0dbe10477909f963:assets/ui/hud/ui_bar_frame.png,same_project_audited,art24_ue_audited_import,visual.art24.ui.ue.ui_bar_frame,scripts/ui/run_surface/run_surface.gd,scripts/ui/run_surface/run_surface.gd=>Godot/GraytailGodot/scripts/ui/run_surface/run_surface.gd[production],no_production_consumer,no_production_consumer_proven,,,,,existing_stage_evidence_backfilled,Existing audited runtime lineage is cross-referenced; Base remains source-only.
ui.art24.ui.ue.ui_bar_warning,Godot/GraytailGodot/assets/art24/ui/ue/ui_bar_warning.png,5B3DE3142812279B090CBFAEAE0F3E5E1BB8A059F5BBE3446CDEC6DC3361B498,sources/base/美术素材/blobs/5b/5b3de3142812279b090cbfaeae0f3e5e1bb8a059f5bbe3446cdec6dc3361b498.png,sources/draw/20_processed/ui/raw/lingjian_icon.png,1,ue_prototype@de4ece1163505d9fe08e31cd0dbe10477909f963:assets/ui/hud/ui_bar_warning.png,same_project_audited,art24_ue_audited_import,visual.art24.ui.ue.ui_bar_warning,scripts/ui/run_surface/run_surface.gd,scripts/ui/run_surface/run_surface.gd=>Godot/GraytailGodot/scripts/ui/run_surface/run_surface.gd[production],no_production_consumer,no_production_consumer_proven,,,,,existing_stage_evidence_backfilled,Existing audited runtime lineage is cross-referenced; Base remains source-only.
ui.art24.ui.ue.ui_bottom_bar,Godot/GraytailGodot/assets/art24/ui/ue/ui_bottom_bar.png,17CD8C6F343B427437DC7F2FD38FCF5B207DB1ED34E47793CDDF6C45E2AFB876,sources/base/美术素材/blobs/17/17cd8c6f343b427437dc7f2fd38fcf5b207db1ed34e47793cddf6c45e2afb876.png,sources/draw/20_processed/ui/raw/kuaijie_lan.png,1,ue_prototype@de4ece1163505d9fe08e31cd0dbe10477909f963:assets/ui/hud/ui_bottom_bar.png,same_project_audited,art24_ue_audited_import,visual.art24.ui.ue.ui_bottom_bar,scripts/ui/run_surface/run_surface.gd,scripts/ui/run_surface/run_surface.gd=>Godot/GraytailGodot/scripts/ui/run_surface/run_surface.gd[production],direct_token,Godot/GraytailGodot/scripts/ui/run_surface/run_surface.gd:188[godot_path=res://assets/art24/ui/ue/ui_bottom_bar.png],,,,,existing_stage_evidence_backfilled,Existing audited runtime lineage is cross-referenced; Base remains source-only.
ui.art24.ui.ue.ui_icon_backpack,Godot/GraytailGodot/assets/art24/ui/ue/ui_icon_backpack.png,392A9405F64EE4731BA7058A4A743E36550AB0CDB2468D99997DA5B56E40FBFE,sources/base/美术素材/blobs/39/392a9405f64ee4731ba7058a4a743e36550ab0cdb2468d99997da5b56e40fbfe.png,sources/draw/20_processed/ui/raw/beibao_icon.png,1,ue_prototype@de4ece1163505d9fe08e31cd0dbe10477909f963:assets/ui/hud/ui_icon_backpack.png,same_project_audited,art24_ue_audited_import,visual.art24.ui.ue.ui_icon_backpack,scripts/ui/run_surface/run_surface.gd,scripts/ui/run_surface/run_surface.gd=>Godot/GraytailGodot/scripts/ui/run_surface/run_surface.gd[production],direct_token,Godot/GraytailGodot/scripts/ui/inventory/inventory_panel.gd:109[godot_path=res://assets/art24/ui/ue/ui_icon_backpack.png],,,,,existing_stage_evidence_backfilled,Existing audited runtime lineage is cross-referenced; Base remains source-only.
ui.art24.ui.ue.ui_mine_risk_tag,Godot/GraytailGodot/assets/art24/ui/ue/ui_mine_risk_tag.png,63ED297D403E441C2C292015B0C27BF404B30AC94BE19F560CD387B0586804C3,sources/base/美术素材/blobs/63/63ed297d403e441c2c292015b0c27bf404b30ac94be19f560cd387b0586804c3.png,sources/draw/20_processed/ui/raw/jiaohu_tishi.png,1,ue_prototype@de4ece1163505d9fe08e31cd0dbe10477909f963:assets/ui/hud/ui_mine_risk_tag.png,same_project_audited,art24_ue_audited_import,visual.art24.ui.ue.ui_mine_risk_tag,scripts/ui/run_surface/run_surface.gd,scripts/ui/run_surface/run_surface.gd=>Godot/GraytailGodot/scripts/ui/run_surface/run_surface.gd[production],direct_token,Godot/GraytailGodot/scripts/ui/run_surface/run_surface.gd:192[asset_id=ui.art24.ui.ue.ui_mine_risk_tag],,,,,existing_stage_evidence_backfilled,Existing audited runtime lineage is cross-referenced; Base remains source-only.
ui.art24.ui.ue.ui_panel_left,Godot/GraytailGodot/assets/art24/ui/ue/ui_panel_left.png,C4A2CCB3C7525CEE4F9117891FEBBD3546302CE11ABD9C6F9154D6E39BA55766,sources/base/美术素材/blobs/c4/c4a2ccb3c7525cee4f9117891febbd3546302ce11abd9c6f9154d6e39ba55766.png,sources/draw/20_processed/ui/raw/zuoce_mianban.png,1,ue_prototype@de4ece1163505d9fe08e31cd0dbe10477909f963:assets/ui/hud/ui_panel_left.png,same_project_audited,art24_ue_audited_import,visual.art24.ui.ue.ui_panel_left,scripts/ui/run_surface/run_surface.gd,scripts/ui/run_surface/run_surface.gd=>Godot/GraytailGodot/scripts/ui/run_surface/run_surface.gd[production],direct_token,Godot/GraytailGodot/scripts/ui/run_surface/run_surface.gd:167[godot_path=res://assets/art24/ui/ue/ui_panel_left.png],,,,,existing_stage_evidence_backfilled,Existing audited runtime lineage is cross-referenced; Base remains source-only.
ui.art24.ui.ue.ui_panel_protocol,Godot/GraytailGodot/assets/art24/ui/ue/ui_panel_protocol.png,1BC45EF20062431C0381672370523661EB3A92CD478467E06B0D4FA4E448048C,sources/base/美术素材/blobs/1b/1bc45ef20062431c0381672370523661eb3a92cd478467e06b0d4fa4e448048c.png,sources/draw/20_processed/ui/raw/xieyi_mianban.png,1,ue_prototype@de4ece1163505d9fe08e31cd0dbe10477909f963:assets/ui/hud/ui_panel_protocol.png,same_project_audited,art24_ue_audited_import,visual.art24.ui.ue.ui_panel_protocol,scripts/ui/run_surface/run_surface.gd,scripts/ui/run_surface/run_surface.gd=>Godot/GraytailGodot/scripts/ui/run_surface/run_surface.gd[production],no_production_consumer,no_production_consumer_proven,,,,,existing_stage_evidence_backfilled,Existing audited runtime lineage is cross-referenced; Base remains source-only.
item.consumable.medkit,Godot/GraytailGodot/assets/items/consumable/item_consumable_medkit.png,EC58BAE34F8CBD3612E8B9DC2326285126BA1CC34BD20246CF1BB78AC7AABB90,sources/base/美术素材/blobs/ec/ec58bae34f8cbd3612e8b9dc2326285126ba1cc34bd20246cf1bb78ac7aabb90.png,sources/draw/20_processed/item_consumable/item_consumable_medkit.png,5,Base Art/05_export_runtime_candidates/art07_first_batch/item_consumable/item_consumable_medkit.png,internal_staged,staged_pending_review,art08.item.consumable.medkit,,,dynamic_contract,Godot/GraytailGodot/scripts/presentation/art10_ui_skin_kit.gd:626->Godot/GraytailGodot/scripts/presentation/art09_manifest_asset_mapping.gd:60[asset_id=item.consumable.medkit],,,,,visual_reviewed_staging_reference,"Contact-sheet review found no corrupt crop, but there is no direct production consumer proof; visual inspection alone does not admit it to runtime."
item.consumable.syringe,Godot/GraytailGodot/assets/items/consumable/item_consumable_syringe.png,1D103D257DFA58ADF097BE31493DC94906836857DF6431B6D42065EA61FCDB45,sources/base/美术素材/blobs/1d/1d103d257dfa58adf097be31493dc94906836857df6431b6d42065ea61fcdb45.png,sources/draw/20_processed/item_consumable/item_consumable_syringe.png,5,Base Art/05_export_runtime_candidates/art07_first_batch/item_consumable/item_consumable_syringe.png,internal_staged,staged_pending_review,art08.item.consumable.syringe,,,dynamic_contract,Godot/GraytailGodot/scripts/presentation/art10_ui_skin_kit.gd:626->Godot/GraytailGodot/scripts/presentation/art09_manifest_asset_mapping.gd:62[asset_id=item.consumable.syringe],,,,,visual_reviewed_staging_reference,"Contact-sheet review found no corrupt crop, but there is no direct production consumer proof; visual inspection alone does not admit it to runtime."
item.equipment.flashlight,Godot/GraytailGodot/assets/items/equipment/item_equipment_flashlight.png,339826ACF7CEB1736B2A3D4B172022B0CD1ACE084AC49FEAA2DF65D5793C4A35,sources/base/美术素材/blobs/33/339826acf7ceb1736b2a3d4b172022b0cd1ace084ac49feaa2df65d5793c4a35.png,sources/draw/20_processed/item_equipment/item_equipment_flashlight.png,5,Base Art/05_export_runtime_candidates/art07_first_batch/item_equipment/item_equipment_flashlight.png,internal_staged,staged_pending_review,art08.item.equipment.flashlight,,,dynamic_contract,Godot/GraytailGodot/scripts/presentation/art10_ui_skin_kit.gd:626->Godot/GraytailGodot/scripts/presentation/art09_manifest_asset_mapping.gd:63[asset_id=item.equipment.flashlight],,,,,visual_reviewed_staging_reference,"Contact-sheet review found no corrupt crop, but there is no direct production consumer proof; visual inspection alone does not admit it to runtime."
item.equipment.goggles,Godot/GraytailGodot/assets/items/equipment/item_equipment_goggles.png,24462587E2902253A8383BE61EDFA1EC3118A0FE4F1610840FD165309B80A335,sources/base/美术素材/blobs/24/24462587e2902253a8383be61edfa1ec3118a0fe4f1610840fd165309b80a335.png,sources/draw/20_processed/item_equipment/item_equipment_goggles.png,5,Base Art/05_export_runtime_candidates/art07_first_batch/item_equipment/item_equipment_goggles.png,internal_staged,staged_pending_review,art08.item.equipment.goggles,,,dynamic_contract,Godot/GraytailGodot/scripts/presentation/art10_ui_skin_kit.gd:626->Godot/GraytailGodot/scripts/presentation/art09_manifest_asset_mapping.gd:65[asset_id=item.equipment.goggles],,,,,visual_reviewed_staging_reference,"Contact-sheet review found no corrupt crop, but there is no direct production consumer proof; visual inspection alone does not admit it to runtime."
item.recovered.ore,Godot/GraytailGodot/assets/items/recovered/item_recovered_ore.png,78860D8DC692B4D2A4F6B1F985AF885F34B478B315B121C849EA5BDACD85D574,sources/base/美术素材/blobs/78/78860d8dc692b4d2a4f6b1f985af885f34b478b315b121c849ea5bdacd85d574.png,sources/draw/20_processed/item_recovered/item_recovered_ore.png,4,Base Art/05_export_runtime_candidates/art07_first_batch/item_recovered/item_recovered_ore.png,internal_staged,staged_pending_review,art08.item.recovered.ore,,,dynamic_contract,Godot/GraytailGodot/scripts/presentation/art10_ui_skin_kit.gd:626->Godot/GraytailGodot/scripts/presentation/art09_manifest_asset_mapping.gd:66[asset_id=item.recovered.ore],,,,,visual_reviewed_staging_reference,"Contact-sheet review found no corrupt crop, but there is no direct production consumer proof; visual inspection alone does not admit it to runtime."
sprite.player.default,Godot/GraytailGodot/assets/player/player_idle_down.png,8A0DAB0B5AD1D14DEE1E76F7B3E1495658946C6947E640717D8681412E9D9AA0,sources/base/美术素材/blobs/8a/8a0dab0b5ad1d14dee1e76f7b3e1495658946c6947e640717d8681412e9d9aa0.png,sources/draw/processed/Huanxionggai/00_front_idle.png,1,assets/Textures/player_idle_down.png,internal_migrated,audited_internal,player.idle,scenes/player/player.tscn,scenes/player/player.tscn=>Godot/GraytailGodot/scenes/player/player.tscn[production],direct_token,Godot/GraytailGodot/scripts/presentation/g10_art_smoke_registry.gd:33[asset_id=sprite.player.default],,,,,existing_stage_evidence_backfilled,Existing audited runtime lineage is cross-referenced; Base remains source-only.
sprite.player.idle.left,Godot/GraytailGodot/assets/player/player_idle_left.png,C71E7D5CB3495E2BCDE292509F1A47060C786A58C0F3AF15EE98665545FA32CA,sources/base/美术素材/blobs/c7/c71e7d5cb3495e2bcde292509f1a47060c786a58c0f3af15ee98665545fa32ca.png,sources/draw/processed/Huanxionggai/02_left_idle.png,1,assets/Textures/player_idle_left.png,internal_migrated,audited_internal,player.idle,scenes/player/player.tscn,scenes/player/player.tscn=>Godot/GraytailGodot/scenes/player/player.tscn[production],no_production_consumer,no_production_consumer_proven,,,,,existing_stage_evidence_backfilled,Existing audited runtime lineage is cross-referenced; Base remains source-only.
sprite.player.idle.right,Godot/GraytailGodot/assets/player/player_idle_right.png,23C2277CB4E1F0A6D2987D77CA2C0D5552BF285532F86D371625F9AE5F827384,sources/base/美术素材/blobs/23/23c2277cb4e1f0a6d2987d77ca2c0d5552bf285532f86d371625f9ae5f827384.png,sources/draw/processed/Huanxionggai/03_right_idle.png,1,assets/Textures/player_idle_right.png,internal_migrated,audited_internal,player.idle,scenes/player/player.tscn,scenes/player/player.tscn=>Godot/GraytailGodot/scenes/player/player.tscn[production],no_production_consumer,no_production_consumer_proven,,,,,existing_stage_evidence_backfilled,Existing audited runtime lineage is cross-referenced; Base remains source-only.
sprite.player.idle.up,Godot/GraytailGodot/assets/player/player_idle_up.png,8246531B7C39A622B0F5B24AC62CBC51BAFBF3842E26073F1FDEB1E04E0518F8,sources/base/美术素材/blobs/82/8246531b7c39a622b0f5b24ac62cbc51bafbf3842e26073f1fdeb1e04e0518f8.png,sources/draw/processed/Huanxionggai/01_back_idle.png,1,assets/Textures/player_idle_up.png,internal_migrated,audited_internal,player.idle,scenes/player/player.tscn,scenes/player/player.tscn=>Godot/GraytailGodot/scenes/player/player.tscn[production],no_production_consumer,no_production_consumer_proven,,,,,existing_stage_evidence_backfilled,Existing audited runtime lineage is cross-referenced; Base remains source-only.
prop.art07.00_baoxiang_kai,Godot/GraytailGodot/assets/props/art07/00_baoxiang_kai.png,3A4D3445312B5611B7F9FA9066FBE7FB666C48A074579BE7D303003CC9C0180A,sources/base/美术素材/blobs/3a/3a4d3445312b5611b7f9fa9066fbe7fb666c48a074579be7d303003cc9c0180a.png,sources/draw/30_game_ready/props/00_baoxiang_kai.png,3,sources.zip!/sources/draw/30_game_ready/props/00_baoxiang_kai.png,internal_staged,i3_source_pack_revalidated,visual.art24.prop.chest_open_state,scripts/gameplay/interactables/g41_chest_interactable.gd,scripts/gameplay/interactables/g41_chest_interactable.gd=>Godot/GraytailGodot/scripts/gameplay/interactables/g41_chest_interactable.gd[production],direct_token,Godot/GraytailGodot/scripts/gameplay/interactables/g41_chest_interactable.gd:123[runtime_key=visual.art24.prop.chest_open_state],I3-ASSET-001,tools/i1/validation_manifest.json:951;Godot/GraytailGodot/tests/i2_world_interaction_runtime_runner.gd:375,,,approved_by_explicit_promotion_gate,"Explicit promotion row binds source, bytes, runtime key, consumer, and rollback."
prop.art07.01_cheli_zhuangzhi_an,Godot/GraytailGodot/assets/props/art07/01_cheli_zhuangzhi_an.png,FCE7959AE7A20F51707DC29AA16BD35448C26B1E11BE16A4B966E90B2E018F2A,sources/base/美术素材/blobs/fc/fce7959ae7a20f51707dc29aa16bd35448c26b1e11be16a4b966e90b2e018f2a.png,sources/draw/30_game_ready/props/01_cheli_zhuangzhi_an.png,3,Base Art/05_export_runtime_candidates/art07_first_batch/props/01_cheli_zhuangzhi_an.png,internal_staged,staged_pending_review,art08.prop.01_cheli_zhuangzhi_an,,,dynamic_contract,Godot/GraytailGodot/scripts/gameplay/interactables/g41_chest_interactable.gd:125->Godot/GraytailGodot/scripts/presentation/art24/art24_in_run_asset_contract.gd:22[godot_path=res://assets/props/art07/01_cheli_zhuangzhi_an.png],,,,,visual_reviewed_staging_reference,"Contact-sheet review found no corrupt crop, but there is no direct production consumer proof; visual inspection alone does not admit it to runtime."
prop.art07.02_cheli_zhuangzhi_liang,Godot/GraytailGodot/assets/props/art07/02_cheli_zhuangzhi_liang.png,50B4239F76BF654686972C1D6D238F8481B29F7EAA6E0A99E3EBF1E1949146B2,sources/base/美术素材/blobs/50/50b4239f76bf654686972c1d6d238f8481b29f7eaa6e0a99e3ebf1e1949146b2.png,sources/draw/30_game_ready/props/02_cheli_zhuangzhi_liang.png,3,Base Art/05_export_runtime_candidates/art07_first_batch/props/02_cheli_zhuangzhi_liang.png,internal_staged,staged_pending_review,art08.prop.02_cheli_zhuangzhi_liang,,,dynamic_contract,Godot/GraytailGodot/scripts/gameplay/interactables/g41_chest_interactable.gd:125->Godot/GraytailGodot/scripts/presentation/art24/art24_in_run_asset_contract.gd:23[godot_path=res://assets/props/art07/02_cheli_zhuangzhi_liang.png],,,,,visual_reviewed_staging_reference,"Contact-sheet review found no corrupt crop, but there is no direct production consumer proof; visual inspection alone does not admit it to runtime."
prop.art07.04_shangren_tai,Godot/GraytailGodot/assets/props/art07/04_shangren_tai.png,56C00AFD49CA374A53C9DC81A7E81883BD97CB0A995747C0108FD45D9B86C07F,sources/base/美术素材/blobs/56/56c00afd49ca374a53c9dc81a7e81883bd97cb0a995747c0108fd45d9b86c07f.png,sources/draw/30_game_ready/props/04_shangren_tai.png,3,Base Art/05_export_runtime_candidates/art07_first_batch/props/04_shangren_tai.png,internal_staged,staged_pending_review,art08.prop.04_shangren_tai,,,dynamic_contract,Godot/GraytailGodot/scripts/gameplay/interactables/g41_chest_interactable.gd:125->Godot/GraytailGodot/scripts/presentation/art24/art24_in_run_asset_contract.gd:21[godot_path=res://assets/props/art07/04_shangren_tai.png],,,,,visual_reviewed_staging_reference,"Contact-sheet review found no corrupt crop, but there is no direct production consumer proof; visual inspection alone does not admit it to runtime."
prop.art07.05_yichang_hexin,Godot/GraytailGodot/assets/props/art07/05_yichang_hexin.png,1AF589B83403E204126CA1F7402158ACC183FB47CEC733B5FE75285505092908,sources/base/美术素材/blobs/1a/1af589b83403e204126ca1f7402158acc183fb47cec733b5fe75285505092908.png,sources/draw/30_game_ready/props/05_yichang_hexin.png,3,Base Art/05_export_runtime_candidates/art07_first_batch/props/05_yichang_hexin.png,internal_staged,staged_pending_review,art08.prop.05_yichang_hexin,,,dynamic_contract,Godot/GraytailGodot/scripts/gameplay/interactables/g41_chest_interactable.gd:125->Godot/GraytailGodot/scripts/presentation/art24/art24_in_run_asset_contract.gd:20[godot_path=res://assets/props/art07/05_yichang_hexin.png],,,,,visual_reviewed_staging_reference,"Contact-sheet review found no corrupt crop, but there is no direct production consumer proof; visual inspection alone does not admit it to runtime."
prop.art07.07_lingjian_dui,Godot/GraytailGodot/assets/props/art07/07_lingjian_dui.png,609C73CDDC5300809CF78E8E341DF5F077916CC8983BC0847FBFC9006AB9B6A6,sources/base/美术素材/blobs/60/609c73cddc5300809cf78e8e341df5f077916cc8983bc0847fbfc9006ab9b6a6.png,sources/draw/30_game_ready/props/07_lingjian_dui.png,3,Base Art/05_export_runtime_candidates/art07_first_batch/props/07_lingjian_dui.png,internal_staged,staged_pending_review,art08.prop.07_lingjian_dui,,,staging_no_consumer,no_production_consumer_proven,,,,,visual_reviewed_staging_reference,"Contact-sheet review found no corrupt crop, but there is no direct production consumer proof; visual inspection alone does not admit it to runtime."
prop.art07.08_saomiaoyi,Godot/GraytailGodot/assets/props/art07/08_saomiaoyi.png,CFA8A370608EFB8C9BCCB747F143D06C45ECF19BC67AFB5A76E2F303047F3810,sources/base/美术素材/blobs/cf/cfa8a370608efb8c9bccb747f143d06c45ecf19bc67afb5a76e2f303047f3810.png,sources/draw/30_game_ready/props/08_saomiaoyi.png,3,Base Art/05_export_runtime_candidates/art07_first_batch/props/08_saomiaoyi.png,internal_staged,staged_pending_review,art08.prop.08_saomiaoyi,,,staging_no_consumer,no_production_consumer_proven,,,,,visual_reviewed_staging_reference,"Contact-sheet review found no corrupt crop, but there is no direct production consumer proof; visual inspection alone does not admit it to runtime."
prop.art07.10_yiliaobao,Godot/GraytailGodot/assets/props/art07/10_yiliaobao.png,7CF0D291EAA59A94FCA3B321443B98D281FBDB33A1302C8B75E3AD0606F08D63,sources/base/美术素材/blobs/7c/7cf0d291eaa59a94fca3b321443b98d281fbdb33a1302c8b75e3ad0606f08d63.png,sources/draw/30_game_ready/props/10_yiliaobao.png,3,Base Art/05_export_runtime_candidates/art07_first_batch/props/10_yiliaobao.png,internal_staged,staged_pending_review,art08.prop.10_yiliaobao,,,staging_no_consumer,no_production_consumer_proven,,,,,visual_reviewed_staging_reference,"Contact-sheet review found no corrupt crop, but there is no direct production consumer proof; visual inspection alone does not admit it to runtime."
prop.art07.11_wuzi_xiang,Godot/GraytailGodot/assets/props/art07/11_wuzi_xiang.png,6D2CF9DC683B69DF9CB9F428A764CB47F966987DFF426C27F8E8AAD72886BDDC,sources/base/美术素材/blobs/6d/6d2cf9dc683b69df9cb9f428a764cb47f966987dff426c27f8e8aad72886bddc.png,sources/draw/30_game_ready/props/11_wuzi_xiang.png,3,Base Art/05_export_runtime_candidates/art07_first_batch/props/11_wuzi_xiang.png,internal_staged,staged_pending_review,art08.prop.11_wuzi_xiang,,,staging_no_consumer,no_production_consumer_proven,,,,,visual_reviewed_staging_reference,"Contact-sheet review found no corrupt crop, but there is no direct production consumer proof; visual inspection alone does not admit it to runtime."
prop.chest.closed,Godot/GraytailGodot/assets/props/chest_closed.png,541F72BFA7337FF4B8B23819C5A0188CB59881DAC1FA78307A532DBE66A0DDEE,sources/base/美术素材/blobs/54/541f72bfa7337ff4b8b23819c5a0188cb59881dac1fa78307a532dbe66a0ddee.png,sources/draw/30_game_ready/props/03_baoxiang_guan.png,3,assets/Textures/generated/props/03_baoxiang_guan.png,internal_migrated,audited_internal,prop.chest,scenes/room/room_scene.tscn,scenes/room/room_scene.tscn=>Godot/GraytailGodot/scenes/room/room_scene.tscn[production],direct_token,Godot/GraytailGodot/scripts/gameplay/interactables/g41_chest_interactable.gd:123[runtime_key=prop.chest],,,,,existing_stage_evidence_backfilled,Existing audited runtime lineage is cross-referenced; Base remains source-only.
prop.gold.pile,Godot/GraytailGodot/assets/props/gold_pile.png,57645A3955E0C3478C7135ADBE1D69209A0FF854F2C213B9B91485D1C2782E16,sources/base/美术素材/blobs/57/57645a3955e0c3478c7135adbe1d69209a0ff854f2c213b9b91485d1c2782e16.png,sources/draw/30_game_ready/props/09_jinbi_dui.png,3,assets/Textures/generated/props/09_jinbi_dui.png,internal_migrated,audited_internal,prop.gold,scenes/room/room_scene.tscn,scenes/room/room_scene.tscn=>Godot/GraytailGodot/scenes/room/room_scene.tscn[production],no_production_consumer,no_production_consumer_proven,,,,,existing_stage_evidence_backfilled,Existing audited runtime lineage is cross-referenced; Base remains source-only.
prop.mine.trap,Godot/GraytailGodot/assets/props/mine_trap.png,F2866600D71DE3658A955CD45002893F48087ECC23D5F4B970419C270D6E6DA5,sources/base/美术素材/blobs/f2/f2866600d71de3658a955cd45002893f48087ecc23d5f4b970419c270d6e6da5.png,sources/draw/30_game_ready/props/06_dici_xianjing.png,3,assets/Textures/generated/props/06_dici_xianjing.png,internal_migrated,audited_internal,prop.mine,scenes/room/room_scene.tscn,scenes/room/room_scene.tscn=>Godot/GraytailGodot/scenes/room/room_scene.tscn[production],direct_token,Godot/GraytailGodot/scripts/gameplay/runtime/g41_room_runtime_view.gd:23[godot_path=res://assets/props/mine_trap.png],,,,,existing_stage_evidence_backfilled,Existing audited runtime lineage is cross-referenced; Base remains source-only.
ui.art19.scrollbar.vertical,Godot/GraytailGodot/assets/ui/art19/bars/scrollbar_vertical.png,6F4CEBABB51384A31E306D57475A6AD1EE2E5F02179844C55B66C4798A9A7906,sources/base/美术素材/blobs/6f/6f4cebabb51384a31e306d57475a6ad1ee2e5f02179844c55b66c4798a9a7906.png,sources/draw/20_processed/ui_scrollbar/ui_scrollbar_vertical.png,2,sources/draw/30_game_ready/ui_scrollbar/ui_scrollbar_vertical.png,internal_staged,staged_pending_review,art19.scrollbar.vertical,scripts/ui/deploy_prep/deploy_prep_shell.gd,scripts/ui/deploy_prep/deploy_prep_shell.gd=>Godot/GraytailGodot/scripts/ui/deploy_prep/deploy_prep_shell.gd[production],dynamic_contract,Godot/GraytailGodot/scripts/presentation/art10_ui_skin_kit.gd:626->Godot/GraytailGodot/scripts/presentation/art09_manifest_asset_mapping.gd:101[asset_id=ui.art19.scrollbar.vertical],,,,,visual_reviewed_existing_runtime,Contact-sheet review confirms semantic and visual fit for the declared existing consumer; this is not a new Base promotion.
ui.art19.bar.summary_dark,Godot/GraytailGodot/assets/ui/art19/bars/summary_bar_dark.png,DDE95EBD216C273230DE0E2776F445AE97D38B4C370FC2C4765AC24CFC468558,sources/base/美术素材/blobs/dd/dde95ebd216c273230de0e2776f445ae97d38b4c370fc2c4765ac24cfc468558.png,sources/draw/20_processed/ui_summary_bar/ui_bar_blank_dark.png,7,sources/draw/30_game_ready/ui_summary_bar/ui_bar_blank_dark.png,internal_staged,staged_pending_review,art19.bar.summary,scripts/ui/run_surface/run_surface.gd,scripts/ui/run_surface/run_surface.gd=>Godot/GraytailGodot/scripts/ui/run_surface/run_surface.gd[production],direct_token,Godot/GraytailGodot/scripts/ui/run_surface/run_surface.gd:187[asset_id=ui.art19.bar.summary_dark],,,,,visual_reviewed_existing_runtime,Contact-sheet review confirms semantic and visual fit for the declared existing consumer; this is not a new Base promotion.
ui.art19.button.dark,Godot/GraytailGodot/assets/ui/art19/buttons/button_blank_dark.png,99DCED078AC8D2DBE127689D8005715F2878185B14884355BCBC4F471FD06A1C,sources/base/美术素材/blobs/99/99dced078ac8d2dbe127689d8005715f2878185b14884355bcbc4f471fd06a1c.png,sources/draw/20_processed/ui_button_blank/ui_button_blank_dark.png,7,sources/draw/30_game_ready/ui_button_blank/ui_button_blank_dark.png,internal_staged,staged_pending_review,art19.button.dark,scripts/presentation/art10_ui_skin_kit.gd; scripts/ui/main_menu/main_menu_shell.gd; scripts/ui/long_term/long_term_shell.gd,scripts/presentation/art10_ui_skin_kit.gd=>Godot/GraytailGodot/scripts/presentation/art10_ui_skin_kit.gd[production];scripts/ui/main_menu/main_menu_shell.gd=>Godot/GraytailGodot/scripts/ui/main_menu/main_menu_shell.gd[production];scripts/ui/long_term/long_term_shell.gd=>Godot/GraytailGodot/scripts/ui/long_term/long_term_shell.gd[production],direct_token,Godot/GraytailGodot/scripts/presentation/art10_ui_skin_kit.gd:529[asset_id=ui.art19.button.dark],,,,,visual_reviewed_existing_runtime,Contact-sheet review confirms semantic and visual fit for the declared existing consumer; this is not a new Base promotion.
ui.art19.button.confirm,Godot/GraytailGodot/assets/ui/art19/buttons/button_confirm_deploy_large.png,E245F3D25671EAB9C11A437933FB7C8A8D79F5F2129962273AEDBB6A3E2D7873,sources/base/美术素材/blobs/e2/e245f3d25671eab9c11a437933fb7c8a8d79f5f2129962273aedbb6a3e2d7873.png,sources/draw/20_processed/ui_deploy_button/ui_button_confirm_deploy_large.png,8,sources/draw/30_game_ready/ui_deploy_button/ui_button_confirm_deploy_large.png,internal_staged,staged_pending_review,art19.button.confirm,scripts/ui/deploy_prep/deploy_prep_shell.gd,scripts/ui/deploy_prep/deploy_prep_shell.gd=>Godot/GraytailGodot/scripts/ui/deploy_prep/deploy_prep_shell.gd[production],dynamic_contract,Godot/GraytailGodot/scripts/presentation/art10_ui_skin_kit.gd:626->Godot/GraytailGodot/scripts/presentation/art09_manifest_asset_mapping.gd:98[asset_id=ui.art19.button.confirm],,,,,visual_reviewed_restricted_baked_text,Baked player-facing text cannot inherit the pixel-font theme or localization; retain as lineage/reference and do not use for live-label production UI.
ui.art19.button.selected_tab,Godot/GraytailGodot/assets/ui/art19/buttons/button_nav_talent_selected.png,E051CF0398847504F69B14E18C65430F81CD9FA50DF712352E85BA169D25BBA0,sources/base/美术素材/blobs/e0/e051cf0398847504f69b14e18c65430f81cd9fa50df712352e85ba169d25bba0.png,sources/draw/20_processed/ui_deploy_button/ui_button_nav_talent_selected.png,8,sources/draw/30_game_ready/ui_deploy_button/ui_button_nav_talent_selected.png,internal_staged,staged_pending_review,art19.button.selected_tab,scripts/presentation/art10_ui_skin_kit.gd; scripts/ui/long_term/long_term_shell.gd,scripts/presentation/art10_ui_skin_kit.gd=>Godot/GraytailGodot/scripts/presentation/art10_ui_skin_kit.gd[production];scripts/ui/long_term/long_term_shell.gd=>Godot/GraytailGodot/scripts/ui/long_term/long_term_shell.gd[production],direct_token,Godot/GraytailGodot/scripts/presentation/art10_ui_skin_kit.gd:588[asset_id=ui.art19.button.selected_tab],,,,,visual_reviewed_restricted_baked_text,Baked player-facing text cannot inherit the pixel-font theme or localization; retain as lineage/reference and do not use for live-label production UI.
ui.art19.map64.chest,Godot/GraytailGodot/assets/ui/art19/map64/chest_icon_64.png,57D63A7C4CB7CAB747DC7C18F99AFC8EBD5D2C885712EAD7774553ECEB16EAF5,sources/base/美术素材/blobs/57/57d63a7c4cb7cab747dc7c18f99afc8ebd5d2c885712ead7774553eceb16eaf5.png,sources/draw/30_game_ready/icons/64/07_baoxiang_icon.png,1,sources/draw/30_game_ready/icons/64/07_baoxiang_icon.png,internal_staged,staged_pending_review,art19.map64.chest,scripts/ui/map_overlay/map_overlay_panel.gd,scripts/ui/map_overlay/map_overlay_panel.gd=>Godot/GraytailGodot/scripts/ui/map_overlay/map_overlay_panel.gd[production],dynamic_contract,Godot/GraytailGodot/scripts/presentation/art10_ui_skin_kit.gd:626->Godot/GraytailGodot/scripts/presentation/art09_manifest_asset_mapping.gd:113[asset_id=ui.art19.map64.chest],,,,,visual_reviewed_existing_runtime,Contact-sheet review confirms semantic and visual fit for the declared existing consumer; this is not a new Base promotion.
ui.art19.map64.exit,Godot/GraytailGodot/assets/ui/art19/map64/exit_icon_64.png,19D5A2AEA1E8354E702B2A1741DA815389372414DDEFF99313FACA230310F7F9,sources/base/美术素材/blobs/19/19d5a2aea1e8354e702b2a1741da815389372414ddeff99313faca230310f7f9.png,sources/draw/30_game_ready/icons/64/09_chukou_icon.png,1,sources/draw/30_game_ready/icons/64/09_chukou_icon.png,internal_staged,staged_pending_review,art19.map64.exit,scripts/ui/map_overlay/map_overlay_panel.gd,scripts/ui/map_overlay/map_overlay_panel.gd=>Godot/GraytailGodot/scripts/ui/map_overlay/map_overlay_panel.gd[production],dynamic_contract,Godot/GraytailGodot/scripts/presentation/art10_ui_skin_kit.gd:626->Godot/GraytailGodot/scripts/presentation/art09_manifest_asset_mapping.gd:114[asset_id=ui.art19.map64.exit],,,,,visual_reviewed_existing_runtime,Contact-sheet review confirms semantic and visual fit for the declared existing consumer; this is not a new Base promotion.
ui.art19.map64.explored,Godot/GraytailGodot/assets/ui/art19/map64/explored_cell_64.png,3869461FBEF3CDEB66F16FA874610306C0E9E0C836E523022B33E526A743DD6B,sources/base/美术素材/blobs/38/3869461fbef3cdeb66f16fa874610306c0e9e0c836e523022b33e526a743dd6b.png,sources/draw/30_game_ready/icons/64/02_yitan_ge.png,1,sources/draw/30_game_ready/icons/64/02_yitan_ge.png,internal_staged,staged_pending_review,art19.map64.explored,scripts/ui/map_overlay/map_overlay_panel.gd,scripts/ui/map_overlay/map_overlay_panel.gd=>Godot/GraytailGodot/scripts/ui/map_overlay/map_overlay_panel.gd[production],dynamic_contract,Godot/GraytailGodot/scripts/presentation/art10_ui_skin_kit.gd:626->Godot/GraytailGodot/scripts/presentation/art09_manifest_asset_mapping.gd:108[asset_id=ui.art19.map64.explored],,,,,visual_reviewed_existing_runtime,Contact-sheet review confirms semantic and visual fit for the declared existing consumer; this is not a new Base promotion.
ui.art19.map64.mine,Godot/GraytailGodot/assets/ui/art19/map64/mine_icon_64.png,F76605DFA2FA2B691DE2255FD9849C47C7198C4172A974C42A7DD6BD9A638A8F,sources/base/美术素材/blobs/f7/f76605dfa2fa2b691de2255fd9849c47c7198c4172a974c42a7dd6bd9a638a8f.png,sources/draw/30_game_ready/icons/64/05_dici_xianjing_icon.png,1,sources/draw/30_game_ready/icons/64/05_dici_xianjing_icon.png,internal_staged,staged_pending_review,art19.map64.mine,scripts/ui/map_overlay/map_overlay_panel.gd,scripts/ui/map_overlay/map_overlay_panel.gd=>Godot/GraytailGodot/scripts/ui/map_overlay/map_overlay_panel.gd[production],dynamic_contract,Godot/GraytailGodot/scripts/presentation/art10_ui_skin_kit.gd:626->Godot/GraytailGodot/scripts/presentation/art09_manifest_asset_mapping.gd:112[asset_id=ui.art19.map64.mine],,,,,visual_reviewed_existing_runtime,Contact-sheet review confirms semantic and visual fit for the declared existing consumer; this is not a new Base promotion.
ui.art19.map64.player,Godot/GraytailGodot/assets/ui/art19/map64/player_marker_64.png,8C9E5FEF07B3727023AB6B382DA488AF2E5B8F43C565B22D5CE425C70575F836,sources/base/美术素材/blobs/8c/8c9e5fef07b3727023ab6b382da488af2e5b8f43c565b22d5ce425c70575f836.png,sources/draw/30_game_ready/icons/64/00_wanjia_dingwei.png,1,sources/draw/30_game_ready/icons/64/00_wanjia_dingwei.png,internal_staged,staged_pending_review,art19.map64.player,scripts/ui/map_overlay/map_overlay_panel.gd,scripts/ui/map_overlay/map_overlay_panel.gd=>Godot/GraytailGodot/scripts/ui/map_overlay/map_overlay_panel.gd[production],dynamic_contract,Godot/GraytailGodot/scripts/presentation/art10_ui_skin_kit.gd:626->Godot/GraytailGodot/scripts/presentation/art09_manifest_asset_mapping.gd:105[asset_id=ui.art19.map64.player],,,,,visual_reviewed_existing_runtime,Contact-sheet review confirms semantic and visual fit for the declared existing consumer; this is not a new Base promotion.
ui.art19.map64.scanned,Godot/GraytailGodot/assets/ui/art19/map64/scanned_cell_64.png,53ED5AFB260BA5ED3603F27C7D697CB71D44C79B68FF105BBEBED70D9752CB32,sources/base/美术素材/blobs/53/53ed5afb260ba5ed3603f27c7d697cb71d44c79b68ff105bbebed70d9752cb32.png,sources/draw/30_game_ready/icons/64/03_saomiao_ge.png,1,sources/draw/30_game_ready/icons/64/03_saomiao_ge.png,internal_staged,staged_pending_review,art19.map64.scanned,scripts/ui/map_overlay/map_overlay_panel.gd,scripts/ui/map_overlay/map_overlay_panel.gd=>Godot/GraytailGodot/scripts/ui/map_overlay/map_overlay_panel.gd[production],dynamic_contract,Godot/GraytailGodot/scripts/presentation/art10_ui_skin_kit.gd:626->Godot/GraytailGodot/scripts/presentation/art09_manifest_asset_mapping.gd:110[asset_id=ui.art19.map64.scanned],,,,,visual_reviewed_existing_runtime,Contact-sheet review confirms semantic and visual fit for the declared existing consumer; this is not a new Base promotion.
ui.art19.map64.unknown,Godot/GraytailGodot/assets/ui/art19/map64/unknown_cell_64.png,80CD787F8E0E0B306712A7B58C83100481C710B380D5EC38D2BB14517661566A,sources/base/美术素材/blobs/80/80cd787f8e0e0b306712a7b58c83100481c710b380d5ec38d2bb14517661566a.png,sources/draw/30_game_ready/icons/64/01_weizhi_ge.png,1,sources/draw/30_game_ready/icons/64/01_weizhi_ge.png,internal_staged,staged_pending_review,art19.map64.unknown,scripts/ui/map_overlay/map_overlay_panel.gd,scripts/ui/map_overlay/map_overlay_panel.gd=>Godot/GraytailGodot/scripts/ui/map_overlay/map_overlay_panel.gd[production],dynamic_contract,Godot/GraytailGodot/scripts/presentation/art10_ui_skin_kit.gd:626->Godot/GraytailGodot/scripts/presentation/art09_manifest_asset_mapping.gd:106[asset_id=ui.art19.map64.unknown],,,,,visual_reviewed_existing_runtime,Contact-sheet review confirms semantic and visual fit for the declared existing consumer; this is not a new Base promotion.
ui.art19.panel.deploy_main,Godot/GraytailGodot/assets/ui/art19/panels/deploy_main_blank.png,222F475C981FA20063686E3BA1C203A46E04B9B2DBE6C6CDD1C4B5827E9EF525,sources/base/美术素材/blobs/22/222f475c981fa20063686e3ba1c203a46e04b9b2dbe6c6cdd1c4b5827e9ef525.png,sources/draw/20_processed/ui_deploy_panel/ui_panel_deploy_main_blank.png,6,sources/draw/30_game_ready/ui_deploy_panel/ui_panel_deploy_main_blank.png,internal_staged,staged_pending_review,art19.panel.deploy_main,scripts/ui/deploy_prep/deploy_prep_shell.gd; scripts/ui/long_term/long_term_shell.gd,scripts/ui/deploy_prep/deploy_prep_shell.gd=>Godot/GraytailGodot/scripts/ui/deploy_prep/deploy_prep_shell.gd[production];scripts/ui/long_term/long_term_shell.gd=>Godot/GraytailGodot/scripts/ui/long_term/long_term_shell.gd[production],dynamic_contract,Godot/GraytailGodot/scripts/presentation/art10_ui_skin_kit.gd:626->Godot/GraytailGodot/scripts/presentation/art09_manifest_asset_mapping.gd:94[asset_id=ui.art19.panel.deploy_main],,,,,visual_reviewed_existing_runtime,Contact-sheet review confirms semantic and visual fit for the declared existing consumer; this is not a new Base promotion.
ui.art19.panel.deploy_summary,Godot/GraytailGodot/assets/ui/art19/panels/deploy_summary_blank.png,6893538A28D34001C2FFBF52DE811139936CAD2F24954A0588238A67DAEDFE75,sources/base/美术素材/blobs/68/6893538a28d34001c2ffbf52de811139936cad2f24954a0588238a67daedfe75.png,sources/draw/20_processed/ui_deploy_panel/ui_panel_deploy_summary_blank.png,9,sources/draw/30_game_ready/ui_deploy_panel/ui_panel_deploy_summary_blank.png,internal_staged,staged_pending_review,art19.panel.summary,scripts/presentation/art10_ui_skin_kit.gd; scripts/ui/long_term/long_term_shell.gd,scripts/presentation/art10_ui_skin_kit.gd=>Godot/GraytailGodot/scripts/presentation/art10_ui_skin_kit.gd[production];scripts/ui/long_term/long_term_shell.gd=>Godot/GraytailGodot/scripts/ui/long_term/long_term_shell.gd[production],direct_token,Godot/GraytailGodot/scripts/ui/run_surface/run_surface.gd:177[asset_id=ui.art19.panel.deploy_summary],,,,,visual_reviewed_existing_runtime,Contact-sheet review confirms semantic and visual fit for the declared existing consumer; this is not a new Base promotion.
ui.art19.panel.frame_highlight,Godot/GraytailGodot/assets/ui/art19/panels/frame_highlight.png,6A7B4D2BBC7A87236B11F52BEAA8568477428D86A288D987949EC11F1B5DD95D,sources/base/美术素材/blobs/6a/6a7b4d2bbc7a87236b11f52beaa8568477428d86a288d987949ec11f1b5dd95d.png,sources/draw/20_processed/ui_deploy_panel/ui_frame_highlight.png,6,sources/draw/30_game_ready/ui_deploy_panel/ui_frame_highlight.png,internal_staged,staged_pending_review,art19.panel.highlight,scripts/presentation/art10_ui_skin_kit.gd; scripts/ui/long_term/long_term_shell.gd,scripts/presentation/art10_ui_skin_kit.gd=>Godot/GraytailGodot/scripts/presentation/art10_ui_skin_kit.gd[production];scripts/ui/long_term/long_term_shell.gd=>Godot/GraytailGodot/scripts/ui/long_term/long_term_shell.gd[production],dynamic_contract,Godot/GraytailGodot/scripts/presentation/art10_ui_skin_kit.gd:626->Godot/GraytailGodot/scripts/presentation/art09_manifest_asset_mapping.gd:96[asset_id=ui.art19.panel.frame_highlight],,,,,visual_reviewed_existing_runtime,Contact-sheet review confirms semantic and visual fit for the declared existing consumer; this is not a new Base promotion.
ui.art19.panel.terminal_main,Godot/GraytailGodot/assets/ui/art19/panels/terminal_main.png,4BB57AC94C797BE82FD9B03B1EB708D87E3FE6CD014AF898A059486DCA6EACBC,sources/base/美术素材/blobs/4b/4bb57ac94c797be82fd9b03b1eb708d87e3fe6cd014af898a059486dca6eacbc.png,sources/draw/20_processed/ui_panel/ui_panel_terminal_main.png,8,sources/draw/30_game_ready/ui_panel/ui_panel_terminal_main.png,internal_staged,staged_pending_review,art19.panel.terminal,scripts/presentation/art10_ui_skin_kit.gd,scripts/presentation/art10_ui_skin_kit.gd=>Godot/GraytailGodot/scripts/presentation/art10_ui_skin_kit.gd[production],direct_token,Godot/GraytailGodot/scripts/presentation/art10_ui_skin_kit.gd:545[asset_id=ui.art19.panel.terminal_main],,,,,visual_reviewed_existing_runtime,Contact-sheet review confirms semantic and visual fit for the declared existing consumer; this is not a new Base promotion.
ui.art20.deploy.icon.consumable.medkit,Godot/GraytailGodot/assets/ui/art20/deploy/icons/deploy_equipment_slot_item_consumable_medkit.png,299DBA040724779167760A179AD82B307A6801D67064BFFF1B29044572F6A098,sources/base/美术素材/blobs/29/299dba040724779167760a179ad82b307a6801d67064bfff1b29044572f6a098.png,sources/art/ART-20/03_cut_output/deploy_prep/deploy_equipment_slot/deploy_equipment_slot_item_consumable_medkit.png,1,sources/art/ART-20/03_cut_output/deploy_prep/deploy_equipment_slot/deploy_equipment_slot_item_consumable_medkit.png,internal_staged,art20_imported_pending_visual_validation,art20.deploy.icon.medkit,scripts/presentation/art09_manifest_asset_mapping.gd,scripts/presentation/art09_manifest_asset_mapping.gd=>Godot/GraytailGodot/scripts/presentation/art09_manifest_asset_mapping.gd[contract],dynamic_contract,Godot/GraytailGodot/scripts/presentation/art10_ui_skin_kit.gd:626->Godot/GraytailGodot/scripts/presentation/art09_manifest_asset_mapping.gd:125[asset_id=ui.art20.deploy.icon.consumable.medkit],,,,,visual_reviewed_staging_reference,"Contact-sheet review found no corrupt crop, but there is no direct production consumer proof; visual inspection alone does not admit it to runtime."
ui.art20.deploy.icon.consumable.syringe,Godot/GraytailGodot/assets/ui/art20/deploy/icons/deploy_equipment_slot_item_consumable_syringe.png,02EE662BC4F0D4E6B3FDE8C42372449C20F9410CCC54B515209876BAA823E356,sources/base/美术素材/blobs/02/02ee662bc4f0d4e6b3fde8c42372449c20f9410ccc54b515209876baa823e356.png,sources/art/ART-20/03_cut_output/deploy_prep/deploy_equipment_slot/deploy_equipment_slot_item_consumable_syringe.png,1,sources/art/ART-20/03_cut_output/deploy_prep/deploy_equipment_slot/deploy_equipment_slot_item_consumable_syringe.png,internal_staged,art20_imported_pending_visual_validation,art20.deploy.icon.syringe,scripts/presentation/art09_manifest_asset_mapping.gd,scripts/presentation/art09_manifest_asset_mapping.gd=>Godot/GraytailGodot/scripts/presentation/art09_manifest_asset_mapping.gd[contract],dynamic_contract,Godot/GraytailGodot/scripts/presentation/art10_ui_skin_kit.gd:626->Godot/GraytailGodot/scripts/presentation/art09_manifest_asset_mapping.gd:126[asset_id=ui.art20.deploy.icon.consumable.syringe],,,,,visual_reviewed_staging_reference,"Contact-sheet review found no corrupt crop, but there is no direct production consumer proof; visual inspection alone does not admit it to runtime."
ui.art20.deploy.icon.equipment.flashlight,Godot/GraytailGodot/assets/ui/art20/deploy/icons/deploy_equipment_slot_item_equipment_flashlight.png,54F22EC3F62C8AA997EAF7FD7FC293FC31C72119D48CB253342DC979CD20FFB7,sources/base/美术素材/blobs/54/54f22ec3f62c8aa997eaf7fd7fc293fc31c72119d48cb253342dc979cd20ffb7.png,sources/art/ART-20/03_cut_output/deploy_prep/deploy_equipment_slot/deploy_equipment_slot_item_equipment_flashlight.png,1,sources/art/ART-20/03_cut_output/deploy_prep/deploy_equipment_slot/deploy_equipment_slot_item_equipment_flashlight.png,internal_staged,art20_imported_pending_visual_validation,art20.deploy.icon.flashlight,scripts/presentation/art09_manifest_asset_mapping.gd,scripts/presentation/art09_manifest_asset_mapping.gd=>Godot/GraytailGodot/scripts/presentation/art09_manifest_asset_mapping.gd[contract],dynamic_contract,Godot/GraytailGodot/scripts/presentation/art10_ui_skin_kit.gd:626->Godot/GraytailGodot/scripts/presentation/art09_manifest_asset_mapping.gd:127[asset_id=ui.art20.deploy.icon.equipment.flashlight],,,,,visual_reviewed_staging_reference,"Contact-sheet review found no corrupt crop, but there is no direct production consumer proof; visual inspection alone does not admit it to runtime."
ui.art20.deploy.icon.equipment.goggles,Godot/GraytailGodot/assets/ui/art20/deploy/icons/deploy_equipment_slot_item_equipment_goggles.png,BFA0E7155CB95526F3BFC41E3CED30A35F442B26AA765770626848EE9B9BBEAC,sources/base/美术素材/blobs/bf/bfa0e7155cb95526f3bfc41e3ced30a35f442b26aa765770626848ee9b9bbeac.png,sources/art/ART-20/03_cut_output/deploy_prep/deploy_equipment_slot/deploy_equipment_slot_item_equipment_goggles.png,1,sources/art/ART-20/03_cut_output/deploy_prep/deploy_equipment_slot/deploy_equipment_slot_item_equipment_goggles.png,internal_staged,art20_imported_pending_visual_validation,art20.deploy.icon.goggles,scripts/presentation/art09_manifest_asset_mapping.gd,scripts/presentation/art09_manifest_asset_mapping.gd=>Godot/GraytailGodot/scripts/presentation/art09_manifest_asset_mapping.gd[contract],dynamic_contract,Godot/GraytailGodot/scripts/presentation/art10_ui_skin_kit.gd:626->Godot/GraytailGodot/scripts/presentation/art09_manifest_asset_mapping.gd:128[asset_id=ui.art20.deploy.icon.equipment.goggles],,,,,visual_reviewed_staging_reference,"Contact-sheet review found no corrupt crop, but there is no direct production consumer proof; visual inspection alone does not admit it to runtime."
ui.art20.deploy.icon.armor,Godot/GraytailGodot/assets/ui/art20/deploy/icons/deploy_equipment_slot_ui_icon_armor.png,46AB54EE9D6EB956109F08922F4D49ACAEC4F47EF264EBD8C13E2BFDFF68B6C0,sources/base/美术素材/blobs/46/46ab54ee9d6eb956109f08922f4d49acaec4f47ef264ebd8c13e2bfdff68b6c0.png,sources/art/ART-20/03_cut_output/deploy_prep/deploy_equipment_slot/deploy_equipment_slot_ui_icon_armor.png,1,sources/art/ART-20/03_cut_output/deploy_prep/deploy_equipment_slot/deploy_equipment_slot_ui_icon_armor.png,internal_staged,art20_imported_pending_visual_validation,art20.deploy.icon.armor,scripts/presentation/art09_manifest_asset_mapping.gd,scripts/presentation/art09_manifest_asset_mapping.gd=>Godot/GraytailGodot/scripts/presentation/art09_manifest_asset_mapping.gd[contract],dynamic_contract,Godot/GraytailGodot/scripts/presentation/art10_ui_skin_kit.gd:626->Godot/GraytailGodot/scripts/presentation/art09_manifest_asset_mapping.gd:129[asset_id=ui.art20.deploy.icon.armor],,,,,visual_reviewed_staging_reference,"Contact-sheet review found no corrupt crop, but there is no direct production consumer proof; visual inspection alone does not admit it to runtime."
ui.art20.deploy.icon.backpack,Godot/GraytailGodot/assets/ui/art20/deploy/icons/deploy_equipment_slot_ui_icon_backpack.png,3A8096B7239B7BA9E2470977603D66D850A08B3565DF463B5A492071A681DB60,sources/base/美术素材/blobs/3a/3a8096b7239b7ba9e2470977603d66d850a08b3565df463b5a492071a681db60.png,sources/art/ART-20/03_cut_output/deploy_prep/deploy_equipment_slot/deploy_equipment_slot_ui_icon_backpack.png,1,sources/art/ART-20/03_cut_output/deploy_prep/deploy_equipment_slot/deploy_equipment_slot_ui_icon_backpack.png,internal_staged,art20_imported_pending_visual_validation,art20.deploy.icon.backpack,scripts/presentation/art09_manifest_asset_mapping.gd,scripts/presentation/art09_manifest_asset_mapping.gd=>Godot/GraytailGodot/scripts/presentation/art09_manifest_asset_mapping.gd[contract],dynamic_contract,Godot/GraytailGodot/scripts/presentation/art10_ui_skin_kit.gd:626->Godot/GraytailGodot/scripts/presentation/art09_manifest_asset_mapping.gd:130[asset_id=ui.art20.deploy.icon.backpack],,,,,visual_reviewed_staging_reference,"Contact-sheet review found no corrupt crop, but there is no direct production consumer proof; visual inspection alone does not admit it to runtime."
ui.art20.deploy.icon.bandage,Godot/GraytailGodot/assets/ui/art20/deploy/icons/deploy_equipment_slot_ui_icon_bandage.png,379A5FF323D78C2766993C24FC262BADCF10D008E4EB995821367BF7BE921D02,sources/base/美术素材/blobs/37/379a5ff323d78c2766993c24fc262badcf10d008e4eb995821367bf7be921d02.png,sources/art/ART-20/03_cut_output/deploy_prep/deploy_equipment_slot/deploy_equipment_slot_ui_icon_bandage.png,1,sources/art/ART-20/03_cut_output/deploy_prep/deploy_equipment_slot/deploy_equipment_slot_ui_icon_bandage.png,internal_staged,art20_imported_pending_visual_validation,art20.deploy.icon.bandage,scripts/presentation/art09_manifest_asset_mapping.gd,scripts/presentation/art09_manifest_asset_mapping.gd=>Godot/GraytailGodot/scripts/presentation/art09_manifest_asset_mapping.gd[contract],dynamic_contract,Godot/GraytailGodot/scripts/presentation/art10_ui_skin_kit.gd:626->Godot/GraytailGodot/scripts/presentation/art09_manifest_asset_mapping.gd:131[asset_id=ui.art20.deploy.icon.bandage],,,,,visual_reviewed_staging_reference,"Contact-sheet review found no corrupt crop, but there is no direct production consumer proof; visual inspection alone does not admit it to runtime."
ui.art20.deploy.icon.compass,Godot/GraytailGodot/assets/ui/art20/deploy/icons/deploy_equipment_slot_ui_icon_compass.png,9F2B1F9882C1D3E4C76DEAC5FBFF5A4158831DB6D6FCCF9F9AC1899FC31B700B,sources/base/美术素材/blobs/9f/9f2b1f9882c1d3e4c76deac5fbff5a4158831db6d6fccf9f9ac1899fc31b700b.png,sources/art/ART-20/03_cut_output/deploy_prep/deploy_equipment_slot/deploy_equipment_slot_ui_icon_compass.png,1,sources/art/ART-20/03_cut_output/deploy_prep/deploy_equipment_slot/deploy_equipment_slot_ui_icon_compass.png,internal_staged,art20_imported_pending_visual_validation,art20.deploy.icon.compass,scripts/presentation/art09_manifest_asset_mapping.gd,scripts/presentation/art09_manifest_asset_mapping.gd=>Godot/GraytailGodot/scripts/presentation/art09_manifest_asset_mapping.gd[contract],dynamic_contract,Godot/GraytailGodot/scripts/presentation/art10_ui_skin_kit.gd:626->Godot/GraytailGodot/scripts/presentation/art09_manifest_asset_mapping.gd:132[asset_id=ui.art20.deploy.icon.compass],,,,,visual_reviewed_staging_reference,"Contact-sheet review found no corrupt crop, but there is no direct production consumer proof; visual inspection alone does not admit it to runtime."
ui.art20.main_menu.background.base_hall,Godot/GraytailGodot/assets/ui/art20/main_menu/backgrounds/ui_main_menu_background_base_hall.png,467F4977B198F418D5FF2701F62147BB6AF09EA99AC3F15B7FED1638A8A04BA8,sources/base/美术素材/blobs/46/467f4977b198f418d5ff2701f62147bb6af09ea99ac3f15b7fed1638a8a04ba8.png,sources/art/ART-20/03_cut_output/main_menu/main_menu_background_base/ui_main_menu_background_base_hall.png,1,sources/art/ART-20/03_cut_output/main_menu/main_menu_background_base/ui_main_menu_background_base_hall.png,internal_staged,art20_imported_pending_visual_validation,art20.main_menu.background.base_hall,scripts/presentation/art09_manifest_asset_mapping.gd,scripts/presentation/art09_manifest_asset_mapping.gd=>Godot/GraytailGodot/scripts/presentation/art09_manifest_asset_mapping.gd[contract],dynamic_contract,Godot/GraytailGodot/scripts/presentation/art10_ui_skin_kit.gd:626->Godot/GraytailGodot/scripts/presentation/art09_manifest_asset_mapping.gd:118[asset_id=ui.art20.main_menu.background.base_hall],,,,,visual_reviewed_staging_reference,"Contact-sheet review found no corrupt crop, but there is no direct production consumer proof; visual inspection alone does not admit it to runtime."
ui.art20.keycap.e.normal,Godot/GraytailGodot/assets/ui/art20/shared/keycaps/ui_shared_keycap_e_normal.png,EA61B99A9DFA5005C60F3C9E560DA160008287A06D711CC3B9B1159BFE4A0EF8,sources/base/美术素材/blobs/ea/ea61b99a9dfa5005c60f3c9e560da160008287a06d711cc3b9b1159bfe4a0ef8.png,sources/art/ART-20/03_cut_output/shared/ui_keycap_prompt_set/ui_shared_keycap_e_normal.png,1,sources/art/ART-20/03_cut_output/shared/ui_keycap_prompt_set/ui_shared_keycap_e_normal.png,internal_staged,art20_imported_pending_visual_validation,art20.shared.keycap.e.normal,scripts/presentation/art09_manifest_asset_mapping.gd,scripts/presentation/art09_manifest_asset_mapping.gd=>Godot/GraytailGodot/scripts/presentation/art09_manifest_asset_mapping.gd[contract],dynamic_contract,Godot/GraytailGodot/scripts/presentation/art10_ui_skin_kit.gd:626->Godot/GraytailGodot/scripts/presentation/art09_manifest_asset_mapping.gd:119[asset_id=ui.art20.keycap.e.normal],,,,,visual_reviewed_restricted_input_glyph,"Baked keyboard or directional glyph is not input-semantic; retain only as reference or keyboard fallback, never as the sole production prompt."
ui.art20.keycap.esc.normal,Godot/GraytailGodot/assets/ui/art20/shared/keycaps/ui_shared_keycap_esc_normal.png,EA00A6485DC0CE6D4810B9AE82E337FF1830F9E41CA83C51482D54B542864B6E,sources/base/美术素材/blobs/ea/ea00a6485dc0ce6d4810b9ae82e337ff1830f9e41ca83c51482d54b542864b6e.png,sources/art/ART-20/03_cut_output/shared/ui_keycap_prompt_set/ui_shared_keycap_esc_normal.png,1,sources/art/ART-20/03_cut_output/shared/ui_keycap_prompt_set/ui_shared_keycap_esc_normal.png,internal_staged,art20_imported_pending_visual_validation,art20.shared.keycap.esc.normal,scripts/presentation/art09_manifest_asset_mapping.gd,scripts/presentation/art09_manifest_asset_mapping.gd=>Godot/GraytailGodot/scripts/presentation/art09_manifest_asset_mapping.gd[contract],dynamic_contract,Godot/GraytailGodot/scripts/presentation/art10_ui_skin_kit.gd:626->Godot/GraytailGodot/scripts/presentation/art09_manifest_asset_mapping.gd:120[asset_id=ui.art20.keycap.esc.normal],,,,,visual_reviewed_restricted_input_glyph,"Baked keyboard or directional glyph is not input-semantic; retain only as reference or keyboard fallback, never as the sole production prompt."
ui.art20.keycap.f.normal,Godot/GraytailGodot/assets/ui/art20/shared/keycaps/ui_shared_keycap_f_normal.png,80ADE6B6EC07BF9DAED6AD7E44DB57383EE5D8755449376F3F6BA7DE3B3D13FA,sources/base/美术素材/blobs/80/80ade6b6ec07bf9daed6ad7e44db57383ee5d8755449376f3f6ba7de3b3d13fa.png,sources/art/ART-20/03_cut_output/shared/ui_keycap_prompt_set/ui_shared_keycap_f_normal.png,1,sources/art/ART-20/03_cut_output/shared/ui_keycap_prompt_set/ui_shared_keycap_f_normal.png,internal_staged,art20_imported_pending_visual_validation,art20.shared.keycap.f.normal,scripts/presentation/art09_manifest_asset_mapping.gd,scripts/presentation/art09_manifest_asset_mapping.gd=>Godot/GraytailGodot/scripts/presentation/art09_manifest_asset_mapping.gd[contract],dynamic_contract,Godot/GraytailGodot/scripts/presentation/art10_ui_skin_kit.gd:626->Godot/GraytailGodot/scripts/presentation/art09_manifest_asset_mapping.gd:121[asset_id=ui.art20.keycap.f.normal],,,,,visual_reviewed_restricted_input_glyph,"Baked keyboard or directional glyph is not input-semantic; retain only as reference or keyboard fallback, never as the sole production prompt."
ui.art20.keycap.m.normal,Godot/GraytailGodot/assets/ui/art20/shared/keycaps/ui_shared_keycap_m_normal.png,19CD308A72911C7B2295E60E35489405A798ADB8AE38F1D89E9D5E676FAAEB94,sources/base/美术素材/blobs/19/19cd308a72911c7b2295e60e35489405a798adb8ae38f1d89e9d5e676faaeb94.png,sources/art/ART-20/03_cut_output/shared/ui_keycap_prompt_set/ui_shared_keycap_m_normal.png,1,sources/art/ART-20/03_cut_output/shared/ui_keycap_prompt_set/ui_shared_keycap_m_normal.png,internal_staged,art20_imported_pending_visual_validation,art20.shared.keycap.m.normal,scripts/presentation/art09_manifest_asset_mapping.gd,scripts/presentation/art09_manifest_asset_mapping.gd=>Godot/GraytailGodot/scripts/presentation/art09_manifest_asset_mapping.gd[contract],dynamic_contract,Godot/GraytailGodot/scripts/presentation/art10_ui_skin_kit.gd:626->Godot/GraytailGodot/scripts/presentation/art09_manifest_asset_mapping.gd:122[asset_id=ui.art20.keycap.m.normal],,,,,visual_reviewed_restricted_input_glyph,"Baked keyboard or directional glyph is not input-semantic; retain only as reference or keyboard fallback, never as the sole production prompt."
ui.art20.keycap.q.normal,Godot/GraytailGodot/assets/ui/art20/shared/keycaps/ui_shared_keycap_q_normal.png,EB16446D72FCAE87E18C95463994384CBAC2D6C093964B6A3CCB5F93BA15D991,sources/base/美术素材/blobs/eb/eb16446d72fcae87e18c95463994384cbac2d6c093964b6a3ccb5f93ba15d991.png,sources/art/ART-20/03_cut_output/shared/ui_keycap_prompt_set/ui_shared_keycap_q_normal.png,1,sources/art/ART-20/03_cut_output/shared/ui_keycap_prompt_set/ui_shared_keycap_q_normal.png,internal_staged,art20_imported_pending_visual_validation,art20.shared.keycap.q.normal,scripts/presentation/art09_manifest_asset_mapping.gd,scripts/presentation/art09_manifest_asset_mapping.gd=>Godot/GraytailGodot/scripts/presentation/art09_manifest_asset_mapping.gd[contract],dynamic_contract,Godot/GraytailGodot/scripts/presentation/art10_ui_skin_kit.gd:626->Godot/GraytailGodot/scripts/presentation/art09_manifest_asset_mapping.gd:123[asset_id=ui.art20.keycap.q.normal],,,,,visual_reviewed_restricted_input_glyph,"Baked keyboard or directional glyph is not input-semantic; retain only as reference or keyboard fallback, never as the sole production prompt."
ui.art20.keycap.t.normal,Godot/GraytailGodot/assets/ui/art20/shared/keycaps/ui_shared_keycap_t_normal.png,03D0AC080295A209DA0B1918A50BB238DC74183E91B8F6CC24AFC836F854942C,sources/base/美术素材/blobs/03/03d0ac080295a209da0b1918a50bb238dc74183e91b8f6cc24afc836f854942c.png,sources/art/ART-20/03_cut_output/shared/ui_keycap_prompt_set/ui_shared_keycap_t_normal.png,1,sources/art/ART-20/03_cut_output/shared/ui_keycap_prompt_set/ui_shared_keycap_t_normal.png,internal_staged,art20_imported_pending_visual_validation,art20.shared.keycap.t.normal,scripts/presentation/art09_manifest_asset_mapping.gd,scripts/presentation/art09_manifest_asset_mapping.gd=>Godot/GraytailGodot/scripts/presentation/art09_manifest_asset_mapping.gd[contract],dynamic_contract,Godot/GraytailGodot/scripts/presentation/art10_ui_skin_kit.gd:626->Godot/GraytailGodot/scripts/presentation/art09_manifest_asset_mapping.gd:124[asset_id=ui.art20.keycap.t.normal],,,,,visual_reviewed_restricted_input_glyph,"Baked keyboard or directional glyph is not input-semantic; retain only as reference or keyboard fallback, never as the sole production prompt."
ui.art21.deploy.left_character_frame,Godot/GraytailGodot/assets/ui/art21/deploy/ui_art21_deploy_left_character_frame.png,B70AF6FF49D5CE0A665F74E41CA16D388800224409D1E5DE9A9B1AC712B67036,sources/base/美术素材/blobs/b7/b70af6ff49d5ce0a665f74e41ca16d388800224409d1e5de9a9b1ac712b67036.png,sources/art/ART-21/03_cut_output/long_term/ui_art21_long_term_profile_frame.png,4,sources/art/ART-21/03_cut_output/deploy/ui_art21_deploy_left_character_frame.png,internal_generated,art21_generated_contract_component,art21.deploy.left_character_frame.replaced,deploy_prep_shell.gd,deploy_prep_shell.gd=>Godot/GraytailGodot/scripts/ui/deploy_prep/deploy_prep_shell.gd[production],dynamic_contract,Godot/GraytailGodot/scripts/gameplay/interaction/g41_world_context_popup.gd:164->Godot/GraytailGodot/scripts/presentation/art21_ui_placement_contract.gd:26[asset_id=ui.art21.deploy.left_character_frame],,,,,independent_generated_lineage,Runtime has an internal generated lineage independent of Base admission.
ui.art21.deploy.route_wall.frame,Godot/GraytailGodot/assets/ui/art21/deploy/ui_art21_deploy_route_wall_frame.png,122C0B54FB80CC4FADA550C30682629316DD889B4DF334A6C655CF526555D6D0,sources/base/美术素材/blobs/12/122c0b54fb80cc4fada550c30682629316dd889b4df334a6c655cf526555d6d0.png,sources/art/ART-21/03_cut_output/deploy/ui_art21_deploy_route_wall_frame.png,2,sources/art/ART-21/03_cut_output/deploy/ui_art21_deploy_route_wall_frame.png,internal_generated,art21_generated_contract_component,art21.deploy.route_wall.frame,deploy_prep_shell.gd,deploy_prep_shell.gd=>Godot/GraytailGodot/scripts/ui/deploy_prep/deploy_prep_shell.gd[production],dynamic_contract,Godot/GraytailGodot/scripts/gameplay/interaction/g41_world_context_popup.gd:164->Godot/GraytailGodot/scripts/presentation/art21_ui_placement_contract.gd:27[asset_id=ui.art21.deploy.route_wall.frame],,,,,independent_generated_lineage,Runtime has an internal generated lineage independent of Base admission.
ui.art21.deploy.summary_panel.frame,Godot/GraytailGodot/assets/ui/art21/deploy/ui_art21_deploy_summary_panel_frame.png,00F516980F01FC7FFC8057A70B5BE140C42A4F2D2571BDB3D892E37AF63C343E,sources/base/美术素材/blobs/00/00f516980f01fc7ffc8057a70b5be140c42a4f2d2571bdb3d892e37af63c343e.png,sources/art/ART-21/03_cut_output/deploy/ui_art21_deploy_summary_panel_frame.png,2,sources/art/ART-21/03_cut_output/deploy/ui_art21_deploy_summary_panel_frame.png,internal_generated,art21_generated_contract_component,art21.deploy.summary_panel.frame,deploy_prep_shell.gd,deploy_prep_shell.gd=>Godot/GraytailGodot/scripts/ui/deploy_prep/deploy_prep_shell.gd[production],dynamic_contract,Godot/GraytailGodot/scripts/gameplay/interaction/g41_world_context_popup.gd:164->Godot/GraytailGodot/scripts/presentation/art21_ui_placement_contract.gd:28[asset_id=ui.art21.deploy.summary_panel.frame],,,,,independent_generated_lineage,Runtime has an internal generated lineage independent of Base admission.
ui.art21.ground_loot.panel.frame,Godot/GraytailGodot/assets/ui/art21/ground_loot/ui_art21_ground_loot_panel_frame.png,649751400C0E5A941BEDB3D5EB08CB5DF56376C2311285D3D301F97645579778,sources/base/美术素材/blobs/64/649751400c0e5a941bedb3d5eb08cb5df56376c2311285d3d301f97645579778.png,sources/art/ART-21/03_cut_output/ground_loot/ui_art21_ground_loot_panel_frame.png,2,sources/art/ART-21/03_cut_output/ground_loot/ui_art21_ground_loot_panel_frame.png,internal_generated,art21_generated_contract_component,art21.ground_loot.panel.frame,ground_loot_panel.gd,ground_loot_panel.gd=>Godot/GraytailGodot/scripts/ui/ground_loot/ground_loot_panel.gd[production],no_production_consumer,no_production_consumer_proven,,,,,independent_generated_lineage,Runtime has an internal generated lineage independent of Base admission.
ui.art21.inventory.panel.frame,Godot/GraytailGodot/assets/ui/art21/inventory/ui_art21_inventory_panel_frame.png,C747C8268405914D09E3049F67F31C23DA89BA49F6E20102119CCEFA52751199,sources/base/美术素材/blobs/c7/c747c8268405914d09e3049f67f31c23da89ba49f6e20102119ccefa52751199.png,sources/art/ART-21/03_cut_output/inventory/ui_art21_inventory_panel_frame.png,2,sources/art/ART-21/03_cut_output/inventory/ui_art21_inventory_panel_frame.png,internal_generated,art21_generated_contract_component,art21.inventory.panel.frame,inventory_panel.gd,inventory_panel.gd=>Godot/GraytailGodot/scripts/ui/inventory/inventory_panel.gd[production],no_production_consumer,no_production_consumer_proven,,,,,independent_generated_lineage,Runtime has an internal generated lineage independent of Base admission.
ui.art21.long_term.collection_wall.frame,Godot/GraytailGodot/assets/ui/art21/long_term/ui_art21_long_term_collection_wall_frame.png,1A695F6D41B8132F1938082B775EB4707A34B74165DEE036B628CB20ECD2BEE2,sources/base/美术素材/blobs/1a/1a695f6d41b8132f1938082b775eb4707a34b74165dee036b628cb20ecd2bee2.png,sources/art/ART-21/03_cut_output/long_term/ui_art21_long_term_collection_wall_frame.png,2,sources/art/ART-21/03_cut_output/long_term/ui_art21_long_term_collection_wall_frame.png,internal_generated,art21_generated_contract_component,art21.long_term.collection_wall.frame,long_term_shell.gd,long_term_shell.gd=>Godot/GraytailGodot/scripts/ui/long_term/long_term_shell.gd[production],dynamic_contract,Godot/GraytailGodot/scripts/gameplay/interaction/g41_world_context_popup.gd:164->Godot/GraytailGodot/scripts/presentation/art21_ui_placement_contract.gd:30[asset_id=ui.art21.long_term.collection_wall.frame],,,,,independent_generated_lineage,Runtime has an internal generated lineage independent of Base admission.
ui.art21.long_term.detail_panel.frame,Godot/GraytailGodot/assets/ui/art21/long_term/ui_art21_long_term_detail_panel_frame.png,B918EACFA15057A8FE974D841F2833C8DD7FC4458045FCA23F7A4C3C7A131352,sources/base/美术素材/blobs/b9/b918eacfa15057a8fe974d841f2833c8dd7fc4458045fca23f7a4c3c7a131352.png,sources/art/ART-21/03_cut_output/long_term/ui_art21_long_term_detail_panel_frame.png,2,sources/art/ART-21/03_cut_output/long_term/ui_art21_long_term_detail_panel_frame.png,internal_generated,art21_generated_contract_component,art21.long_term.detail_panel.frame,long_term_shell.gd,long_term_shell.gd=>Godot/GraytailGodot/scripts/ui/long_term/long_term_shell.gd[production],dynamic_contract,Godot/GraytailGodot/scripts/gameplay/interaction/g41_world_context_popup.gd:164->Godot/GraytailGodot/scripts/presentation/art21_ui_placement_contract.gd:31[asset_id=ui.art21.long_term.detail_panel.frame],,,,,independent_generated_lineage,Runtime has an internal generated lineage independent of Base admission.
ui.art21.long_term.profile_frame,Godot/GraytailGodot/assets/ui/art21/long_term/ui_art21_long_term_profile_frame.png,B70AF6FF49D5CE0A665F74E41CA16D388800224409D1E5DE9A9B1AC712B67036,sources/base/美术素材/blobs/b7/b70af6ff49d5ce0a665f74e41ca16d388800224409d1e5de9a9b1ac712b67036.png,sources/art/ART-21/03_cut_output/long_term/ui_art21_long_term_profile_frame.png,4,sources/art/ART-21/03_cut_output/long_term/ui_art21_long_term_profile_frame.png,internal_generated,art21_generated_contract_component,art21.long_term.profile_frame.replaced,long_term_shell.gd,long_term_shell.gd=>Godot/GraytailGodot/scripts/ui/long_term/long_term_shell.gd[production],dynamic_contract,Godot/GraytailGodot/scripts/gameplay/interaction/g41_world_context_popup.gd:164->Godot/GraytailGodot/scripts/presentation/art21_ui_placement_contract.gd:29[asset_id=ui.art21.long_term.profile_frame],,,,,independent_generated_lineage,Runtime has an internal generated lineage independent of Base admission.
ui.art21.main_menu.action_deck.frame,Godot/GraytailGodot/assets/ui/art21/main_menu/ui_art21_main_menu_action_deck_frame.png,26E02FC232A3ACBC4DF6C401F9A841C791CF3966C8D52AD0FC949F0297009FEB,sources/base/美术素材/blobs/26/26e02fc232a3acbc4df6c401f9a841c791cf3966c8d52ad0fc949f0297009feb.png,sources/art/ART-21/03_cut_output/main_menu/ui_art21_main_menu_action_deck_frame.png,2,sources/art/ART-21/03_cut_output/main_menu/ui_art21_main_menu_action_deck_frame.png,internal_generated,art21_generated_contract_component,art21.main_menu.action_deck.frame,main_menu_shell.gd,main_menu_shell.gd=>Godot/GraytailGodot/scripts/ui/main_menu/main_menu_shell.gd[production],dynamic_contract,Godot/GraytailGodot/scripts/gameplay/interaction/g41_world_context_popup.gd:164->Godot/GraytailGodot/scripts/presentation/art21_ui_placement_contract.gd:25[asset_id=ui.art21.main_menu.action_deck.frame],,,,,independent_generated_lineage,Runtime has an internal generated lineage independent of Base admission.
ui.art21.map.cell.explored,Godot/GraytailGodot/assets/ui/art21/map/ui_art21_map_cell_explored.png,3295CAA4F282540E7F982C20D4AD048790EA3F7ACF73F83AF198C59E2CB0DA09,sources/base/美术素材/blobs/32/3295caa4f282540e7f982c20d4ad048790ea3f7acf73f83af198c59e2cb0da09.png,sources/art/ART-21/03_cut_output/map/ui_art21_map_cell_explored.png,2,sources/art/ART-21/03_cut_output/map/ui_art21_map_cell_explored.png,internal_generated,art21_generated_contract_component,art21.map_overlay.cell.explored.replaced,map_overlay_panel.gd,map_overlay_panel.gd=>Godot/GraytailGodot/scripts/ui/map_overlay/map_overlay_panel.gd[production],dynamic_contract,Godot/GraytailGodot/scripts/gameplay/interaction/g41_world_context_popup.gd:164->Godot/GraytailGodot/scripts/presentation/art21_ui_placement_contract.gd:37[asset_id=ui.art21.map.cell.explored],,,,,independent_generated_lineage,Runtime has an internal generated lineage independent of Base admission.
ui.art21.map.cell.flagged,Godot/GraytailGodot/assets/ui/art21/map/ui_art21_map_cell_flagged.png,4171303BEA91BC0264B6E2A880D0E5B99004CF1B8B77C67DFDFEA938BD0D7DDB,sources/base/美术素材/blobs/41/4171303bea91bc0264b6e2a880d0e5b99004cf1b8b77c67dfdfea938bd0d7ddb.png,sources/art/ART-21/03_cut_output/map/ui_art21_map_cell_flagged.png,2,sources/art/ART-21/03_cut_output/map/ui_art21_map_cell_flagged.png,internal_generated,art21_generated_contract_component,art21.map_overlay.cell.flagged.replaced,map_overlay_panel.gd,map_overlay_panel.gd=>Godot/GraytailGodot/scripts/ui/map_overlay/map_overlay_panel.gd[production],dynamic_contract,Godot/GraytailGodot/scripts/gameplay/interaction/g41_world_context_popup.gd:164->Godot/GraytailGodot/scripts/presentation/art21_ui_placement_contract.gd:39[asset_id=ui.art21.map.cell.flagged],,,,,independent_generated_lineage,Runtime has an internal generated lineage independent of Base admission.
ui.art21.map.cell.scanned,Godot/GraytailGodot/assets/ui/art21/map/ui_art21_map_cell_scanned.png,19ABB50557D76B35B27F06B77088D1F8731ED3F190CF2743B30EE81999679F0E,sources/base/美术素材/blobs/19/19abb50557d76b35b27f06b77088d1f8731ed3f190cf2743b30ee81999679f0e.png,sources/art/ART-21/03_cut_output/map/ui_art21_map_cell_scanned.png,2,sources/art/ART-21/03_cut_output/map/ui_art21_map_cell_scanned.png,internal_generated,art21_generated_contract_component,art21.map_overlay.cell.scanned.replaced,map_overlay_panel.gd,map_overlay_panel.gd=>Godot/GraytailGodot/scripts/ui/map_overlay/map_overlay_panel.gd[production],dynamic_contract,Godot/GraytailGodot/scripts/gameplay/interaction/g41_world_context_popup.gd:164->Godot/GraytailGodot/scripts/presentation/art21_ui_placement_contract.gd:38[asset_id=ui.art21.map.cell.scanned],,,,,independent_generated_lineage,Runtime has an internal generated lineage independent of Base admission.
ui.art21.map.cell.unknown,Godot/GraytailGodot/assets/ui/art21/map/ui_art21_map_cell_unknown.png,7CE336476C038D8CACDC4791568717F603DE6AA96B99EEDB871618B551043A87,sources/base/美术素材/blobs/7c/7ce336476c038d8cacdc4791568717f603de6aa96b99eedb871618b551043a87.png,sources/art/ART-21/03_cut_output/map/ui_art21_map_cell_unknown.png,2,sources/art/ART-21/03_cut_output/map/ui_art21_map_cell_unknown.png,internal_generated,art21_generated_contract_component,art21.map_overlay.cell.unknown.replaced,map_overlay_panel.gd,map_overlay_panel.gd=>Godot/GraytailGodot/scripts/ui/map_overlay/map_overlay_panel.gd[production],direct_token,Godot/GraytailGodot/scripts/ui/minimap/minimap_panel.gd:22[asset_id=ui.art21.map.cell.unknown],,,,,independent_generated_lineage,Runtime has an internal generated lineage independent of Base admission.
ui.art21.map.marker.chest,Godot/GraytailGodot/assets/ui/art21/map/ui_art21_map_marker_chest.png,98D849FF9A57234B2A8D601FE9CC6C3F8344CC403F3C34A400E1884B86E2BDDD,sources/base/美术素材/blobs/98/98d849ff9a57234b2a8d601fe9cc6c3f8344cc403f3c34a400e1884b86e2bddd.png,sources/art/ART-21/03_cut_output/map/ui_art21_map_marker_chest.png,2,sources/art/ART-21/03_cut_output/map/ui_art21_map_marker_chest.png,internal_generated,art21_generated_contract_component,art21.map_overlay.marker.chest,map_overlay_panel.gd,map_overlay_panel.gd=>Godot/GraytailGodot/scripts/ui/map_overlay/map_overlay_panel.gd[production],dynamic_contract,Godot/GraytailGodot/scripts/gameplay/interaction/g41_world_context_popup.gd:164->Godot/GraytailGodot/scripts/presentation/art21_ui_placement_contract.gd:46[asset_id=ui.art21.map.marker.chest],,,,,independent_generated_lineage,Runtime has an internal generated lineage independent of Base admission.
ui.art21.map.marker.event,Godot/GraytailGodot/assets/ui/art21/map/ui_art21_map_marker_event.png,81078D8D7B7A9C4139F27CCCA7A236B438A7729397E01E5F2BBCA17C80976F48,sources/base/美术素材/blobs/81/81078d8d7b7a9c4139f27ccca7a236b438a7729397e01e5f2bbca17c80976f48.png,sources/art/ART-21/03_cut_output/map/ui_art21_map_marker_event.png,2,sources/art/ART-21/03_cut_output/map/ui_art21_map_marker_event.png,internal_generated,art21_generated_contract_component,art21.map_overlay.marker.event.replaced,map_overlay_panel.gd,map_overlay_panel.gd=>Godot/GraytailGodot/scripts/ui/map_overlay/map_overlay_panel.gd[production],direct_token,Godot/GraytailGodot/scripts/ui/minimap/minimap_panel.gd:31[asset_id=ui.art21.map.marker.event],,,,,independent_generated_lineage,Runtime has an internal generated lineage independent of Base admission.
ui.art21.map.marker.exit,Godot/GraytailGodot/assets/ui/art21/map/ui_art21_map_marker_exit.png,791A2ADCFA51BD79C9841DA2608E94E3F9644EAB1CC402D1EEBB54D0C1081AAD,sources/base/美术素材/blobs/79/791a2adcfa51bd79c9841da2608e94e3f9644eab1cc402d1eebb54d0c1081aad.png,sources/art/ART-21/03_cut_output/map/ui_art21_map_marker_exit.png,2,sources/art/ART-21/03_cut_output/map/ui_art21_map_marker_exit.png,internal_generated,art21_generated_contract_component,art21.map_overlay.marker.exit,map_overlay_panel.gd,map_overlay_panel.gd=>Godot/GraytailGodot/scripts/ui/map_overlay/map_overlay_panel.gd[production],dynamic_contract,Godot/GraytailGodot/scripts/gameplay/interaction/g41_world_context_popup.gd:164->Godot/GraytailGodot/scripts/presentation/art21_ui_placement_contract.gd:44[asset_id=ui.art21.map.marker.exit],,,,,independent_generated_lineage,Runtime has an internal generated lineage independent of Base admission.
ui.art21.map.marker.mine,Godot/GraytailGodot/assets/ui/art21/map/ui_art21_map_marker_mine.png,D77C9F73868BA762A6297FE2A4F59B3A81D975EE3FEB8AEFAA86FDE00DBE4ED6,sources/base/美术素材/blobs/d7/d77c9f73868ba762a6297fe2a4f59b3a81d975ee3feb8aefaa86fde00dbe4ed6.png,sources/art/ART-21/03_cut_output/map/ui_art21_map_marker_mine.png,2,sources/art/ART-21/03_cut_output/map/ui_art21_map_marker_mine.png,internal_generated,art21_generated_contract_component,art21.map_overlay.marker.mine,map_overlay_panel.gd,map_overlay_panel.gd=>Godot/GraytailGodot/scripts/ui/map_overlay/map_overlay_panel.gd[production],dynamic_contract,Godot/GraytailGodot/scripts/gameplay/interaction/g41_world_context_popup.gd:164->Godot/GraytailGodot/scripts/presentation/art21_ui_placement_contract.gd:45[asset_id=ui.art21.map.marker.mine],,,,,independent_generated_lineage,Runtime has an internal generated lineage independent of Base admission.
ui.art21.map.marker.player,Godot/GraytailGodot/assets/ui/art21/map/ui_art21_map_marker_player.png,17240923B4538E407652AE1C238078D7DF6D18D90EB9197D38C1E0364B471684,sources/base/美术素材/blobs/17/17240923b4538e407652ae1c238078d7df6d18d90eb9197d38c1e0364b471684.png,sources/art/ART-21/03_cut_output/map/ui_art21_map_marker_player.png,2,sources/art/ART-21/03_cut_output/map/ui_art21_map_marker_player.png,internal_generated,art21_generated_contract_component,art21.map_overlay.marker.player,map_overlay_panel.gd,map_overlay_panel.gd=>Godot/GraytailGodot/scripts/ui/map_overlay/map_overlay_panel.gd[production],dynamic_contract,Godot/GraytailGodot/scripts/gameplay/interaction/g41_world_context_popup.gd:164->Godot/GraytailGodot/scripts/presentation/art21_ui_placement_contract.gd:43[asset_id=ui.art21.map.marker.player],,,,,independent_generated_lineage,Runtime has an internal generated lineage independent of Base admission.
ui.art21.result.modal.frame,Godot/GraytailGodot/assets/ui/art21/result/ui_art21_result_modal_frame.png,83A988F82C91C5A34093A9E76203838B334E2551A75645F01B8BD8DE376610D6,sources/base/美术素材/blobs/83/83a988f82c91c5a34093a9e76203838b334e2551a75645f01b8bd8de376610d6.png,sources/art/ART-21/03_cut_output/result/ui_art21_result_modal_frame.png,2,sources/art/ART-21/03_cut_output/result/ui_art21_result_modal_frame.png,internal_generated,art21_generated_contract_component,art21.result.modal.frame,result_panel.gd,result_panel.gd=>Godot/GraytailGodot/scripts/ui/result/result_panel.gd[production],no_production_consumer,no_production_consumer_proven,,,,,independent_generated_lineage,Runtime has an internal generated lineage independent of Base admission.
ui.art21.run.bottom_overlay.frame,Godot/GraytailGodot/assets/ui/art21/run/ui_art21_run_bottom_overlay_frame.png,5B1D0EAFCDCC3E35C273F68515BB98AA4636D6CEC56117E7BDC5686123BAABC3,sources/base/美术素材/blobs/5b/5b1d0eafcdcc3e35c273f68515bb98aa4636d6cec56117e7bdc5686123baabc3.png,sources/art/ART-21/03_cut_output/run/ui_art21_run_bottom_overlay_frame.png,2,sources/art/ART-21/03_cut_output/run/ui_art21_run_bottom_overlay_frame.png,internal_generated,art21_generated_contract_component,art21.run.bottom_overlay.frame,run_surface.gd,run_surface.gd=>Godot/GraytailGodot/scripts/ui/run_surface/run_surface.gd[production],no_production_consumer,no_production_consumer_proven,,,,,independent_generated_lineage,Runtime has an internal generated lineage independent of Base admission.
ui.art21.run.gameplay_viewport.background,Godot/GraytailGodot/assets/ui/art21/run/ui_art21_run_gameplay_viewport_background.png,9A36BE1ADA313900C6C23C7FE389E23D594AA56F4D06239D6B8A00CF3B679C2D,sources/base/美术素材/blobs/9a/9a36be1ada313900c6c23c7fe389e23d594aa56f4d06239d6b8a00cf3b679c2d.png,sources/art/ART-21/03_cut_output/run/ui_art21_run_gameplay_viewport_background.png,2,sources/art/ART-21/03_cut_output/run/ui_art21_run_gameplay_viewport_background.png,internal_generated,art21_generated_contract_component,art21.run.gameplay_viewport.background.replaced,run_surface.gd,run_surface.gd=>Godot/GraytailGodot/scripts/ui/run_surface/run_surface.gd[production],dynamic_contract,Godot/GraytailGodot/scripts/gameplay/interaction/g41_world_context_popup.gd:164->Godot/GraytailGodot/scripts/presentation/art21_ui_placement_contract.gd:32[asset_id=ui.art21.run.gameplay_viewport.background],,,,,independent_generated_lineage,Runtime has an internal generated lineage independent of Base admission.
ui.art21.run.status_card.frame,Godot/GraytailGodot/assets/ui/art21/run/ui_art21_run_status_card_frame.png,BAB8AF9AA2C6EA87A61D6258AE69A74824507714BDE56366348A917623B4D565,sources/base/美术素材/blobs/ba/bab8af9aa2c6ea87a61d6258ae69a74824507714bde56366348a917623b4d565.png,sources/art/ART-21/03_cut_output/run/ui_art21_run_status_card_frame.png,2,sources/art/ART-21/03_cut_output/run/ui_art21_run_status_card_frame.png,internal_generated,art21_generated_contract_component,art21.run.status_card.frame,run_surface.gd,run_surface.gd=>Godot/GraytailGodot/scripts/ui/run_surface/run_surface.gd[production],no_production_consumer,no_production_consumer_proven,,,,,independent_generated_lineage,Runtime has an internal generated lineage independent of Base admission.
ui.art21.shared.button.primary.disabled,Godot/GraytailGodot/assets/ui/art21/shared/buttons/ui_art21_shared_button_primary_disabled.png,DC0A238D43E8FDB6476CCB01211190829A3B14C3E950DD06DF6AFA4B22D5CF92,sources/base/美术素材/blobs/dc/dc0a238d43e8fdb6476ccb01211190829a3b14c3e950dd06df6afa4b22d5cf92.png,sources/art/ART-21/03_cut_output/shared/buttons/ui_art21_shared_button_primary_disabled.png,2,sources/art/ART-21/03_cut_output/shared/buttons/ui_art21_shared_button_primary_disabled.png,internal_generated,art21_generated_contract_component,art21.shared.button.primary.disabled,Art10UISkinKit,Art10UISkinKit=>Godot/GraytailGodot/scripts/presentation/art10_ui_skin_kit.gd[production],dynamic_contract,Godot/GraytailGodot/scripts/gameplay/interaction/g41_world_context_popup.gd:164->Godot/GraytailGodot/scripts/presentation/art21_ui_placement_contract.gd:20[asset_id=ui.art21.shared.button.primary.disabled],,,,,independent_generated_lineage,Runtime has an internal generated lineage independent of Base admission.
ui.art21.shared.button.primary.hover,Godot/GraytailGodot/assets/ui/art21/shared/buttons/ui_art21_shared_button_primary_hover.png,E785AC0A2BEAA33A641FA8E003F43321F5D92AB1D90AA04733FCF81275173845,sources/base/美术素材/blobs/e7/e785ac0a2beaa33a641fa8e003f43321f5d92ab1d90aa04733fcf81275173845.png,sources/art/ART-21/03_cut_output/shared/buttons/ui_art21_shared_button_primary_hover.png,2,sources/art/ART-21/03_cut_output/shared/buttons/ui_art21_shared_button_primary_hover.png,internal_generated,art21_generated_contract_component,art21.shared.button.primary.hover,Art10UISkinKit,Art10UISkinKit=>Godot/GraytailGodot/scripts/presentation/art10_ui_skin_kit.gd[production],dynamic_contract,Godot/GraytailGodot/scripts/gameplay/interaction/g41_world_context_popup.gd:164->Godot/GraytailGodot/scripts/presentation/art21_ui_placement_contract.gd:18[asset_id=ui.art21.shared.button.primary.hover],,,,,independent_generated_lineage,Runtime has an internal generated lineage independent of Base admission.
ui.art21.shared.button.primary.normal,Godot/GraytailGodot/assets/ui/art21/shared/buttons/ui_art21_shared_button_primary_normal.png,ECD027247D4B8F10627A6E8AF8750F7CD64F322457B9E9AD53A2104AF10C5DC7,sources/base/美术素材/blobs/ec/ecd027247d4b8f10627a6e8af8750f7cd64f322457b9e9ad53a2104af10c5dc7.png,sources/art/ART-21/03_cut_output/shared/buttons/ui_art21_shared_button_primary_normal.png,2,sources/art/ART-21/03_cut_output/shared/buttons/ui_art21_shared_button_primary_normal.png,internal_generated,art21_generated_contract_component,art21.shared.button.primary.normal,Art10UISkinKit,Art10UISkinKit=>Godot/GraytailGodot/scripts/presentation/art10_ui_skin_kit.gd[production],dynamic_contract,Godot/GraytailGodot/scripts/gameplay/interaction/g41_world_context_popup.gd:164->Godot/GraytailGodot/scripts/presentation/art21_ui_placement_contract.gd:17[asset_id=ui.art21.shared.button.primary.normal],,,,,independent_generated_lineage,Runtime has an internal generated lineage independent of Base admission.
ui.art21.shared.button.primary.pressed,Godot/GraytailGodot/assets/ui/art21/shared/buttons/ui_art21_shared_button_primary_pressed.png,1621C865BB79B85C3CF9746694C909CAA1628651AA96F1CA32051169E10573E4,sources/base/美术素材/blobs/16/1621c865bb79b85c3cf9746694c909caa1628651aa96f1ca32051169e10573e4.png,sources/art/ART-21/03_cut_output/shared/buttons/ui_art21_shared_button_primary_pressed.png,2,sources/art/ART-21/03_cut_output/shared/buttons/ui_art21_shared_button_primary_pressed.png,internal_generated,art21_generated_contract_component,art21.shared.button.primary.pressed,Art10UISkinKit,Art10UISkinKit=>Godot/GraytailGodot/scripts/presentation/art10_ui_skin_kit.gd[production],dynamic_contract,Godot/GraytailGodot/scripts/gameplay/interaction/g41_world_context_popup.gd:164->Godot/GraytailGodot/scripts/presentation/art21_ui_placement_contract.gd:19[asset_id=ui.art21.shared.button.primary.pressed],,,,,independent_generated_lineage,Runtime has an internal generated lineage independent of Base admission.
ui.art21.shared.button.secondary.normal,Godot/GraytailGodot/assets/ui/art21/shared/buttons/ui_art21_shared_button_secondary_normal.png,FD3CA102D24F4895853430EE7F2374D2F5155C4A40FB3EBB0F79493F7B3F1F49,sources/base/美术素材/blobs/fd/fd3ca102d24f4895853430ee7f2374d2f5155c4a40fb3ebb0f79493f7b3f1f49.png,sources/art/ART-21/03_cut_output/shared/buttons/ui_art21_shared_button_secondary_normal.png,2,sources/art/ART-21/03_cut_output/shared/buttons/ui_art21_shared_button_secondary_normal.png,internal_generated,art21_generated_contract_component,art21.shared.button.secondary.normal,Art10UISkinKit,Art10UISkinKit=>Godot/GraytailGodot/scripts/presentation/art10_ui_skin_kit.gd[production],dynamic_contract,Godot/GraytailGodot/scripts/gameplay/interaction/g41_world_context_popup.gd:164->Godot/GraytailGodot/scripts/presentation/art21_ui_placement_contract.gd:21[asset_id=ui.art21.shared.button.secondary.normal],,,,,independent_generated_lineage,Runtime has an internal generated lineage independent of Base admission.
ui.art21.shared.button.secondary.selected,Godot/GraytailGodot/assets/ui/art21/shared/buttons/ui_art21_shared_button_secondary_selected.png,938EB5D5BFB323117E2A5242A76D3D8623A8DFEDF83C3AB6F4580C7189EEBF2C,sources/base/美术素材/blobs/93/938eb5d5bfb323117e2a5242a76d3d8623a8dfedf83c3ab6f4580c7189eebf2c.png,sources/art/ART-21/03_cut_output/shared/buttons/ui_art21_shared_button_secondary_selected.png,2,sources/art/ART-21/03_cut_output/shared/buttons/ui_art21_shared_button_secondary_selected.png,internal_generated,art21_generated_contract_component,art21.shared.button.secondary.selected,Art10UISkinKit,Art10UISkinKit=>Godot/GraytailGodot/scripts/presentation/art10_ui_skin_kit.gd[production],dynamic_contract,Godot/GraytailGodot/scripts/gameplay/interaction/g41_world_context_popup.gd:164->Godot/GraytailGodot/scripts/presentation/art21_ui_placement_contract.gd:22[asset_id=ui.art21.shared.button.secondary.selected],,,,,independent_generated_lineage,Runtime has an internal generated lineage independent of Base admission.
ui.art21.shared.tab.normal,Godot/GraytailGodot/assets/ui/art21/shared/buttons/ui_art21_shared_tab_normal.png,63B06815092A6E22CDD18BF4345564CA1307489E99FE03F26B996D55B39D62E1,sources/base/美术素材/blobs/63/63b06815092a6e22cdd18bf4345564ca1307489e99fe03f26b996d55b39d62e1.png,sources/art/ART-21/03_cut_output/shared/buttons/ui_art21_shared_tab_normal.png,2,sources/art/ART-21/03_cut_output/shared/buttons/ui_art21_shared_tab_normal.png,internal_generated,art21_generated_contract_component,art21.shared.tab.normal,Art10UISkinKit,Art10UISkinKit=>Godot/GraytailGodot/scripts/presentation/art10_ui_skin_kit.gd[production],dynamic_contract,Godot/GraytailGodot/scripts/gameplay/interaction/g41_world_context_popup.gd:164->Godot/GraytailGodot/scripts/presentation/art21_ui_placement_contract.gd:23[asset_id=ui.art21.shared.tab.normal],,,,,independent_generated_lineage,Runtime has an internal generated lineage independent of Base admission.
ui.art21.shared.tab.selected,Godot/GraytailGodot/assets/ui/art21/shared/buttons/ui_art21_shared_tab_selected.png,3C5646B26309A545FF4293D90F7F9BA769656A2109F5EDBAFDE3D3572FEED398,sources/base/美术素材/blobs/3c/3c5646b26309a545ff4293d90f7f9ba769656a2109f5edbafde3d3572feed398.png,sources/art/ART-21/03_cut_output/shared/buttons/ui_art21_shared_tab_selected.png,2,sources/art/ART-21/03_cut_output/shared/buttons/ui_art21_shared_tab_selected.png,internal_generated,art21_generated_contract_component,art21.shared.tab.selected,Art10UISkinKit,Art10UISkinKit=>Godot/GraytailGodot/scripts/presentation/art10_ui_skin_kit.gd[production],dynamic_contract,Godot/GraytailGodot/scripts/gameplay/interaction/g41_world_context_popup.gd:164->Godot/GraytailGodot/scripts/presentation/art21_ui_placement_contract.gd:24[asset_id=ui.art21.shared.tab.selected],,,,,independent_generated_lineage,Runtime has an internal generated lineage independent of Base admission.
ui.art21.shared.panel.card.normal,Godot/GraytailGodot/assets/ui/art21/shared/panels/ui_art21_shared_panel_card_normal.png,C33FEE068756233724BD51CEBF346ACA3A5FA1C864A6946A695688D49109E93F,sources/base/美术素材/blobs/c3/c33fee068756233724bd51cebf346aca3a5fa1c864a6946a695688d49109e93f.png,sources/art/ART-21/03_cut_output/shared/panels/ui_art21_shared_panel_card_normal.png,2,sources/art/ART-21/03_cut_output/shared/panels/ui_art21_shared_panel_card_normal.png,internal_generated,art21_generated_contract_component,art21.shared.panel.card.normal,Art10UISkinKit,Art10UISkinKit=>Godot/GraytailGodot/scripts/presentation/art10_ui_skin_kit.gd[production],direct_token,Godot/GraytailGodot/scripts/ui/result/result_panel.gd:17[asset_id=ui.art21.shared.panel.card.normal],,,,,independent_generated_lineage,Runtime has an internal generated lineage independent of Base admission.
ui.art21.shared.panel.modal.normal,Godot/GraytailGodot/assets/ui/art21/shared/panels/ui_art21_shared_panel_modal_normal.png,86FA60A043994FA7238FA03B0AC382525E0B6AA1F56979FFDC2D4DBA9A35D2A2,sources/base/美术素材/blobs/86/86fa60a043994fa7238fa03b0ac382525e0b6aa1f56979ffdc2d4dba9a35d2a2.png,sources/art/ART-21/03_cut_output/shared/panels/ui_art21_shared_panel_modal_normal.png,2,sources/art/ART-21/03_cut_output/shared/panels/ui_art21_shared_panel_modal_normal.png,internal_generated,art21_generated_contract_component,art21.shared.panel.modal.normal,InventoryPanel/GroundLootPanel/ResultPanel,InventoryPanel/GroundLootPanel/ResultPanel=>unresolved,dynamic_contract,Godot/GraytailGodot/scripts/gameplay/interaction/g41_world_context_popup.gd:164->Godot/GraytailGodot/scripts/presentation/art21_ui_placement_contract.gd:15[asset_id=ui.art21.shared.panel.modal.normal],,,,,independent_generated_lineage,Runtime has an internal generated lineage independent of Base admission.
ui.art21.shared.panel.page_frame.normal,Godot/GraytailGodot/assets/ui/art21/shared/panels/ui_art21_shared_panel_page_frame_normal.png,64073B659BA8CF680DEC32F7B820C55F48FCE05FD5CC856C86A00231880A0410,sources/base/美术素材/blobs/64/64073b659ba8cf680dec32f7b820c55f48fce05fd5cc856c86a00231880a0410.png,sources/art/ART-21/03_cut_output/shared/panels/ui_art21_shared_panel_page_frame_normal.png,2,sources/art/ART-21/03_cut_output/shared/panels/ui_art21_shared_panel_page_frame_normal.png,internal_generated,art21_generated_contract_component,art21.shared.panel.page_frame.normal,Art10UISkinKit,Art10UISkinKit=>Godot/GraytailGodot/scripts/presentation/art10_ui_skin_kit.gd[production],direct_token,Godot/GraytailGodot/scripts/ui/run_surface/run_surface.gd:166[asset_id=ui.art21.shared.panel.page_frame.normal],,,,,independent_generated_lineage,Runtime has an internal generated lineage independent of Base admission.
ui.art21.shared.panel.slot.normal,Godot/GraytailGodot/assets/ui/art21/shared/panels/ui_art21_shared_panel_slot_normal.png,170A29FFFB0261C45FE8A8BEAC0FDEF33E8C771FCCBF20E3EE965C9AF25E5D33,sources/base/美术素材/blobs/17/170a29fffb0261c45fe8a8beac0fdef33e8c771fccbf20e3ee965c9af25e5d33.png,sources/art/ART-21/03_cut_output/shared/panels/ui_art21_shared_panel_slot_normal.png,2,sources/art/ART-21/03_cut_output/shared/panels/ui_art21_shared_panel_slot_normal.png,internal_generated,art21_generated_contract_component,art21.shared.panel.slot.normal,Art10UISkinKit,Art10UISkinKit=>Godot/GraytailGodot/scripts/presentation/art10_ui_skin_kit.gd[production],dynamic_contract,Godot/GraytailGodot/scripts/gameplay/interaction/g41_world_context_popup.gd:164->Godot/GraytailGodot/scripts/presentation/art21_ui_placement_contract.gd:13[asset_id=ui.art21.shared.panel.slot.normal],,,,,independent_generated_lineage,Runtime has an internal generated lineage independent of Base admission.
ui.art21.shared.panel.status_card.normal,Godot/GraytailGodot/assets/ui/art21/shared/panels/ui_art21_shared_panel_status_card_normal.png,B9B2116FE886825B9847C3A77CB902EB1D8BB62115F6E429321B646D3B687BA6,sources/base/美术素材/blobs/b9/b9b2116fe886825b9847c3a77cb902eb1d8bb62115f6e429321b646d3b687ba6.png,sources/art/ART-21/03_cut_output/shared/panels/ui_art21_shared_panel_status_card_normal.png,2,sources/art/ART-21/03_cut_output/shared/panels/ui_art21_shared_panel_status_card_normal.png,internal_generated,art21_generated_contract_component,art21.shared.panel.status_card.normal,Art10UISkinKit,Art10UISkinKit=>Godot/GraytailGodot/scripts/presentation/art10_ui_skin_kit.gd[production],dynamic_contract,Godot/GraytailGodot/scripts/gameplay/interaction/g41_world_context_popup.gd:164->Godot/GraytailGodot/scripts/presentation/art21_ui_placement_contract.gd:14[asset_id=ui.art21.shared.panel.status_card.normal],,,,,independent_generated_lineage,Runtime has an internal generated lineage independent of Base admission.
ui.art21.shared.panel.tooltip.normal,Godot/GraytailGodot/assets/ui/art21/shared/panels/ui_art21_shared_panel_tooltip_normal.png,E58A57AD7B7D8652061DA3AAE8FBEC292A31E31E122B758A056D258955976198,sources/base/美术素材/blobs/e5/e58a57ad7b7d8652061da3aae8fbec292a31e31e122b758a056d258955976198.png,sources/art/ART-21/03_cut_output/shared/panels/ui_art21_shared_panel_tooltip_normal.png,2,sources/art/ART-21/03_cut_output/shared/panels/ui_art21_shared_panel_tooltip_normal.png,internal_generated,art21_generated_contract_component,art21.shared.panel.tooltip.normal,RunSurface,RunSurface=>Godot/GraytailGodot/scripts/ui/run_surface/run_surface.gd[production],dynamic_contract,Godot/GraytailGodot/scripts/gameplay/interaction/g41_world_context_popup.gd:164->Godot/GraytailGodot/scripts/presentation/art21_ui_placement_contract.gd:16[asset_id=ui.art21.shared.panel.tooltip.normal],,,,,independent_generated_lineage,Runtime has an internal generated lineage independent of Base admission.
ui.art21r2.main_menu.board_header,Godot/GraytailGodot/assets/ui/art21r2/main_menu/ui_art21r2_main_menu_board_header.png,B4C537FB815F1E830943BC4DA8A0D253D019B7FA1FEA8CB5ADBBFCCC00455AD9,sources/base/美术素材/blobs/b4/b4c537fb815f1e830943bc4da8a0d253d019b7fa1fea8cb5adbbfccc00455ad9.png,sources/art/ART-21R2/03_cut_output/main_menu/ui_art21r2_main_menu_board_header.png,1,sources/art/ART-21R2/03_cut_output/main_menu/ui_art21r2_main_menu_board_header.png,internal_staged,art21r2_draw_cut_ready,art21r2.main_menu.board_header,scripts/ui/main_menu/main_menu_shell.gd,scripts/ui/main_menu/main_menu_shell.gd=>Godot/GraytailGodot/scripts/ui/main_menu/main_menu_shell.gd[production],dynamic_contract,Godot/GraytailGodot/scripts/gameplay/interaction/g41_world_context_popup.gd:164->Godot/GraytailGodot/scripts/presentation/art21_ui_placement_contract.gd:61[asset_id=ui.art21r2.main_menu.board_header],,,,,existing_stage_evidence_backfilled,Existing audited runtime lineage is cross-referenced; Base remains source-only.
ui.art21r2.main_menu.entry_plank.deploy,Godot/GraytailGodot/assets/ui/art21r2/main_menu/ui_art21r2_main_menu_entry_plank_deploy.png,6BD9BF0335108E8216F31AFF4E62EC126CAE9CD38ABD5BF76936A9DF1EF9F437,sources/base/美术素材/blobs/6b/6bd9bf0335108e8216f31aff4e62ec126cae9cd38abd5bf76936a9df1ef9f437.png,sources/art/ART-21R2/03_cut_output/main_menu/ui_art21r2_main_menu_entry_plank_deploy.png,1,sources/art/ART-21R2/03_cut_output/main_menu/ui_art21r2_main_menu_entry_plank_deploy.png,internal_staged,art21r2_draw_cut_ready,art21r2.main_menu.entry_plank.deploy,scripts/ui/main_menu/main_menu_shell.gd,scripts/ui/main_menu/main_menu_shell.gd=>Godot/GraytailGodot/scripts/ui/main_menu/main_menu_shell.gd[production],dynamic_contract,Godot/GraytailGodot/scripts/gameplay/interaction/g41_world_context_popup.gd:164->Godot/GraytailGodot/scripts/presentation/art21_ui_placement_contract.gd:62[asset_id=ui.art21r2.main_menu.entry_plank.deploy],,,,,existing_stage_evidence_backfilled,Existing audited runtime lineage is cross-referenced; Base remains source-only.
ui.art21r2.main_menu.entry_plank.exit,Godot/GraytailGodot/assets/ui/art21r2/main_menu/ui_art21r2_main_menu_entry_plank_exit.png,F1A47C9750DA8E9907FC1C675D18D8E9D8BADB3B7B8741894111B46B3FA44B85,sources/base/美术素材/blobs/f1/f1a47c9750da8e9907fc1c675d18d8e9d8badb3b7b8741894111b46b3fa44b85.png,sources/art/ART-21R2/03_cut_output/main_menu/ui_art21r2_main_menu_entry_plank_exit.png,1,sources/art/ART-21R2/03_cut_output/main_menu/ui_art21r2_main_menu_entry_plank_exit.png,internal_staged,art21r2_draw_cut_ready,art21r2.main_menu.entry_plank.exit,scripts/ui/main_menu/main_menu_shell.gd,scripts/ui/main_menu/main_menu_shell.gd=>Godot/GraytailGodot/scripts/ui/main_menu/main_menu_shell.gd[production],dynamic_contract,Godot/GraytailGodot/scripts/gameplay/interaction/g41_world_context_popup.gd:164->Godot/GraytailGodot/scripts/presentation/art21_ui_placement_contract.gd:65[asset_id=ui.art21r2.main_menu.entry_plank.exit],,,,,existing_stage_evidence_backfilled,Existing audited runtime lineage is cross-referenced; Base remains source-only.
ui.art21r2.main_menu.entry_plank.long_term,Godot/GraytailGodot/assets/ui/art21r2/main_menu/ui_art21r2_main_menu_entry_plank_long_term.png,DBF24F93A995705F2D8E31F48FCF63C0659EAC592B68AEB8DF31D5693D6AA478,sources/base/美术素材/blobs/db/dbf24f93a995705f2d8e31f48fcf63c0659eac592b68aeb8df31d5693d6aa478.png,sources/art/ART-21R2/03_cut_output/main_menu/ui_art21r2_main_menu_entry_plank_long_term.png,1,sources/art/ART-21R2/03_cut_output/main_menu/ui_art21r2_main_menu_entry_plank_long_term.png,internal_staged,art21r2_draw_cut_ready,art21r2.main_menu.entry_plank.long_term,scripts/ui/main_menu/main_menu_shell.gd,scripts/ui/main_menu/main_menu_shell.gd=>Godot/GraytailGodot/scripts/ui/main_menu/main_menu_shell.gd[production],dynamic_contract,Godot/GraytailGodot/scripts/gameplay/interaction/g41_world_context_popup.gd:164->Godot/GraytailGodot/scripts/presentation/art21_ui_placement_contract.gd:63[asset_id=ui.art21r2.main_menu.entry_plank.long_term],,,,,existing_stage_evidence_backfilled,Existing audited runtime lineage is cross-referenced; Base remains source-only.
ui.art21r2.main_menu.entry_plank.settings,Godot/GraytailGodot/assets/ui/art21r2/main_menu/ui_art21r2_main_menu_entry_plank_settings.png,58834CB597C67AEE06F6AF1266A460B62C185B82C5352B51C9ED8CD9C676FC01,sources/base/美术素材/blobs/58/58834cb597c67aee06f6af1266a460b62c185b82c5352b51c9ed8cd9c676fc01.png,sources/art/ART-21R2/03_cut_output/main_menu/ui_art21r2_main_menu_entry_plank_settings.png,1,sources/art/ART-21R2/03_cut_output/main_menu/ui_art21r2_main_menu_entry_plank_settings.png,internal_staged,art21r2_draw_cut_ready,art21r2.main_menu.entry_plank.settings,scripts/ui/main_menu/main_menu_shell.gd,scripts/ui/main_menu/main_menu_shell.gd=>Godot/GraytailGodot/scripts/ui/main_menu/main_menu_shell.gd[production],dynamic_contract,Godot/GraytailGodot/scripts/gameplay/interaction/g41_world_context_popup.gd:164->Godot/GraytailGodot/scripts/presentation/art21_ui_placement_contract.gd:64[asset_id=ui.art21r2.main_menu.entry_plank.settings],,,,,existing_stage_evidence_backfilled,Existing audited runtime lineage is cross-referenced; Base remains source-only.
ui.art21r2.main_menu.title_board,Godot/GraytailGodot/assets/ui/art21r2/main_menu/ui_art21r2_main_menu_title_board.png,8E1E02EDDF404ED01761E72CA2C340681196D9D6C17E2D9D22910B4B28FB6ED0,sources/base/美术素材/blobs/8e/8e1e02eddf404ed01761e72ca2c340681196d9d6c17e2d9d22910b4b28fb6ed0.png,sources/art/ART-21R2/03_cut_output/main_menu/ui_art21r2_main_menu_title_board.png,1,sources/art/ART-21R2/03_cut_output/main_menu/ui_art21r2_main_menu_title_board.png,internal_staged,art21r2_draw_cut_ready,art21r2.main_menu.title_board,scripts/ui/main_menu/main_menu_shell.gd,scripts/ui/main_menu/main_menu_shell.gd=>Godot/GraytailGodot/scripts/ui/main_menu/main_menu_shell.gd[production],dynamic_contract,Godot/GraytailGodot/scripts/gameplay/interaction/g41_world_context_popup.gd:164->Godot/GraytailGodot/scripts/presentation/art21_ui_placement_contract.gd:60[asset_id=ui.art21r2.main_menu.title_board],,,,,existing_stage_evidence_backfilled,Existing audited runtime lineage is cross-referenced; Base remains source-only.
ui.art21r2.map_overlay.marker.event,Godot/GraytailGodot/assets/ui/art21r2/map_overlay/ui_art21r2_map_overlay_marker_event.png,F99B3E48EB1D60F38557A913980701C1527CA38807668A86D9C09B021FBABE4A,sources/base/美术素材/blobs/f9/f99b3e48eb1d60f38557a913980701c1527ca38807668a86d9c09b021fbabe4a.png,sources/art/ART-21R2/03_cut_output/map_overlay/ui_art21r2_map_overlay_marker_event.png,1,sources/art/ART-21R2/03_cut_output/map_overlay/ui_art21r2_map_overlay_marker_event.png,internal_staged,art21r2_draw_cut_ready,art21r2.map_overlay.marker.event,scripts/ui/map_overlay/map_overlay_panel.gd,scripts/ui/map_overlay/map_overlay_panel.gd=>Godot/GraytailGodot/scripts/ui/map_overlay/map_overlay_panel.gd[production],dynamic_contract,Godot/GraytailGodot/scripts/gameplay/interaction/g41_world_context_popup.gd:164->Godot/GraytailGodot/scripts/presentation/art21_ui_placement_contract.gd:41[asset_id=ui.art21r2.map_overlay.marker.event],,,,,existing_stage_evidence_backfilled,Existing audited runtime lineage is cross-referenced; Base remains source-only.
ui.art21r2.map_overlay.marker.flag,Godot/GraytailGodot/assets/ui/art21r2/map_overlay/ui_art21r2_map_overlay_marker_flag.png,4FAFB6A30BBED4E4D1F806E2F9C6F05A270B8D840F48ED8F8B84EB75E968057B,sources/base/美术素材/blobs/4f/4fafb6a30bbed4e4d1f806e2f9c6f05a270b8d840f48ed8f8b84eb75e968057b.png,sources/art/ART-21R2/03_cut_output/map_overlay/ui_art21r2_map_overlay_marker_flag.png,1,sources/art/ART-21R2/03_cut_output/map_overlay/ui_art21r2_map_overlay_marker_flag.png,internal_staged,art21r2_draw_cut_ready,art21r2.map_overlay.marker.flag,scripts/ui/map_overlay/map_overlay_panel.gd,scripts/ui/map_overlay/map_overlay_panel.gd=>Godot/GraytailGodot/scripts/ui/map_overlay/map_overlay_panel.gd[production],dynamic_contract,Godot/GraytailGodot/scripts/gameplay/interaction/g41_world_context_popup.gd:164->Godot/GraytailGodot/scripts/presentation/art21_ui_placement_contract.gd:42[asset_id=ui.art21r2.map_overlay.marker.flag],,,,,existing_stage_evidence_backfilled,Existing audited runtime lineage is cross-referenced; Base remains source-only.
ui.art21r2.minimap.hud.chest,Godot/GraytailGodot/assets/ui/art21r2/minimap/ui_art21r2_minimap_hud_chest_32.png,4712A6FD12AE868698080FE6AFB8B76482906BA25ADAECD254B7F873397ACB1E,sources/base/美术素材/blobs/47/4712a6fd12ae868698080fe6afb8b76482906ba25adaecd254b7f873397acb1e.png,sources/draw/30_game_ready/icons/32/07_baoxiang_icon.png,2,sources/art/ART-21R2/03_cut_output/minimap_hud/ui_art21r2_minimap_hud_chest_32.png,internal_staged,art21r2_draw_cut_ready,art21r2.minimap.hud.chest,scripts/ui/minimap/minimap_panel.gd,scripts/ui/minimap/minimap_panel.gd=>Godot/GraytailGodot/scripts/ui/minimap/minimap_panel.gd[production],direct_token,Godot/GraytailGodot/scripts/ui/minimap/minimap_panel.gd:30[asset_id=ui.art21r2.minimap.hud.chest],,,,,existing_stage_evidence_backfilled,Existing audited runtime lineage is cross-referenced; Base remains source-only.
ui.art21r2.minimap.hud.exit,Godot/GraytailGodot/assets/ui/art21r2/minimap/ui_art21r2_minimap_hud_exit_32.png,708E5BCEC3B3480BCF6C2DF1DBF553888DBE949FBCAF3FC3DAD880D92A3A8F65,sources/base/美术素材/blobs/70/708e5bcec3b3480bcf6c2df1dbf553888dbe949fbcaf3fc3dad880d92a3a8f65.png,sources/draw/30_game_ready/icons/32/09_chukou_icon.png,2,sources/art/ART-21R2/03_cut_output/minimap_hud/ui_art21r2_minimap_hud_exit_32.png,internal_staged,art21r2_draw_cut_ready,art21r2.minimap.hud.exit,scripts/ui/minimap/minimap_panel.gd,scripts/ui/minimap/minimap_panel.gd=>Godot/GraytailGodot/scripts/ui/minimap/minimap_panel.gd[production],direct_token,Godot/GraytailGodot/scripts/ui/minimap/minimap_panel.gd:27[asset_id=ui.art21r2.minimap.hud.exit],,,,,existing_stage_evidence_backfilled,Existing audited runtime lineage is cross-referenced; Base remains source-only.
ui.art21r2.minimap.hud.explored,Godot/GraytailGodot/assets/ui/art21r2/minimap/ui_art21r2_minimap_hud_explored_32.png,DF82FB3405F589BD4CA3B6A9538AAB4272DCEB53A3F0477A334B2A43C0863F26,sources/base/美术素材/blobs/df/df82fb3405f589bd4ca3b6a9538aab4272dceb53a3f0477a334b2a43c0863f26.png,sources/draw/30_game_ready/icons/32/02_yitan_ge.png,2,sources/art/ART-21R2/03_cut_output/minimap_hud/ui_art21r2_minimap_hud_explored_32.png,internal_staged,art21r2_draw_cut_ready,art21r2.minimap.hud.explored,scripts/ui/minimap/minimap_panel.gd,scripts/ui/minimap/minimap_panel.gd=>Godot/GraytailGodot/scripts/ui/minimap/minimap_panel.gd[production],direct_token,Godot/GraytailGodot/scripts/ui/minimap/minimap_panel.gd:23[asset_id=ui.art21r2.minimap.hud.explored],,,,,existing_stage_evidence_backfilled,Existing audited runtime lineage is cross-referenced; Base remains source-only.
ui.art21r2.minimap.hud.mine,Godot/GraytailGodot/assets/ui/art21r2/minimap/ui_art21r2_minimap_hud_mine_32.png,43F4EE7EDFF2AE34276C0780BB3D2AD8CB0CC83855F50F9B164D28C4F4AE5D2C,sources/base/美术素材/blobs/43/43f4ee7edff2ae34276c0780bb3d2ad8cb0cc83855f50f9b164d28c4f4ae5d2c.png,sources/draw/30_game_ready/icons/32/05_dici_xianjing_icon.png,2,sources/art/ART-21R2/03_cut_output/minimap_hud/ui_art21r2_minimap_hud_mine_32.png,internal_staged,art21r2_draw_cut_ready,art21r2.minimap.hud.mine,scripts/ui/minimap/minimap_panel.gd,scripts/ui/minimap/minimap_panel.gd=>Godot/GraytailGodot/scripts/ui/minimap/minimap_panel.gd[production],direct_token,Godot/GraytailGodot/scripts/ui/minimap/minimap_panel.gd:28[asset_id=ui.art21r2.minimap.hud.mine],,,,,existing_stage_evidence_backfilled,Existing audited runtime lineage is cross-referenced; Base remains source-only.
ui.art21r2.minimap.hud.player,Godot/GraytailGodot/assets/ui/art21r2/minimap/ui_art21r2_minimap_hud_player_32.png,D6F3E53DE86328F2EBFA4AC87A6246E9E3C5D3482A4F3413DFA0D7B95F3F316E,sources/base/美术素材/blobs/d6/d6f3e53de86328f2ebfa4ac87a6246e9e3c5d3482a4f3413dfa0d7b95f3f316e.png,sources/draw/30_game_ready/icons/32/00_wanjia_dingwei.png,2,sources/art/ART-21R2/03_cut_output/minimap_hud/ui_art21r2_minimap_hud_player_32.png,internal_staged,art21r2_draw_cut_ready,art21r2.minimap.hud.player,scripts/ui/minimap/minimap_panel.gd,scripts/ui/minimap/minimap_panel.gd=>Godot/GraytailGodot/scripts/ui/minimap/minimap_panel.gd[production],direct_token,Godot/GraytailGodot/scripts/ui/minimap/minimap_panel.gd:26[asset_id=ui.art21r2.minimap.hud.player],,,,,existing_stage_evidence_backfilled,Existing audited runtime lineage is cross-referenced; Base remains source-only.
ui.art21r2.minimap.hud.scanned,Godot/GraytailGodot/assets/ui/art21r2/minimap/ui_art21r2_minimap_hud_scanned_32.png,EF4D1A329BF06142B222079832DBABD2B89D90420EC2BACEECA40B910B2BD6A0,sources/base/美术素材/blobs/ef/ef4d1a329bf06142b222079832dbabd2b89d90420ec2baceeca40b910b2bd6a0.png,sources/draw/30_game_ready/icons/32/03_saomiao_ge.png,2,sources/art/ART-21R2/03_cut_output/minimap_hud/ui_art21r2_minimap_hud_scanned_32.png,internal_staged,art21r2_draw_cut_ready,art21r2.minimap.hud.scanned,scripts/ui/minimap/minimap_panel.gd,scripts/ui/minimap/minimap_panel.gd=>Godot/GraytailGodot/scripts/ui/minimap/minimap_panel.gd[production],direct_token,Godot/GraytailGodot/scripts/ui/minimap/minimap_panel.gd:24[asset_id=ui.art21r2.minimap.hud.scanned],,,,,existing_stage_evidence_backfilled,Existing audited runtime lineage is cross-referenced; Base remains source-only.
ui.art21r2.modal.action_strip,Godot/GraytailGodot/assets/ui/art21r2/modal/ui_art21r2_modal_action_strip.png,C54CAFAD213C02F38073ADD7DA670800749682593FC38A841B0EB60DE91CAAAC,sources/base/美术素材/blobs/c5/c54cafad213c02f38073add7da670800749682593fc38a841b0eb60de91caaac.png,sources/art/ART-21R2/03_cut_output/modal_sections/ui_art21r2_modal_title_plate.png,2,sources/art/ART-21R2/03_cut_output/modal_sections/ui_art21r2_modal_action_strip.png,internal_staged,art21r2_draw_cut_ready,art21r2.modal.action_strip,scripts/ui/result/result_panel.gd; scripts/ui/map_overlay/map_overlay_panel.gd,scripts/ui/result/result_panel.gd=>Godot/GraytailGodot/scripts/ui/result/result_panel.gd[production];scripts/ui/map_overlay/map_overlay_panel.gd=>Godot/GraytailGodot/scripts/ui/map_overlay/map_overlay_panel.gd[production],dynamic_contract,Godot/GraytailGodot/scripts/gameplay/interaction/g41_world_context_popup.gd:164->Godot/GraytailGodot/scripts/presentation/art21_ui_placement_contract.gd:55[asset_id=ui.art21r2.modal.action_strip],,,,,existing_stage_evidence_backfilled,Existing audited runtime lineage is cross-referenced; Base remains source-only.
ui.art21r2.modal.button.danger,Godot/GraytailGodot/assets/ui/art21r2/modal/ui_art21r2_modal_button_danger.png,341D90616A28BDFB5E4557FAB0CF69AAD9623DD037F78F52E924E0A456634D82,sources/base/美术素材/blobs/34/341d90616a28bdfb5e4557fab0cf69aad9623dd037f78f52e924e0a456634d82.png,sources/art/ART-21R2/03_cut_output/modal_controls/ui_art21r2_modal_button_danger.png,1,sources/art/ART-21R2/03_cut_output/modal_controls/ui_art21r2_modal_button_danger.png,internal_staged,art21r2_draw_cut_ready,art21r2.modal.button.danger,scripts/ui/inventory/inventory_panel.gd,scripts/ui/inventory/inventory_panel.gd=>Godot/GraytailGodot/scripts/ui/inventory/inventory_panel.gd[production],direct_token,Godot/GraytailGodot/scripts/presentation/art10_ui_skin_kit.gd:521[runtime_key=art21r2.modal.button.danger],,,,,existing_stage_evidence_backfilled,Existing audited runtime lineage is cross-referenced; Base remains source-only.
ui.art21r2.modal.button.primary,Godot/GraytailGodot/assets/ui/art21r2/modal/ui_art21r2_modal_button_primary.png,8BEB048B8ED78658FB243B9C57BCA45C2038780449E96D788264384CAF3772B3,sources/base/美术素材/blobs/8b/8beb048b8ed78658fb243b9c57bca45c2038780449e96d788264384caf3772b3.png,sources/art/ART-21R2/03_cut_output/modal_controls/ui_art21r2_modal_button_primary.png,3,sources/art/ART-21R2/03_cut_output/modal_controls/ui_art21r2_modal_button_primary.png,internal_staged,art21r2_draw_cut_ready,art21r2.modal.button.primary,scripts/ui/inventory/inventory_panel.gd; scripts/ui/ground_loot/ground_loot_panel.gd; scripts/ui/result/result_panel.gd; scripts/ui/main_menu/main_menu_shell.gd,scripts/ui/inventory/inventory_panel.gd=>Godot/GraytailGodot/scripts/ui/inventory/inventory_panel.gd[production];scripts/ui/ground_loot/ground_loot_panel.gd=>Godot/GraytailGodot/scripts/ui/ground_loot/ground_loot_panel.gd[production];scripts/ui/result/result_panel.gd=>Godot/GraytailGodot/scripts/ui/result/result_panel.gd[production];scripts/ui/main_menu/main_menu_shell.gd=>Godot/GraytailGodot/scripts/ui/main_menu/main_menu_shell.gd[production],direct_token,Godot/GraytailGodot/scripts/presentation/art10_ui_skin_kit.gd:519[runtime_key=art21r2.modal.button.primary],,,,,existing_stage_evidence_backfilled,Existing audited runtime lineage is cross-referenced; Base remains source-only.
ui.art21r2.modal.button.secondary,Godot/GraytailGodot/assets/ui/art21r2/modal/ui_art21r2_modal_button_secondary.png,8BEB048B8ED78658FB243B9C57BCA45C2038780449E96D788264384CAF3772B3,sources/base/美术素材/blobs/8b/8beb048b8ed78658fb243b9c57bca45c2038780449e96d788264384caf3772b3.png,sources/art/ART-21R2/03_cut_output/modal_controls/ui_art21r2_modal_button_primary.png,3,sources/art/ART-21R2/03_cut_output/modal_controls/ui_art21r2_modal_button_secondary.png,internal_staged,art21r2_draw_cut_ready,art21r2.modal.button.secondary,scripts/ui/inventory/inventory_panel.gd; scripts/ui/ground_loot/ground_loot_panel.gd; scripts/ui/result/result_panel.gd; scripts/ui/main_menu/main_menu_shell.gd,scripts/ui/inventory/inventory_panel.gd=>Godot/GraytailGodot/scripts/ui/inventory/inventory_panel.gd[production];scripts/ui/ground_loot/ground_loot_panel.gd=>Godot/GraytailGodot/scripts/ui/ground_loot/ground_loot_panel.gd[production];scripts/ui/result/result_panel.gd=>Godot/GraytailGodot/scripts/ui/result/result_panel.gd[production];scripts/ui/main_menu/main_menu_shell.gd=>Godot/GraytailGodot/scripts/ui/main_menu/main_menu_shell.gd[production],direct_token,Godot/GraytailGodot/scripts/presentation/art10_ui_skin_kit.gd:516[runtime_key=art21r2.modal.button.secondary],,,,,existing_stage_evidence_backfilled,Existing audited runtime lineage is cross-referenced; Base remains source-only.
ui.art21r2.modal.ground_loot.frame,Godot/GraytailGodot/assets/ui/art21r2/modal/ui_art21r2_modal_ground_loot_frame.png,7CBB46D500EE5E620BD10152BC7F6FDA9D0199958C5A7666482035CFCD1F1104,sources/base/美术素材/blobs/7c/7cbb46d500ee5e620bd10152bc7f6fda9d0199958c5a7666482035cfcd1f1104.png,sources/art/ART-21R2/03_cut_output/modal/ui_art21r2_modal_result_frame.png,3,sources/art/ART-21R2/03_cut_output/modal/ui_art21r2_modal_ground_loot_frame.png,internal_staged,art21r2_draw_cut_ready,art21r2.modal.ground_loot.frame,scripts/ui/ground_loot/ground_loot_panel.gd,scripts/ui/ground_loot/ground_loot_panel.gd=>Godot/GraytailGodot/scripts/ui/ground_loot/ground_loot_panel.gd[production],dynamic_contract,Godot/GraytailGodot/scripts/gameplay/interaction/g41_world_context_popup.gd:164->Godot/GraytailGodot/scripts/presentation/art21_ui_placement_contract.gd:48[asset_id=ui.art21r2.modal.ground_loot.frame],,,,,existing_stage_evidence_backfilled,Existing audited runtime lineage is cross-referenced; Base remains source-only.
ui.art21r2.modal.inventory.frame,Godot/GraytailGodot/assets/ui/art21r2/modal/ui_art21r2_modal_inventory_frame.png,7CBB46D500EE5E620BD10152BC7F6FDA9D0199958C5A7666482035CFCD1F1104,sources/base/美术素材/blobs/7c/7cbb46d500ee5e620bd10152bc7f6fda9d0199958c5a7666482035cfcd1f1104.png,sources/art/ART-21R2/03_cut_output/modal/ui_art21r2_modal_result_frame.png,3,sources/art/ART-21R2/03_cut_output/modal/ui_art21r2_modal_inventory_frame.png,internal_staged,art21r2_draw_cut_ready,art21r2.modal.inventory.frame,scripts/ui/inventory/inventory_panel.gd,scripts/ui/inventory/inventory_panel.gd=>Godot/GraytailGodot/scripts/ui/inventory/inventory_panel.gd[production],dynamic_contract,Godot/GraytailGodot/scripts/gameplay/interaction/g41_world_context_popup.gd:164->Godot/GraytailGodot/scripts/presentation/art21_ui_placement_contract.gd:47[asset_id=ui.art21r2.modal.inventory.frame],,,,,existing_stage_evidence_backfilled,Existing audited runtime lineage is cross-referenced; Base remains source-only.
ui.art21r2.modal.item_row.normal,Godot/GraytailGodot/assets/ui/art21r2/modal/ui_art21r2_modal_item_row_normal.png,8BEB048B8ED78658FB243B9C57BCA45C2038780449E96D788264384CAF3772B3,sources/base/美术素材/blobs/8b/8beb048b8ed78658fb243b9c57bca45c2038780449e96d788264384caf3772b3.png,sources/art/ART-21R2/03_cut_output/modal_controls/ui_art21r2_modal_button_primary.png,3,sources/art/ART-21R2/03_cut_output/modal_controls/ui_art21r2_modal_item_row_normal.png,internal_staged,art21r2_draw_cut_ready,art21r2.modal.item_row.normal,scripts/ui/inventory/inventory_panel.gd; scripts/ui/ground_loot/ground_loot_panel.gd,scripts/ui/inventory/inventory_panel.gd=>Godot/GraytailGodot/scripts/ui/inventory/inventory_panel.gd[production];scripts/ui/ground_loot/ground_loot_panel.gd=>Godot/GraytailGodot/scripts/ui/ground_loot/ground_loot_panel.gd[production],direct_token,Godot/GraytailGodot/scripts/presentation/art10_ui_skin_kit.gd:523[runtime_key=art21r2.modal.item_row.normal],,,,,existing_stage_evidence_backfilled,Existing audited runtime lineage is cross-referenced; Base remains source-only.
ui.art21r2.modal.result.frame,Godot/GraytailGodot/assets/ui/art21r2/modal/ui_art21r2_modal_result_frame.png,7CBB46D500EE5E620BD10152BC7F6FDA9D0199958C5A7666482035CFCD1F1104,sources/base/美术素材/blobs/7c/7cbb46d500ee5e620bd10152bc7f6fda9d0199958c5a7666482035cfcd1f1104.png,sources/art/ART-21R2/03_cut_output/modal/ui_art21r2_modal_result_frame.png,3,sources/art/ART-21R2/03_cut_output/modal/ui_art21r2_modal_result_frame.png,internal_staged,art21r2_draw_cut_ready,art21r2.modal.result.frame,scripts/ui/result/result_panel.gd,scripts/ui/result/result_panel.gd=>Godot/GraytailGodot/scripts/ui/result/result_panel.gd[production],dynamic_contract,Godot/GraytailGodot/scripts/gameplay/interaction/g41_world_context_popup.gd:164->Godot/GraytailGodot/scripts/presentation/art21_ui_placement_contract.gd:49[asset_id=ui.art21r2.modal.result.frame],,,,,existing_stage_evidence_backfilled,Existing audited runtime lineage is cross-referenced; Base remains source-only.
ui.art21r2.modal.section.panel,Godot/GraytailGodot/assets/ui/art21r2/modal/ui_art21r2_modal_section_panel.png,BE9ACAFF54AFE10468BC773F339B55745661553A1AF1D1D4DDDA4BD7AA3496E2,sources/base/美术素材/blobs/be/be9acaff54afe10468bc773f339b55745661553a1af1d1d4ddda4bd7aa3496e2.png,sources/art/ART-21R2/03_cut_output/modal_sections/ui_art21r2_modal_section_panel.png,1,sources/art/ART-21R2/03_cut_output/modal_sections/ui_art21r2_modal_section_panel.png,internal_staged,art21r2_draw_cut_ready,art21r2.modal.section.panel,scripts/ui/inventory/inventory_panel.gd; scripts/ui/ground_loot/ground_loot_panel.gd; scripts/ui/result/result_panel.gd; scripts/ui/map_overlay/map_overlay_panel.gd; scripts/ui/main_menu/main_menu_shell.gd,scripts/ui/inventory/inventory_panel.gd=>Godot/GraytailGodot/scripts/ui/inventory/inventory_panel.gd[production];scripts/ui/ground_loot/ground_loot_panel.gd=>Godot/GraytailGodot/scripts/ui/ground_loot/ground_loot_panel.gd[production];scripts/ui/result/result_panel.gd=>Godot/GraytailGodot/scripts/ui/result/result_panel.gd[production];scripts/ui/map_overlay/map_overlay_panel.gd=>Godot/GraytailGodot/scripts/ui/map_overlay/map_overlay_panel.gd[production];scripts/ui/main_menu/main_menu_shell.gd=>Godot/GraytailGodot/scripts/ui/main_menu/main_menu_shell.gd[production],direct_token,Godot/GraytailGodot/scripts/presentation/art10_ui_skin_kit.gd:544[runtime_key=art21r2.modal.section.panel],,,,,existing_stage_evidence_backfilled,Existing audited runtime lineage is cross-referenced; Base remains source-only.
ui.art21r2.modal.title_plate,Godot/GraytailGodot/assets/ui/art21r2/modal/ui_art21r2_modal_title_plate.png,C54CAFAD213C02F38073ADD7DA670800749682593FC38A841B0EB60DE91CAAAC,sources/base/美术素材/blobs/c5/c54cafad213c02f38073add7da670800749682593fc38a841b0eb60de91caaac.png,sources/art/ART-21R2/03_cut_output/modal_sections/ui_art21r2_modal_title_plate.png,2,sources/art/ART-21R2/03_cut_output/modal_sections/ui_art21r2_modal_title_plate.png,internal_staged,art21r2_draw_cut_ready,art21r2.modal.title_plate,scripts/ui/inventory/inventory_panel.gd; scripts/ui/ground_loot/ground_loot_panel.gd; scripts/ui/result/result_panel.gd; scripts/ui/map_overlay/map_overlay_panel.gd; scripts/ui/main_menu/main_menu_shell.gd,scripts/ui/inventory/inventory_panel.gd=>Godot/GraytailGodot/scripts/ui/inventory/inventory_panel.gd[production];scripts/ui/ground_loot/ground_loot_panel.gd=>Godot/GraytailGodot/scripts/ui/ground_loot/ground_loot_panel.gd[production];scripts/ui/result/result_panel.gd=>Godot/GraytailGodot/scripts/ui/result/result_panel.gd[production];scripts/ui/map_overlay/map_overlay_panel.gd=>Godot/GraytailGodot/scripts/ui/map_overlay/map_overlay_panel.gd[production];scripts/ui/main_menu/main_menu_shell.gd=>Godot/GraytailGodot/scripts/ui/main_menu/main_menu_shell.gd[production],direct_token,Godot/GraytailGodot/scripts/ui/ground_loot/ground_loot_panel.gd:56[runtime_key=art21r2.modal.title_plate],,,,,existing_stage_evidence_backfilled,Existing audited runtime lineage is cross-referenced; Base remains source-only.
ui.art21r2.run.bottom_overlay.frame,Godot/GraytailGodot/assets/ui/art21r2/run_hud/ui_art21r2_run_bottom_overlay_frame.png,C8AD853CA62A622CEE0A51CE7E9E3B15FA3EBA66CEF6331B1504A93D9895AAE5,sources/base/美术素材/blobs/c8/c8ad853ca62a622cee0a51ce7e9e3b15fa3eba66cef6331b1504a93d9895aae5.png,sources/art/ART-21R2/03_cut_output/run_hud/ui_art21r2_run_bottom_overlay_frame.png,1,sources/art/ART-21R2/03_cut_output/run_hud/ui_art21r2_run_bottom_overlay_frame.png,internal_generated,art21r2_generated_contract_component,art21r2.run.bottom_overlay.frame,run_surface.gd,run_surface.gd=>Godot/GraytailGodot/scripts/ui/run_surface/run_surface.gd[production],dynamic_contract,Godot/GraytailGodot/scripts/gameplay/interaction/g41_world_context_popup.gd:164->Godot/GraytailGodot/scripts/presentation/art21_ui_placement_contract.gd:35[asset_id=ui.art21r2.run.bottom_overlay.frame],,,,,independent_generated_lineage,Runtime has an internal generated lineage independent of Base admission.
ui.art21r2.run.left_info_rail.frame,Godot/GraytailGodot/assets/ui/art21r2/run_hud/ui_art21r2_run_left_info_rail_frame.png,BECCDDAEC80782F80A462609A4666C44C66D0ED37150CC35C282A959DE13812A,sources/base/美术素材/blobs/be/beccddaec80782f80a462609a4666c44c66d0ed37150cc35c282a959de13812a.png,sources/art/ART-21R2/03_cut_output/run_hud/ui_art21r2_run_left_info_rail_frame.png,1,sources/art/ART-21R2/03_cut_output/run_hud/ui_art21r2_run_left_info_rail_frame.png,internal_generated,art21r2_generated_contract_component,art21r2.run.left_info_rail.frame,run_surface.gd,run_surface.gd=>Godot/GraytailGodot/scripts/ui/run_surface/run_surface.gd[production],dynamic_contract,Godot/GraytailGodot/scripts/gameplay/interaction/g41_world_context_popup.gd:164->Godot/GraytailGodot/scripts/presentation/art21_ui_placement_contract.gd:33[asset_id=ui.art21r2.run.left_info_rail.frame],,,,,independent_generated_lineage,Runtime has an internal generated lineage independent of Base admission.
ui.art21r2.run.status_card.frame,Godot/GraytailGodot/assets/ui/art21r2/run_hud/ui_art21r2_run_status_card_frame.png,A3FCB263A5356BAB28C412F4846265F5F86B7C9BC79A8E2470F1807FEA4635E9,sources/base/美术素材/blobs/a3/a3fcb263a5356bab28c412f4846265f5f86b7c9bc79a8e2470f1807fea4635e9.png,sources/art/ART-21R2/03_cut_output/run_hud/ui_art21r2_run_status_card_frame.png,1,sources/art/ART-21R2/03_cut_output/run_hud/ui_art21r2_run_status_card_frame.png,internal_generated,art21r2_generated_contract_component,art21r2.run.status_card.frame,run_surface.gd,run_surface.gd=>Godot/GraytailGodot/scripts/ui/run_surface/run_surface.gd[production],direct_token,Godot/GraytailGodot/scripts/ui/run_surface/run_surface.gd:21[godot_path=res://assets/ui/art21r2/run_hud/ui_art21r2_run_status_card_frame.png],,,,,independent_generated_lineage,Runtime has an internal generated lineage independent of Base admission.
ui.common.button.dark,Godot/GraytailGodot/assets/ui/common/button_blank_dark.png,99DCED078AC8D2DBE127689D8005715F2878185B14884355BCBC4F471FD06A1C,sources/base/美术素材/blobs/99/99dced078ac8d2dbe127689d8005715f2878185b14884355bcbc4f471fd06a1c.png,sources/draw/20_processed/ui_button_blank/ui_button_blank_dark.png,7,assets/ui/common/ui_button_blank_dark.png,internal_migrated,audited_internal,ui.button,scenes/run/run_scene.tscn,scenes/run/run_scene.tscn=>Godot/GraytailGodot/scenes/run/run_scene.tscn[production],direct_token,Godot/GraytailGodot/scripts/presentation/g10_art_smoke_registry.gd:19[asset_id=ui.common.button.dark],,,,,existing_stage_evidence_backfilled,Existing audited runtime lineage is cross-referenced; Base remains source-only.
ui.common.gold_icon,Godot/GraytailGodot/assets/ui/common/gold_icon.png,316453D913315C34C0DB493D0C62E461DFFD9D423C0B195C588426F838A3017D,sources/base/美术素材/blobs/31/316453d913315c34c0db493d0c62e461dffd9d423c0b195c588426f838a3017d.png,sources/draw/20_processed/ui_icon/ui_icon_account_gold.png,2,assets/ui/common/ui_icon_account_gold.png,internal_migrated,audited_internal,ui.gold,scenes/ui/hud/hud.tscn,scenes/ui/hud/hud.tscn=>Godot/GraytailGodot/scenes/ui/hud/hud.tscn[production],direct_token,Godot/GraytailGodot/scripts/presentation/g10_art_smoke_registry.gd:26[asset_id=ui.common.gold_icon],,,,,existing_stage_evidence_backfilled,Existing audited runtime lineage is cross-referenced; Base remains source-only.
ui.deploy.button.back_main,Godot/GraytailGodot/assets/ui/deploy/buttons/ui_button_back_main.png,5426CBCF75284BDE97B98A0E1677C9E78F349DCC6C78224F8E6441343BD0A3E2,sources/base/美术素材/blobs/54/5426cbcf75284bde97b98a0e1677c9e78f349dcc6c78224f8e6441343bd0a3e2.png,sources/draw/20_processed/ui_deploy_button/ui_button_back_main.png,4,Base Art/05_export_runtime_candidates/art07_first_batch/ui_deploy_button/ui_button_back_main.png,internal_staged,staged_pending_review,art08.ui.deploy.button.back_main,,,dynamic_contract,Godot/GraytailGodot/scripts/presentation/art10_ui_skin_kit.gd:626->Godot/GraytailGodot/scripts/presentation/art09_manifest_asset_mapping.gd:36[asset_id=ui.deploy.button.back_main],,,,,visual_reviewed_restricted_baked_text,Baked player-facing text cannot inherit the pixel-font theme or localization; retain as lineage/reference and do not use for live-label production UI.
ui.deploy.button.confirm_deploy_large,Godot/GraytailGodot/assets/ui/deploy/buttons/ui_button_confirm_deploy_large.png,E245F3D25671EAB9C11A437933FB7C8A8D79F5F2129962273AEDBB6A3E2D7873,sources/base/美术素材/blobs/e2/e245f3d25671eab9c11a437933fb7c8a8d79f5f2129962273aedbb6a3e2d7873.png,sources/draw/20_processed/ui_deploy_button/ui_button_confirm_deploy_large.png,8,Base Art/05_export_runtime_candidates/art07_first_batch/ui_deploy_button/ui_button_confirm_deploy_large.png,internal_staged,staged_pending_review,art08.ui.deploy.button.confirm_deploy_large,,,dynamic_contract,Godot/GraytailGodot/scripts/presentation/art10_ui_skin_kit.gd:626->Godot/GraytailGodot/scripts/presentation/art09_manifest_asset_mapping.gd:37[asset_id=ui.deploy.button.confirm_deploy_large],,,,,visual_reviewed_restricted_baked_text,Baked player-facing text cannot inherit the pixel-font theme or localization; retain as lineage/reference and do not use for live-label production UI.
ui.deploy.button.nav_loadout,Godot/GraytailGodot/assets/ui/deploy/buttons/ui_button_nav_loadout.png,55B1B40BBC90B97A1C8FD6F0DAB23476EBCDB0E741748844A8D63F1670E0B74B,sources/base/美术素材/blobs/55/55b1b40bbc90b97a1c8fd6f0dab23476ebcdb0e741748844a8d63f1670e0b74b.png,sources/draw/20_processed/ui_deploy_button/ui_button_nav_loadout.png,7,Base Art/05_export_runtime_candidates/art07_first_batch/ui_deploy_button/ui_button_nav_loadout.png,internal_staged,staged_pending_review,art08.ui.deploy.button.nav_loadout,,,dynamic_contract,Godot/GraytailGodot/scripts/presentation/art10_ui_skin_kit.gd:626->Godot/GraytailGodot/scripts/presentation/art09_manifest_asset_mapping.gd:38[asset_id=ui.deploy.button.nav_loadout],,,,,visual_reviewed_restricted_baked_text,Baked player-facing text cannot inherit the pixel-font theme or localization; retain as lineage/reference and do not use for live-label production UI.
ui.deploy.button.nav_recovery,Godot/GraytailGodot/assets/ui/deploy/buttons/ui_button_nav_recovery.png,578B1A0498EB34C117F45D78DE7A47DBFA604D2705B953E46940F4317302F02A,sources/base/美术素材/blobs/57/578b1a0498eb34c117f45d78de7a47dbfa604d2705b953e46940f4317302f02a.png,sources/draw/20_processed/ui_deploy_button/ui_button_nav_recovery.png,7,Base Art/05_export_runtime_candidates/art07_first_batch/ui_deploy_button/ui_button_nav_recovery.png,internal_staged,staged_pending_review,art08.ui.deploy.button.nav_recovery,,,dynamic_contract,Godot/GraytailGodot/scripts/presentation/art10_ui_skin_kit.gd:626->Godot/GraytailGodot/scripts/presentation/art09_manifest_asset_mapping.gd:39[asset_id=ui.deploy.button.nav_recovery],,,,,visual_reviewed_restricted_baked_text,Baked player-facing text cannot inherit the pixel-font theme or localization; retain as lineage/reference and do not use for live-label production UI.
ui.deploy.button.nav_requisition,Godot/GraytailGodot/assets/ui/deploy/buttons/ui_button_nav_requisition.png,7C55CD1AE2789842C4D079A7B618E84A165AD72267612A3B8642037B3C1A4C8B,sources/base/美术素材/blobs/7c/7c55cd1ae2789842c4d079a7b618e84a165ad72267612a3b8642037b3c1a4c8b.png,sources/draw/20_processed/ui_deploy_button/ui_button_nav_requisition.png,7,Base Art/05_export_runtime_candidates/art07_first_batch/ui_deploy_button/ui_button_nav_requisition.png,internal_staged,staged_pending_review,art08.ui.deploy.button.nav_requisition,,,dynamic_contract,Godot/GraytailGodot/scripts/presentation/art10_ui_skin_kit.gd:626->Godot/GraytailGodot/scripts/presentation/art09_manifest_asset_mapping.gd:40[asset_id=ui.deploy.button.nav_requisition],,,,,visual_reviewed_restricted_baked_text,Baked player-facing text cannot inherit the pixel-font theme or localization; retain as lineage/reference and do not use for live-label production UI.
ui.deploy.button.nav_talent_selected,Godot/GraytailGodot/assets/ui/deploy/buttons/ui_button_nav_talent_selected.png,E051CF0398847504F69B14E18C65430F81CD9FA50DF712352E85BA169D25BBA0,sources/base/美术素材/blobs/e0/e051cf0398847504f69b14e18c65430f81cd9fa50df712352e85ba169d25bba0.png,sources/draw/20_processed/ui_deploy_button/ui_button_nav_talent_selected.png,8,Base Art/05_export_runtime_candidates/art07_first_batch/ui_deploy_button/ui_button_nav_talent_selected.png,internal_staged,staged_pending_review,art08.ui.deploy.button.nav_talent_selected,,,dynamic_contract,Godot/GraytailGodot/scripts/presentation/art10_ui_skin_kit.gd:626->Godot/GraytailGodot/scripts/presentation/art09_manifest_asset_mapping.gd:41[asset_id=ui.deploy.button.nav_talent_selected],,,,,visual_reviewed_restricted_baked_text,Baked player-facing text cannot inherit the pixel-font theme or localization; retain as lineage/reference and do not use for live-label production UI.
ui.deploy.button.nav_warehouse,Godot/GraytailGodot/assets/ui/deploy/buttons/ui_button_nav_warehouse.png,28EAA56504E1F7EA3136BE8AD7478357E03C4E6C28AEB27D67C011CCE416951E,sources/base/美术素材/blobs/28/28eaa56504e1f7ea3136be8ad7478357e03c4e6c28aeb27d67c011cce416951e.png,sources/draw/20_processed/ui_deploy_button/ui_button_nav_warehouse.png,7,Base Art/05_export_runtime_candidates/art07_first_batch/ui_deploy_button/ui_button_nav_warehouse.png,internal_staged,staged_pending_review,art08.ui.deploy.button.nav_warehouse,,,dynamic_contract,Godot/GraytailGodot/scripts/presentation/art10_ui_skin_kit.gd:626->Godot/GraytailGodot/scripts/presentation/art09_manifest_asset_mapping.gd:42[asset_id=ui.deploy.button.nav_warehouse],,,,,visual_reviewed_restricted_baked_text,Baked player-facing text cannot inherit the pixel-font theme or localization; retain as lineage/reference and do not use for live-label production UI.
ui.deploy.button.key_or_arrow_small_button,Godot/GraytailGodot/assets/ui/deploy/buttons/ui_key_or_arrow_small_button.png,8A70EF18582AA3D98BD6CA8E32D3790F2F169EA3F0EE43ACACC23F5A89471497,sources/base/美术素材/blobs/8a/8a70ef18582aa3d98bd6ca8e32d3790f2f169ea3f0ee43acacc23f5a89471497.png,sources/draw/20_processed/ui_deploy_button/ui_key_or_arrow_small_button.png,4,Base Art/05_export_runtime_candidates/art07_first_batch/ui_deploy_button/ui_key_or_arrow_small_button.png,internal_staged,staged_pending_review,art08.ui.deploy.button.key_or_arrow_small_button,,,dynamic_contract,Godot/GraytailGodot/scripts/presentation/art10_ui_skin_kit.gd:626->Godot/GraytailGodot/scripts/presentation/art09_manifest_asset_mapping.gd:43[asset_id=ui.deploy.button.key_or_arrow_small_button],,,,,visual_reviewed_restricted_input_glyph,"Baked keyboard or directional glyph is not input-semantic; retain only as reference or keyboard fallback, never as the sole production prompt."
ui.deploy.icon.armor,Godot/GraytailGodot/assets/ui/deploy/icons/ui_icon_armor.png,29F71E2E65B31F0D3C1F0B6775482351C4837148E4D1773FAC4CB35127DC58F4,sources/base/美术素材/blobs/29/29f71e2e65b31f0d3c1f0b6775482351c4837148e4d1773fac4cb35127dc58f4.png,sources/draw/20_processed/ui_deploy_icon/ui_icon_armor.png,5,Base Art/05_export_runtime_candidates/art07_first_batch/ui_deploy_icon/ui_icon_armor.png,internal_staged,staged_pending_review,art08.ui.deploy.icon.armor,,,dynamic_contract,Godot/GraytailGodot/scripts/presentation/art10_ui_skin_kit.gd:626->Godot/GraytailGodot/scripts/presentation/art09_manifest_asset_mapping.gd:47[asset_id=ui.deploy.icon.armor],,,,,visual_reviewed_staging_reference,"Contact-sheet review found no corrupt crop, but there is no direct production consumer proof; visual inspection alone does not admit it to runtime."
ui.deploy.icon.backpack,Godot/GraytailGodot/assets/ui/deploy/icons/ui_icon_backpack.png,B247A2ABA7509D1797376B95136A2D7155D13CC8470EE7233ACF450EFA5A7413,sources/base/美术素材/blobs/b2/b247a2aba7509d1797376b95136a2d7155d13cc8470ee7233acf450efa5a7413.png,sources/draw/20_processed/ui_deploy_icon/ui_icon_backpack.png,5,Base Art/05_export_runtime_candidates/art07_first_batch/ui_deploy_icon/ui_icon_backpack.png,internal_staged,staged_pending_review,art08.ui.deploy.icon.backpack,,,dynamic_contract,Godot/GraytailGodot/scripts/presentation/art10_ui_skin_kit.gd:626->Godot/GraytailGodot/scripts/presentation/art09_manifest_asset_mapping.gd:48[asset_id=ui.deploy.icon.backpack],,,,,visual_reviewed_staging_reference,"Contact-sheet review found no corrupt crop, but there is no direct production consumer proof; visual inspection alone does not admit it to runtime."
ui.deploy.icon.bandage,Godot/GraytailGodot/assets/ui/deploy/icons/ui_icon_bandage.png,8E5B26EB543E59A1B7D09BCDCC74803D1674BA4D3487C7FB10EE131FA5C18FE9,sources/base/美术素材/blobs/8e/8e5b26eb543e59a1b7d09bcdcc74803d1674ba4d3487c7fb10ee131fa5c18fe9.png,sources/draw/20_processed/ui_deploy_icon/ui_icon_bandage.png,5,Base Art/05_export_runtime_candidates/art07_first_batch/ui_deploy_icon/ui_icon_bandage.png,internal_staged,staged_pending_review,art08.ui.deploy.icon.bandage,,,dynamic_contract,Godot/GraytailGodot/scripts/presentation/art10_ui_skin_kit.gd:626->Godot/GraytailGodot/scripts/presentation/art09_manifest_asset_mapping.gd:49[asset_id=ui.deploy.icon.bandage],,,,,visual_reviewed_staging_reference,"Contact-sheet review found no corrupt crop, but there is no direct production consumer proof; visual inspection alone does not admit it to runtime."
ui.deploy.icon.compass,Godot/GraytailGodot/assets/ui/deploy/icons/ui_icon_compass.png,016D4065BFBE7CA6406816F6BBA786C31F9D8CC2EACDD637A5257B822582E285,sources/base/美术素材/blobs/01/016d4065bfbe7ca6406816f6bba786c31f9d8cc2eacdd637a5257b822582e285.png,sources/draw/20_processed/ui_deploy_icon/ui_icon_compass.png,5,Base Art/05_export_runtime_candidates/art07_first_batch/ui_deploy_icon/ui_icon_compass.png,internal_staged,staged_pending_review,art08.ui.deploy.icon.compass,,,dynamic_contract,Godot/GraytailGodot/scripts/presentation/art10_ui_skin_kit.gd:626->Godot/GraytailGodot/scripts/presentation/art09_manifest_asset_mapping.gd:50[asset_id=ui.deploy.icon.compass],,,,,visual_reviewed_staging_reference,"Contact-sheet review found no corrupt crop, but there is no direct production consumer proof; visual inspection alone does not admit it to runtime."
ui.deploy.panel.frame_highlight,Godot/GraytailGodot/assets/ui/deploy/panels/ui_frame_highlight.png,6A7B4D2BBC7A87236B11F52BEAA8568477428D86A288D987949EC11F1B5DD95D,sources/base/美术素材/blobs/6a/6a7b4d2bbc7a87236b11f52beaa8568477428d86a288d987949ec11f1b5dd95d.png,sources/draw/20_processed/ui_deploy_panel/ui_frame_highlight.png,6,Base Art/05_export_runtime_candidates/art07_first_batch/ui_deploy_panel/ui_frame_highlight.png,internal_staged,staged_pending_review,art08.ui.deploy.panel.frame_highlight,,,dynamic_contract,Godot/GraytailGodot/scripts/presentation/art10_ui_skin_kit.gd:626->Godot/GraytailGodot/scripts/presentation/art09_manifest_asset_mapping.gd:54[asset_id=ui.deploy.panel.frame_highlight],,,,,visual_reviewed_staging_reference,"Contact-sheet review found no corrupt crop, but there is no direct production consumer proof; visual inspection alone does not admit it to runtime."
ui.deploy.panel.deploy_main_blank,Godot/GraytailGodot/assets/ui/deploy/panels/ui_panel_deploy_main_blank.png,222F475C981FA20063686E3BA1C203A46E04B9B2DBE6C6CDD1C4B5827E9EF525,sources/base/美术素材/blobs/22/222f475c981fa20063686e3ba1c203a46e04b9b2dbe6c6cdd1c4b5827e9ef525.png,sources/draw/20_processed/ui_deploy_panel/ui_panel_deploy_main_blank.png,6,Base Art/05_export_runtime_candidates/art07_first_batch/ui_deploy_panel/ui_panel_deploy_main_blank.png,internal_staged,staged_pending_review,art08.ui.deploy.panel.deploy_main_blank,,,dynamic_contract,Godot/GraytailGodot/scripts/presentation/art10_ui_skin_kit.gd:626->Godot/GraytailGodot/scripts/presentation/art09_manifest_asset_mapping.gd:55[asset_id=ui.deploy.panel.deploy_main_blank],,,,,visual_reviewed_staging_reference,"Contact-sheet review found no corrupt crop, but there is no direct production consumer proof; visual inspection alone does not admit it to runtime."
ui.deploy.panel.deploy_summary_blank,Godot/GraytailGodot/assets/ui/deploy/panels/ui_panel_deploy_summary_blank.png,6893538A28D34001C2FFBF52DE811139936CAD2F24954A0588238A67DAEDFE75,sources/base/美术素材/blobs/68/6893538a28d34001c2ffbf52de811139936cad2f24954a0588238a67daedfe75.png,sources/draw/20_processed/ui_deploy_panel/ui_panel_deploy_summary_blank.png,9,Base Art/05_export_runtime_candidates/art07_first_batch/ui_deploy_panel/ui_panel_deploy_summary_blank.png,internal_staged,staged_pending_review,art08.ui.deploy.panel.deploy_summary_blank,,,dynamic_contract,Godot/GraytailGodot/scripts/presentation/art10_ui_skin_kit.gd:626->Godot/GraytailGodot/scripts/presentation/art09_manifest_asset_mapping.gd:56[asset_id=ui.deploy.panel.deploy_summary_blank],,,,,visual_reviewed_staging_reference,"Contact-sheet review found no corrupt crop, but there is no direct production consumer proof; visual inspection alone does not admit it to runtime."
ui.feedback.bar.dark,Godot/GraytailGodot/assets/ui/feedback/ui_bar_blank_dark.png,DDE95EBD216C273230DE0E2776F445AE97D38B4C370FC2C4765AC24CFC468558,sources/base/美术素材/blobs/dd/dde95ebd216c273230de0e2776f445ae97d38b4c370fc2c4765ac24cfc468558.png,sources/draw/20_processed/ui_summary_bar/ui_bar_blank_dark.png,7,Draw/30_game_ready/ui_summary_bar/ui_bar_blank_dark.png,internal_staged,staged_pending_review,art15.ui.feedback.bar.dark,,,dynamic_contract,Godot/GraytailGodot/scripts/presentation/art10_ui_skin_kit.gd:626->Godot/GraytailGodot/scripts/presentation/art09_manifest_asset_mapping.gd:71[asset_id=ui.feedback.bar.dark],,,,,visual_reviewed_staging_reference,"Contact-sheet review found no corrupt crop, but there is no direct production consumer proof; visual inspection alone does not admit it to runtime."
ui.feedback.bar.red,Godot/GraytailGodot/assets/ui/feedback/ui_bar_blank_red.png,9BCB1E8E1C1B03E453F668B839ED44A85C61B702E04A1EE8348FB4B90163A22E,sources/base/美术素材/blobs/9b/9bcb1e8e1c1b03e453f668b839ed44a85c61b702e04a1ee8348fb4b90163a22e.png,sources/draw/20_processed/ui_summary_bar/ui_bar_blank_red.png,1,old GameJam Draw/20_processed/ui_summary_bar/ui_bar_blank_red.png,internal_staged,staged_pending_review,art15.ui.feedback.bar.red,,,dynamic_contract,Godot/GraytailGodot/scripts/presentation/art10_ui_skin_kit.gd:626->Godot/GraytailGodot/scripts/presentation/art09_manifest_asset_mapping.gd:77[asset_id=ui.feedback.bar.red],,,,,visual_reviewed_staging_reference,"Contact-sheet review found no corrupt crop, but there is no direct production consumer proof; visual inspection alone does not admit it to runtime."
ui.feedback.event_prompt,Godot/GraytailGodot/assets/ui/feedback/ui_bar_event_prompt.png,8906431A8F3615D15F824594CECE0BEC3AA9070CEB534885D614D8673C1FF958,sources/base/美术素材/blobs/89/8906431a8f3615d15f824594cece0bec3aa9070ceb534885d614d8673c1ff958.png,sources/draw/20_processed/ui_summary_bar/ui_bar_event_prompt.png,1,old GameJam Draw/20_processed/ui_summary_bar/ui_bar_event_prompt.png,internal_staged,staged_pending_review,art15.ui.feedback.event_prompt,,,dynamic_contract,Godot/GraytailGodot/scripts/presentation/art10_ui_skin_kit.gd:626->Godot/GraytailGodot/scripts/presentation/art09_manifest_asset_mapping.gd:74[asset_id=ui.feedback.event_prompt],,,,,visual_reviewed_staging_reference,"Contact-sheet review found no corrupt crop, but there is no direct production consumer proof; visual inspection alone does not admit it to runtime."
ui.hud.bar.frame,Godot/GraytailGodot/assets/ui/hud/bar_frame.png,628C744682B92DC3D60B622215C0C616D248DA0C2BAA6339CBAAC290A3B08029,sources/base/美术素材/blobs/62/628c744682b92dc3d60b622215c0c616d248da0c2baa6339cbaac290a3b08029.png,sources/draw/20_processed/ui/raw/xuetiao_kuang.png,1,assets/ui/hud/ui_bar_frame.png,internal_migrated,audited_internal,hud.bar,scenes/ui/hud/hud.tscn,scenes/ui/hud/hud.tscn=>Godot/GraytailGodot/scenes/ui/hud/hud.tscn[production],dynamic_contract,Godot/GraytailGodot/scripts/presentation/art10_ui_skin_kit.gd:626->Godot/GraytailGodot/scripts/presentation/art09_manifest_asset_mapping.gd:23[asset_id=ui.hud.bar.frame],,,,,existing_stage_evidence_backfilled,Existing audited runtime lineage is cross-referenced; Base remains source-only.
ui.hud.bar.warning,Godot/GraytailGodot/assets/ui/hud/bar_warning.png,5B3DE3142812279B090CBFAEAE0F3E5E1BB8A059F5BBE3446CDEC6DC3361B498,sources/base/美术素材/blobs/5b/5b3de3142812279b090cbfaeae0f3e5e1bb8a059f5bbe3446cdec6dc3361b498.png,sources/draw/20_processed/ui/raw/lingjian_icon.png,1,assets/ui/hud/ui_bar_warning.png,internal_migrated,audited_internal,hud.warning,scenes/ui/hud/hud.tscn,scenes/ui/hud/hud.tscn=>Godot/GraytailGodot/scenes/ui/hud/hud.tscn[production],dynamic_contract,Godot/GraytailGodot/scripts/presentation/art10_ui_skin_kit.gd:626->Godot/GraytailGodot/scripts/presentation/art09_manifest_asset_mapping.gd:22[asset_id=ui.hud.bar.warning],,,,,existing_stage_evidence_backfilled,Existing audited runtime lineage is cross-referenced; Base remains source-only.
ui.hud.bottom_bar,Godot/GraytailGodot/assets/ui/hud/bottom_bar.png,17CD8C6F343B427437DC7F2FD38FCF5B207DB1ED34E47793CDDF6C45E2AFB876,sources/base/美术素材/blobs/17/17cd8c6f343b427437dc7f2fd38fcf5b207db1ed34e47793cddf6c45e2afb876.png,sources/draw/20_processed/ui/raw/kuaijie_lan.png,1,assets/ui/hud/ui_bottom_bar.png,internal_migrated,audited_internal,hud.bottom,scenes/ui/hud/hud.tscn,scenes/ui/hud/hud.tscn=>Godot/GraytailGodot/scenes/ui/hud/hud.tscn[production],direct_token,Godot/GraytailGodot/scripts/presentation/g10_art_smoke_registry.gd:20[asset_id=ui.hud.bottom_bar],,,,,existing_stage_evidence_backfilled,Existing audited runtime lineage is cross-referenced; Base remains source-only.
ui.hud.mine_risk_tag,Godot/GraytailGodot/assets/ui/hud/mine_risk_tag.png,63ED297D403E441C2C292015B0C27BF404B30AC94BE19F560CD387B0586804C3,sources/base/美术素材/blobs/63/63ed297d403e441c2c292015b0c27bf404b30ac94be19f560cd387b0586804c3.png,sources/draw/20_processed/ui/raw/jiaohu_tishi.png,1,assets/ui/hud/ui_mine_risk_tag.png,internal_migrated,audited_internal,hud.risk,scenes/ui/hud/hud.tscn,scenes/ui/hud/hud.tscn=>Godot/GraytailGodot/scenes/ui/hud/hud.tscn[production],direct_token,Godot/GraytailGodot/scripts/ui/run_surface/run_surface.gd:193[asset_id=ui.hud.mine_risk_tag],,,,,existing_stage_evidence_backfilled,Existing audited runtime lineage is cross-referenced; Base remains source-only.
ui.hud.panel.left,Godot/GraytailGodot/assets/ui/hud/panel_left.png,C4A2CCB3C7525CEE4F9117891FEBBD3546302CE11ABD9C6F9154D6E39BA55766,sources/base/美术素材/blobs/c4/c4a2ccb3c7525cee4f9117891febbd3546302ce11abd9c6f9154d6e39ba55766.png,sources/draw/20_processed/ui/raw/zuoce_mianban.png,1,assets/ui/hud/ui_panel_left.png,internal_migrated,audited_internal,hud.panel,scenes/ui/hud/hud.tscn,scenes/ui/hud/hud.tscn=>Godot/GraytailGodot/scenes/ui/hud/hud.tscn[production],direct_token,Godot/GraytailGodot/scripts/presentation/g10_art_smoke_registry.gd:12[asset_id=ui.hud.panel.left],,,,,existing_stage_evidence_backfilled,Existing audited runtime lineage is cross-referenced; Base remains source-only.
ui.hud.panel.protocol,Godot/GraytailGodot/assets/ui/hud/panel_protocol.png,1BC45EF20062431C0381672370523661EB3A92CD478467E06B0D4FA4E448048C,sources/base/美术素材/blobs/1b/1bc45ef20062431c0381672370523661eb3a92cd478467e06b0d4fa4e448048c.png,sources/draw/20_processed/ui/raw/xieyi_mianban.png,1,assets/ui/hud/ui_panel_protocol.png,internal_migrated,audited_internal,hud.protocol,scenes/ui/hud/hud.tscn,scenes/ui/hud/hud.tscn=>Godot/GraytailGodot/scenes/ui/hud/hud.tscn[production],direct_token,Godot/GraytailGodot/scripts/presentation/g10_art_smoke_registry.gd:13[asset_id=ui.hud.panel.protocol],,,,,existing_stage_evidence_backfilled,Existing audited runtime lineage is cross-referenced; Base remains source-only.
ui.icon.jinbi_icon,Godot/GraytailGodot/assets/ui/icons/jinbi_icon.png,E6ED6B95506EF88CB28E54E4256737D5BEC22396F1B47B9863029E145962D08E,sources/base/美术素材/blobs/e6/e6ed6b95506ef88cb28e54e4256737d5bec22396f1b47b9863029e145962d08e.png,sources/draw/30_game_ready/ui/icons/jinbi_icon.png,3,Base Art/05_export_runtime_candidates/art07_first_batch/ui/icons/jinbi_icon.png,internal_staged,staged_pending_review,art08.ui.icon.jinbi_icon,,,staging_no_consumer,no_production_consumer_proven,,,,,visual_reviewed_staging_reference,"Contact-sheet review found no corrupt crop, but there is no direct production consumer proof; visual inspection alone does not admit it to runtime."
ui.icon.xuetiao_tianchong,Godot/GraytailGodot/assets/ui/icons/xuetiao_tianchong.png,2B1F1E10F40A7E125C8A056C9F03CA089CC7666587A6B803FA9354E9336AB3E8,sources/base/美术素材/blobs/2b/2b1f1e10f40a7e125c8a056c9f03ca089cc7666587a6b803fa9354e9336ab3e8.png,sources/draw/30_game_ready/ui/icons/xuetiao_tianchong.png,3,Base Art/05_export_runtime_candidates/art07_first_batch/ui/icons/xuetiao_tianchong.png,internal_staged,staged_pending_review,art08.ui.icon.xuetiao_tianchong,,,staging_no_consumer,no_production_consumer_proven,,,,,visual_reviewed_semantic_mismatch,The image is a gear icon while the manifest name claims a health-bar fill; do not wire it until the semantic identity is corrected by a separate promotion decision.
ui.key_prompt.e,Godot/GraytailGodot/assets/ui/key_prompt/ui_key_e.png,819C31BC1070AC5C9832EEA32605584BC6D835ED952A40371AEC308F2379455A,sources/base/美术素材/blobs/81/819c31bc1070ac5c9832eea32605584bc6d835ed952a40371aec308f2379455a.png,sources/draw/20_processed/ui_key_prompt/ui_key_e.png,5,Base Art/05_export_runtime_candidates/art07_first_batch/ui_key_prompt/ui_key_e.png,internal_staged,staged_pending_review,art08.key_prompt.e,,,dynamic_contract,Godot/GraytailGodot/scripts/presentation/art10_ui_skin_kit.gd:626->Godot/GraytailGodot/scripts/presentation/art09_manifest_asset_mapping.gd:27[asset_id=ui.key_prompt.e],,,,,visual_reviewed_restricted_input_glyph,"Baked keyboard or directional glyph is not input-semantic; retain only as reference or keyboard fallback, never as the sole production prompt."
ui.key_prompt.esc,Godot/GraytailGodot/assets/ui/key_prompt/ui_key_esc.png,9A9A580FE1A1FB7268A905FA1E04B12576048D1D963CBB02F097E41B821E4EAB,sources/base/美术素材/blobs/9a/9a9a580fe1a1fb7268a905fa1e04b12576048d1d963cbb02f097e41b821e4eab.png,sources/draw/20_processed/ui_key_prompt/ui_key_esc.png,5,Base Art/05_export_runtime_candidates/art07_first_batch/ui_key_prompt/ui_key_esc.png,internal_staged,staged_pending_review,art08.key_prompt.esc,,,dynamic_contract,Godot/GraytailGodot/scripts/presentation/art10_ui_skin_kit.gd:626->Godot/GraytailGodot/scripts/presentation/art09_manifest_asset_mapping.gd:28[asset_id=ui.key_prompt.esc],,,,,visual_reviewed_restricted_input_glyph,"Baked keyboard or directional glyph is not input-semantic; retain only as reference or keyboard fallback, never as the sole production prompt."
ui.key_prompt.f,Godot/GraytailGodot/assets/ui/key_prompt/ui_key_f.png,EC188529DC43CB042E9EAFF489FBDFDD4B300B046B066FC666D2C4878DF98D87,sources/base/美术素材/blobs/ec/ec188529dc43cb042e9eaff489fbdfdd4b300b046b066fc666d2c4878df98d87.png,sources/draw/20_processed/ui_key_prompt/ui_key_f.png,5,Base Art/05_export_runtime_candidates/art07_first_batch/ui_key_prompt/ui_key_f.png,internal_staged,staged_pending_review,art08.key_prompt.f,,,dynamic_contract,Godot/GraytailGodot/scripts/presentation/art10_ui_skin_kit.gd:626->Godot/GraytailGodot/scripts/presentation/art09_manifest_asset_mapping.gd:29[asset_id=ui.key_prompt.f],,,,,visual_reviewed_restricted_input_glyph,"Baked keyboard or directional glyph is not input-semantic; retain only as reference or keyboard fallback, never as the sole production prompt."
ui.key_prompt.m,Godot/GraytailGodot/assets/ui/key_prompt/ui_key_m.png,18E737B8021ED01216132B95494A0CB7D83D71D006CC3C87AA83B103140F1FCD,sources/base/美术素材/blobs/18/18e737b8021ed01216132b95494a0cb7d83d71d006cc3c87aa83b103140f1fcd.png,sources/draw/20_processed/ui_key_prompt/ui_key_m.png,5,Base Art/05_export_runtime_candidates/art07_first_batch/ui_key_prompt/ui_key_m.png,internal_staged,staged_pending_review,art08.key_prompt.m,,,dynamic_contract,Godot/GraytailGodot/scripts/presentation/art10_ui_skin_kit.gd:626->Godot/GraytailGodot/scripts/presentation/art09_manifest_asset_mapping.gd:30[asset_id=ui.key_prompt.m],,,,,visual_reviewed_restricted_input_glyph,"Baked keyboard or directional glyph is not input-semantic; retain only as reference or keyboard fallback, never as the sole production prompt."
ui.key_prompt.q,Godot/GraytailGodot/assets/ui/key_prompt/ui_key_q.png,099706289B700AEBAF7B6B679E26B2D7D8414FD624B2C7673378629582A79682,sources/base/美术素材/blobs/09/099706289b700aebaf7b6b679e26b2d7d8414fd624b2c7673378629582a79682.png,sources/draw/20_processed/ui_key_prompt/ui_key_q.png,5,Base Art/05_export_runtime_candidates/art07_first_batch/ui_key_prompt/ui_key_q.png,internal_staged,staged_pending_review,art08.key_prompt.q,,,dynamic_contract,Godot/GraytailGodot/scripts/presentation/art10_ui_skin_kit.gd:626->Godot/GraytailGodot/scripts/presentation/art09_manifest_asset_mapping.gd:31[asset_id=ui.key_prompt.q],,,,,visual_reviewed_restricted_input_glyph,"Baked keyboard or directional glyph is not input-semantic; retain only as reference or keyboard fallback, never as the sole production prompt."
ui.key_prompt.t,Godot/GraytailGodot/assets/ui/key_prompt/ui_key_t.png,49AC601D40A4E14B5F76E5906F573C444C0A6D36EACA013B60B1B74C81DD3D47,sources/base/美术素材/blobs/49/49ac601d40a4e14b5f76e5906f573c444c0a6d36eaca013b60b1b74c81dd3d47.png,sources/draw/20_processed/ui_key_prompt/ui_key_t.png,5,Base Art/05_export_runtime_candidates/art07_first_batch/ui_key_prompt/ui_key_t.png,internal_staged,staged_pending_review,art08.key_prompt.t,,,dynamic_contract,Godot/GraytailGodot/scripts/presentation/art10_ui_skin_kit.gd:626->Godot/GraytailGodot/scripts/presentation/art09_manifest_asset_mapping.gd:32[asset_id=ui.key_prompt.t],,,,,visual_reviewed_restricted_input_glyph,"Baked keyboard or directional glyph is not input-semantic; retain only as reference or keyboard fallback, never as the sole production prompt."
ui.main_menu.background.no_text,Godot/GraytailGodot/assets/ui/main_menu/main_menu_bg_no_text.png,AC521358BBEFB53300C41E9B562D0610C707948DE891650B34CD037D572E4313,sources/base/美术素材/blobs/ac/ac521358bbefb53300c41e9b562d0610c707948de891650b34cd037d572e4313.png,sources/draw/Main.png,6,Base Art/05_export_runtime_candidates/art07_first_batch/main_menu/main_menu_bg_no_text.png,internal_staged,staged_pending_review,art08.ui.main_menu.background.no_text,,,dynamic_contract,Godot/GraytailGodot/scripts/presentation/art10_ui_skin_kit.gd:626->Godot/GraytailGodot/scripts/presentation/art09_manifest_asset_mapping.gd:14[asset_id=ui.main_menu.background.no_text],,,,,visual_reviewed_staging_reference,"Contact-sheet review found no corrupt crop, but there is no direct production consumer proof; visual inspection alone does not admit it to runtime."
icon.room.chest,Godot/GraytailGodot/assets/ui/minimap/chest_icon.png,4712A6FD12AE868698080FE6AFB8B76482906BA25ADAECD254B7F873397ACB1E,sources/base/美术素材/blobs/47/4712a6fd12ae868698080fe6afb8b76482906ba25adaecd254b7f873397acb1e.png,sources/draw/30_game_ready/icons/32/07_baoxiang_icon.png,2,assets/Textures/generated/icons/32/07_baoxiang_icon.png,internal_migrated,audited_internal,mini.chest,scenes/ui/minimap/minimap_panel.tscn,scenes/ui/minimap/minimap_panel.tscn=>Godot/GraytailGodot/scenes/ui/minimap/minimap_panel.tscn[production],direct_token,Godot/GraytailGodot/scripts/presentation/presentation_theme.gd:18[runtime_key=mini.chest],,,,,existing_stage_evidence_backfilled,Existing audited runtime lineage is cross-referenced; Base remains source-only.
icon.room.cleared,Godot/GraytailGodot/assets/ui/minimap/cleared_icon.png,FC48AAC0603CE9BD4822EDBCB9D795F5CC3D32F96AE25C8D1444EF5E6F47873A,sources/base/美术素材/blobs/fc/fc48aac0603ce9bd4822edbcb9d795f5cc3d32f96ae25c8d1444ef5e6f47873a.png,sources/draw/30_game_ready/icons/32/10_yiqingli_icon.png,1,assets/Textures/generated/icons/32/10_yiqingli_icon.png,internal_migrated,audited_internal,mini.cleared,scenes/ui/minimap/minimap_panel.tscn,scenes/ui/minimap/minimap_panel.tscn=>Godot/GraytailGodot/scenes/ui/minimap/minimap_panel.tscn[production],no_production_consumer,no_production_consumer_proven,,,,,existing_stage_evidence_backfilled,Existing audited runtime lineage is cross-referenced; Base remains source-only.
icon.room.exit,Godot/GraytailGodot/assets/ui/minimap/exit_icon.png,708E5BCEC3B3480BCF6C2DF1DBF553888DBE949FBCAF3FC3DAD880D92A3A8F65,sources/base/美术素材/blobs/70/708e5bcec3b3480bcf6c2df1dbf553888dbe949fbcaf3fc3dad880d92a3a8f65.png,sources/draw/30_game_ready/icons/32/09_chukou_icon.png,2,assets/Textures/generated/icons/32/09_chukou_icon.png,internal_migrated,audited_internal,mini.exit,scenes/ui/minimap/minimap_panel.tscn,scenes/ui/minimap/minimap_panel.tscn=>Godot/GraytailGodot/scenes/ui/minimap/minimap_panel.tscn[production],direct_token,Godot/GraytailGodot/scripts/core/run/run_scene.gd:707[runtime_key=mini.exit],,,,,existing_stage_evidence_backfilled,Existing audited runtime lineage is cross-referenced; Base remains source-only.
icon.minimap.explored,Godot/GraytailGodot/assets/ui/minimap/explored_cell.png,DF82FB3405F589BD4CA3B6A9538AAB4272DCEB53A3F0477A334B2A43C0863F26,sources/base/美术素材/blobs/df/df82fb3405f589bd4ca3b6a9538aab4272dceb53a3f0477a334b2a43c0863f26.png,sources/draw/30_game_ready/icons/32/02_yitan_ge.png,2,assets/Textures/generated/icons/32/02_yitan_ge.png,internal_migrated,audited_internal,mini.explored,scenes/ui/minimap/minimap_panel.tscn,scenes/ui/minimap/minimap_panel.tscn=>Godot/GraytailGodot/scenes/ui/minimap/minimap_panel.tscn[production],direct_token,Godot/GraytailGodot/scripts/presentation/g10_art_smoke_registry.gd:27[asset_id=icon.minimap.explored],,,icon.minimap.explored;icon.room.normal;icon.room.spawn,replacement_debt_open,existing_stage_evidence_backfilled,Existing audited runtime lineage is cross-referenced; Base remains source-only.
icon.room.spawn,Godot/GraytailGodot/assets/ui/minimap/explored_cell.png,DF82FB3405F589BD4CA3B6A9538AAB4272DCEB53A3F0477A334B2A43C0863F26,sources/base/美术素材/blobs/df/df82fb3405f589bd4ca3b6a9538aab4272dceb53a3f0477a334b2a43c0863f26.png,sources/draw/30_game_ready/icons/32/02_yitan_ge.png,2,assets/Textures/generated/icons/32/02_yitan_ge.png,internal_migrated,audited_internal,mini.spawn,scenes/ui/minimap/minimap_panel.tscn,scenes/ui/minimap/minimap_panel.tscn=>Godot/GraytailGodot/scenes/ui/minimap/minimap_panel.tscn[production],dynamic_contract,Godot/GraytailGodot/scripts/core/run/run_scene.gd:2316->Godot/GraytailGodot/scripts/presentation/presentation_mapping.gd:11[asset_id=icon.room.spawn],,,icon.minimap.explored;icon.room.normal;icon.room.spawn,replacement_debt_open,existing_stage_evidence_backfilled,Existing audited runtime lineage is cross-referenced; Base remains source-only.
icon.room.normal,Godot/GraytailGodot/assets/ui/minimap/explored_cell.png,DF82FB3405F589BD4CA3B6A9538AAB4272DCEB53A3F0477A334B2A43C0863F26,sources/base/美术素材/blobs/df/df82fb3405f589bd4ca3b6a9538aab4272dceb53a3f0477a334b2a43c0863f26.png,sources/draw/30_game_ready/icons/32/02_yitan_ge.png,2,assets/Textures/generated/icons/32/02_yitan_ge.png,internal_migrated,audited_internal,mini.normal,scenes/ui/minimap/minimap_panel.tscn,scenes/ui/minimap/minimap_panel.tscn=>Godot/GraytailGodot/scenes/ui/minimap/minimap_panel.tscn[production],direct_token,Godot/GraytailGodot/scripts/presentation/presentation_theme.gd:21[runtime_key=mini.normal],,,icon.minimap.explored;icon.room.normal;icon.room.spawn,replacement_debt_open,existing_stage_evidence_backfilled,Existing audited runtime lineage is cross-referenced; Base remains source-only.
icon.room.extract,Godot/GraytailGodot/assets/ui/minimap/extract_icon.png,BBAF93023A0F54E8AB45F901E358972D6324A00A492E02CDF67E1D50499193E6,sources/base/美术素材/blobs/bb/bbaf93023a0f54e8ab45f901e358972d6324a00a492e02cdf67e1d50499193e6.png,sources/draw/30_game_ready/icons/32/08_cheli_icon.png,1,assets/Textures/generated/icons/32/08_cheli_icon.png,internal_migrated,audited_internal,mini.extract,scenes/ui/minimap/minimap_panel.tscn,scenes/ui/minimap/minimap_panel.tscn=>Godot/GraytailGodot/scenes/ui/minimap/minimap_panel.tscn[production],no_production_consumer,no_production_consumer_proven,,,,,existing_stage_evidence_backfilled,Existing audited runtime lineage is cross-referenced; Base remains source-only.
icon.minimap.flag,Godot/GraytailGodot/assets/ui/minimap/flag_marker.png,1F83524C5A175D2C392868C1E81A5AAAE9B0D56D723AFA3834C4AB121948CAD9,sources/base/美术素材/blobs/1f/1f83524c5a175d2c392868c1e81a5aaae9b0d56d723afa3834c4ab121948cad9.png,sources/draw/30_game_ready/icons/32/04_biaoji_qi.png,1,assets/Textures/generated/icons/32/04_biaoji_qi.png,internal_migrated,audited_internal,mini.flag,scenes/ui/minimap/minimap_panel.tscn,scenes/ui/minimap/minimap_panel.tscn=>Godot/GraytailGodot/scenes/ui/minimap/minimap_panel.tscn[production],direct_token,Godot/GraytailGodot/scripts/presentation/presentation_theme.gd:14[runtime_key=mini.flag],,,,,existing_stage_evidence_backfilled,Existing audited runtime lineage is cross-referenced; Base remains source-only.
icon.room.mine,Godot/GraytailGodot/assets/ui/minimap/mine_icon.png,43F4EE7EDFF2AE34276C0780BB3D2AD8CB0CC83855F50F9B164D28C4F4AE5D2C,sources/base/美术素材/blobs/43/43f4ee7edff2ae34276c0780bb3d2ad8cb0cc83855f50f9b164d28c4f4ae5d2c.png,sources/draw/30_game_ready/icons/32/05_dici_xianjing_icon.png,2,assets/Textures/generated/icons/32/05_dici_xianjing_icon.png,internal_migrated,audited_internal,mini.mine,scenes/ui/minimap/minimap_panel.tscn,scenes/ui/minimap/minimap_panel.tscn=>Godot/GraytailGodot/scenes/ui/minimap/minimap_panel.tscn[production],direct_token,Godot/GraytailGodot/scripts/presentation/presentation_theme.gd:16[runtime_key=mini.mine],,,,,existing_stage_evidence_backfilled,Existing audited runtime lineage is cross-referenced; Base remains source-only.
icon.room.monster,Godot/GraytailGodot/assets/ui/minimap/monster_icon.png,C2B76F738E393E6F6257F5D379F1093F42D950562A433E42BDAB1B3903C54124,sources/base/美术素材/blobs/c2/c2b76f738e393e6f6257f5d379f1093f42d950562a433e42bdab1b3903c54124.png,sources/draw/30_game_ready/icons/32/06_guaiwu_icon.png,1,assets/Textures/generated/icons/32/06_guaiwu_icon.png,internal_migrated,audited_internal,mini.monster,scenes/ui/minimap/minimap_panel.tscn,scenes/ui/minimap/minimap_panel.tscn=>Godot/GraytailGodot/scenes/ui/minimap/minimap_panel.tscn[production],direct_token,Godot/GraytailGodot/scripts/presentation/presentation_theme.gd:17[runtime_key=mini.monster],,,,,existing_stage_evidence_backfilled,Existing audited runtime lineage is cross-referenced; Base remains source-only.
icon.minimap.number.1,Godot/GraytailGodot/assets/ui/minimap/number_1.png,280E5380697FC3E9229D7A955EE8C2CC8F973704E038408084BEC89987592E66,sources/base/美术素材/blobs/28/280e5380697fc3e9229d7a955ee8c2cc8f973704e038408084bec89987592e66.png,sources/draw/30_game_ready/icons/32/11_shuzi_1.png,1,assets/Textures/generated/icons/32/11_shuzi_1.png,internal_migrated,audited_internal,mini.number,scenes/ui/minimap/minimap_panel.tscn,scenes/ui/minimap/minimap_panel.tscn=>Godot/GraytailGodot/scenes/ui/minimap/minimap_panel.tscn[production],no_production_consumer,no_production_consumer_proven,,,,,existing_stage_evidence_backfilled,Existing audited runtime lineage is cross-referenced; Base remains source-only.
icon.minimap.number.2,Godot/GraytailGodot/assets/ui/minimap/number_2.png,091C0BCF95FE13626798843102E882E9E819EE35596D6DD8FBDA6733556CAA35,sources/base/美术素材/blobs/09/091c0bcf95fe13626798843102e882e9e819ee35596d6dd8fbda6733556caa35.png,sources/draw/30_game_ready/icons/32/12_shuzi_2.png,1,assets/Textures/generated/icons/32/12_shuzi_2.png,internal_migrated,audited_internal,mini.number,scenes/ui/minimap/minimap_panel.tscn,scenes/ui/minimap/minimap_panel.tscn=>Godot/GraytailGodot/scenes/ui/minimap/minimap_panel.tscn[production],no_production_consumer,no_production_consumer_proven,,,,,existing_stage_evidence_backfilled,Existing audited runtime lineage is cross-referenced; Base remains source-only.
icon.minimap.number.3,Godot/GraytailGodot/assets/ui/minimap/number_3.png,DF78986EE6C284B7863F858573D7BF5CD2CC2C277F15FFDC9EAB0329E627F28D,sources/base/美术素材/blobs/df/df78986ee6c284b7863f858573d7bf5cd2cc2c277f15ffdc9eab0329e627f28d.png,sources/draw/30_game_ready/icons/32/13_shuzi_3.png,1,assets/Textures/generated/icons/32/13_shuzi_3.png,internal_migrated,audited_internal,mini.number,scenes/ui/minimap/minimap_panel.tscn,scenes/ui/minimap/minimap_panel.tscn=>Godot/GraytailGodot/scenes/ui/minimap/minimap_panel.tscn[production],no_production_consumer,no_production_consumer_proven,,,,,existing_stage_evidence_backfilled,Existing audited runtime lineage is cross-referenced; Base remains source-only.
icon.minimap.player,Godot/GraytailGodot/assets/ui/minimap/player_marker.png,D6F3E53DE86328F2EBFA4AC87A6246E9E3C5D3482A4F3413DFA0D7B95F3F316E,sources/base/美术素材/blobs/d6/d6f3e53de86328f2ebfa4ac87a6246e9e3c5d3482a4f3413dfa0d7b95f3f316e.png,sources/draw/30_game_ready/icons/32/00_wanjia_dingwei.png,2,assets/Textures/generated/icons/32/00_wanjia_dingwei.png,internal_migrated,audited_internal,mini.player,scenes/ui/minimap/minimap_panel.tscn,scenes/ui/minimap/minimap_panel.tscn=>Godot/GraytailGodot/scenes/ui/minimap/minimap_panel.tscn[production],direct_token,Godot/GraytailGodot/scripts/presentation/presentation_theme.gd:15[runtime_key=mini.player],,,,,existing_stage_evidence_backfilled,Existing audited runtime lineage is cross-referenced; Base remains source-only.
icon.minimap.scanned,Godot/GraytailGodot/assets/ui/minimap/scanned_cell.png,EF4D1A329BF06142B222079832DBABD2B89D90420EC2BACEECA40B910B2BD6A0,sources/base/美术素材/blobs/ef/ef4d1a329bf06142b222079832dbabd2b89d90420ec2baceeca40b910b2bd6a0.png,sources/draw/30_game_ready/icons/32/03_saomiao_ge.png,2,assets/Textures/generated/icons/32/03_saomiao_ge.png,internal_migrated,audited_internal,mini.scanned,scenes/ui/minimap/minimap_panel.tscn,scenes/ui/minimap/minimap_panel.tscn=>Godot/GraytailGodot/scenes/ui/minimap/minimap_panel.tscn[production],direct_token,Godot/GraytailGodot/scripts/presentation/presentation_theme.gd:13[runtime_key=mini.scanned],,,icon.minimap.scanned;icon.room.event,replacement_debt_open,existing_stage_evidence_backfilled,Existing audited runtime lineage is cross-referenced; Base remains source-only.
icon.room.event,Godot/GraytailGodot/assets/ui/minimap/scanned_cell.png,EF4D1A329BF06142B222079832DBABD2B89D90420EC2BACEECA40B910B2BD6A0,sources/base/美术素材/blobs/ef/ef4d1a329bf06142b222079832dbabd2b89d90420ec2baceeca40b910b2bd6a0.png,sources/draw/30_game_ready/icons/32/03_saomiao_ge.png,2,assets/Textures/generated/icons/32/03_saomiao_ge.png,internal_migrated,audited_internal,mini.event,scenes/ui/minimap/minimap_panel.tscn,scenes/ui/minimap/minimap_panel.tscn=>Godot/GraytailGodot/scenes/ui/minimap/minimap_panel.tscn[production],direct_token,Godot/GraytailGodot/scripts/core/run/run_scene.gd:666[runtime_key=mini.event],,,icon.minimap.scanned;icon.room.event,replacement_debt_open,existing_stage_evidence_backfilled,Existing audited runtime lineage is cross-referenced; Base remains source-only.
icon.minimap.unknown,Godot/GraytailGodot/assets/ui/minimap/unknown_cell.png,E2CE0A350F709F62B1FAC7D5E57713CDB00DB11FC7352EA332F2BD7B57F7B7A6,sources/base/美术素材/blobs/e2/e2ce0a350f709f62b1fac7d5e57713cdb00db11fc7352ea332f2bd7b57f7b7a6.png,sources/draw/30_game_ready/icons/32/01_weizhi_ge.png,1,assets/Textures/generated/icons/32/01_weizhi_ge.png,internal_migrated,audited_internal,mini.hidden,scenes/ui/minimap/minimap_panel.tscn,scenes/ui/minimap/minimap_panel.tscn=>Godot/GraytailGodot/scenes/ui/minimap/minimap_panel.tscn[production],direct_token,Godot/GraytailGodot/scripts/presentation/presentation_theme.gd:11[runtime_key=mini.hidden],,,,,existing_stage_evidence_backfilled,Existing audited runtime lineage is cross-referenced; Base remains source-only.
ui.panel.terminal_main,Godot/GraytailGodot/assets/ui/panels/ui_panel_terminal_main.png,4BB57AC94C797BE82FD9B03B1EB708D87E3FE6CD014AF898A059486DCA6EACBC,sources/base/美术素材/blobs/4b/4bb57ac94c797be82fd9b03b1eb708d87e3fe6cd014af898a059486dca6eacbc.png,sources/draw/20_processed/ui_panel/ui_panel_terminal_main.png,8,Base Art/05_export_runtime_candidates/art07_first_batch/ui_panel/ui_panel_terminal_main.png,internal_staged,staged_pending_review,art08.ui.panel.terminal_main,,,dynamic_contract,Godot/GraytailGodot/scripts/presentation/art10_ui_skin_kit.gd:626->Godot/GraytailGodot/scripts/presentation/art09_manifest_asset_mapping.gd:18[asset_id=ui.panel.terminal_main],,,,,visual_reviewed_staging_reference,"Contact-sheet review found no corrupt crop, but there is no direct production consumer proof; visual inspection alone does not admit it to runtime."
ui.result.title.extract_confirm,Godot/GraytailGodot/assets/ui/result/ui_title_extract_confirm.png,2565A06EE73395F5A5793E7BC3E1B60D67BA6C05952AE81343AB4914F332F6C7,sources/base/美术素材/blobs/25/2565a06ee73395f5a5793e7bc3e1b60d67ba6c05952ae81343ab4914f332f6c7.png,sources/draw/20_processed/ui_title_plate/ui_title_extract_confirm.png,2,Draw/30_game_ready/ui_title_plate/ui_title_extract_confirm.png,internal_staged,staged_pending_review,art15.ui.result.title.extract_confirm,,,dynamic_contract,Godot/GraytailGodot/scripts/presentation/art10_ui_skin_kit.gd:626->Godot/GraytailGodot/scripts/presentation/art09_manifest_asset_mapping.gd:83[asset_id=ui.result.title.extract_confirm],,,,,visual_reviewed_restricted_baked_text,Baked player-facing text cannot inherit the pixel-font theme or localization; retain as lineage/reference and do not use for live-label production UI.
ui.result.title.extraction_success,Godot/GraytailGodot/assets/ui/result/ui_title_extraction_success.png,1ABBA3B9687D6B5EE553CD201FF6D24C2868A8463AC9AACACBE3DD13815A3951,sources/base/美术素材/blobs/1a/1abba3b9687d6b5ee553cd201ff6d24c2868a8463ac9aacacbe3dd13815a3951.png,sources/draw/20_processed/ui_title_plate/ui_title_extraction_success.png,2,Draw/30_game_ready/ui_title_plate/ui_title_extraction_success.png,internal_staged,staged_pending_review,art15.ui.result.title.extraction_success,,,dynamic_contract,Godot/GraytailGodot/scripts/presentation/art10_ui_skin_kit.gd:626->Godot/GraytailGodot/scripts/presentation/art09_manifest_asset_mapping.gd:84[asset_id=ui.result.title.extraction_success],,,,,visual_reviewed_restricted_baked_text,Baked player-facing text cannot inherit the pixel-font theme or localization; retain as lineage/reference and do not use for live-label production UI.
ui.result.title.signal_lost,Godot/GraytailGodot/assets/ui/result/ui_title_signal_lost.png,05346CDB918B7956130B95532F5B98EC86E9A4FEE792E36176AC5BCC50F67643,sources/base/美术素材/blobs/05/05346cdb918b7956130b95532f5b98ec86e9a4fee792e36176ac5bcc50f67643.png,sources/draw/20_processed/ui_title_plate/ui_title_signal_lost.png,2,Draw/30_game_ready/ui_title_plate/ui_title_signal_lost.png,internal_staged,staged_pending_review,art15.ui.result.title.signal_lost,,,dynamic_contract,Godot/GraytailGodot/scripts/presentation/art10_ui_skin_kit.gd:626->Godot/GraytailGodot/scripts/presentation/art09_manifest_asset_mapping.gd:85[asset_id=ui.result.title.signal_lost],,,,,visual_reviewed_restricted_baked_text,Baked player-facing text cannot inherit the pixel-font theme or localization; retain as lineage/reference and do not use for live-label production UI.
