source_member,sha256,bytes,extension,category,disposition,reason
sources/art/03_selected/draw_30_game_ready/item_consumable/item_consumable_medkit.png,EC58BAE34F8CBD3612E8B9DC2326285126BA1CC34BD20246CF1BB78AC7AABB90,6194,.png,art_source,registered_exact_duplicate_alias,art/draw baseline deduplicated by SHA-256
sources/art/03_selected/draw_30_game_ready/item_consumable/item_consumable_syringe.png,1D103D257DFA58ADF097BE31493DC94906836857DF6431B6D42065EA61FCDB45,4756,.png,art_source,registered_exact_duplicate_alias,art/draw baseline deduplicated by SHA-256
sources/art/03_selected/draw_30_game_ready/item_equipment/item_equipment_flashlight.png,339826ACF7CEB1736B2A3D4B172022B0CD1ACE084AC49FEAA2DF65D5793C4A35,5290,.png,art_source,registered_exact_duplicate_alias,art/draw baseline deduplicated by SHA-256
sources/art/03_selected/draw_30_game_ready/item_equipment/item_equipment_goggles.png,24462587E2902253A8383BE61EDFA1EC3118A0FE4F1610840FD165309B80A335,7090,.png,art_source,registered_exact_duplicate_alias,art/draw baseline deduplicated by SHA-256
sources/art/03_selected/draw_30_game_ready/item_recovered/item_recovered_ore.png,78860D8DC692B4D2A4F6B1F985AF885F34B478B315B121C849EA5BDACD85D574,6170,.png,art_source,registered_exact_duplicate_alias,art/draw baseline deduplicated by SHA-256
sources/art/03_selected/draw_30_game_ready/main_menu/main_menu_bg_no_text.png,AC521358BBEFB53300C41E9B562D0610C707948DE891650B34CD037D572E4313,2904266,.png,art_source,registered_exact_duplicate_alias,art/draw baseline deduplicated by SHA-256
sources/art/03_selected/draw_30_game_ready/map_icon/map_icon_chest.png,98C44F105FDD348CA0042E5A3ED58B518F817B764A5ACCD98B81AA57AA29E391,39109,.png,art_source,registered_exact_duplicate_alias,art/draw baseline deduplicated by SHA-256
sources/art/03_selected/draw_30_game_ready/map_icon/map_icon_event.png,3DB476901205887CC3025E52B91C9599404D60C2E19E140F5FC87F6AFFE2F80C,31685,.png,art_source,registered_exact_duplicate_alias,art/draw baseline deduplicated by SHA-256
sources/art/03_selected/draw_30_game_ready/map_icon/map_icon_exit.png,17AAA6F9A694B27CB8962AAC8339C6558D1B7D1F455E1872567FA24283A0851B,36059,.png,art_source,registered_exact_duplicate_alias,art/draw baseline deduplicated by SHA-256
sources/art/03_selected/draw_30_game_ready/map_icon/map_icon_marker_flag.png,EE5C05ED66F66173A241B5CFC470458AE0C983265CEE2E9C2445CDE83AD84A25,22994,.png,art_source,registered_exact_duplicate_alias,art/draw baseline deduplicated by SHA-256
sources/art/03_selected/draw_30_game_ready/map_icon/map_icon_mine.png,E569A257B1F77436468466A15D66856BA01477B7A90EDA433942B4B536354BBC,42839,.png,art_source,registered_exact_duplicate_alias,art/draw baseline deduplicated by SHA-256
sources/art/03_selected/draw_30_game_ready/map_icon/map_icon_monster.png,D3612A9B24102986B2E9A52E2F9929F9D854EEE95DC0F0D50DB9864093B4F165,35665,.png,art_source,registered_exact_duplicate_alias,art/draw baseline deduplicated by SHA-256
sources/art/03_selected/draw_30_game_ready/map_tile_icon/map_tile_explored.png,00276660501B46B6C4C099D994F3D9A74904C76A33EF99E92209713DECDF22CA,53437,.png,art_source,registered_exact_duplicate_alias,art/draw baseline deduplicated by SHA-256
sources/art/03_selected/draw_30_game_ready/map_tile_icon/map_tile_scanned.png,C77D134EB35289CED75E0F14FB997C7005A1ADF005DA75E6E141A68C39937F79,63402,.png,art_source,registered_exact_duplicate_alias,art/draw baseline deduplicated by SHA-256
sources/art/03_selected/draw_30_game_ready/map_tile_icon/map_tile_unknown.png,B937168633B65D1B74F83CEDF9FC0F6EB859939D3A5AB4FD6762D5501A96EBED,53549,.png,art_source,registered_exact_duplicate_alias,art/draw baseline deduplicated by SHA-256
sources/art/03_selected/draw_30_game_ready/props/00_baoxiang_kai.png,3A4D3445312B5611B7F9FA9066FBE7FB666C48A074579BE7D303003CC9C0180A,35737,.png,art_source,registered_exact_duplicate_alias,art/draw baseline deduplicated by SHA-256
sources/art/03_selected/draw_30_game_ready/props/01_cheli_zhuangzhi_an.png,FCE7959AE7A20F51707DC29AA16BD35448C26B1E11BE16A4B966E90B2E018F2A,31307,.png,art_source,registered_exact_duplicate_alias,art/draw baseline deduplicated by SHA-256
sources/art/03_selected/draw_30_game_ready/props/02_cheli_zhuangzhi_liang.png,50B4239F76BF654686972C1D6D238F8481B29F7EAA6E0A99E3EBF1E1949146B2,33705,.png,art_source,registered_exact_duplicate_alias,art/draw baseline deduplicated by SHA-256
sources/art/03_selected/draw_30_game_ready/props/03_baoxiang_guan.png,541F72BFA7337FF4B8B23819C5A0188CB59881DAC1FA78307A532DBE66A0DDEE,45111,.png,art_source,registered_exact_duplicate_alias,art/draw baseline deduplicated by SHA-256
sources/art/03_selected/draw_30_game_ready/props/04_shangren_tai.png,56C00AFD49CA374A53C9DC81A7E81883BD97CB0A995747C0108FD45D9B86C07F,77298,.png,art_source,registered_exact_duplicate_alias,art/draw baseline deduplicated by SHA-256
sources/art/03_selected/draw_30_game_ready/props/05_yichang_hexin.png,1AF589B83403E204126CA1F7402158ACC183FB47CEC733B5FE75285505092908,78771,.png,art_source,registered_exact_duplicate_alias,art/draw baseline deduplicated by SHA-256
sources/art/03_selected/draw_30_game_ready/props/06_dici_xianjing.png,F2866600D71DE3658A955CD45002893F48087ECC23D5F4B970419C270D6E6DA5,81169,.png,art_source,registered_exact_duplicate_alias,art/draw baseline deduplicated by SHA-256
sources/art/03_selected/draw_30_game_ready/props/07_lingjian_dui.png,609C73CDDC5300809CF78E8E341DF5F077916CC8983BC0847FBFC9006AB9B6A6,34861,.png,art_source,registered_exact_duplicate_alias,art/draw baseline deduplicated by SHA-256
sources/art/03_selected/draw_30_game_ready/props/08_saomiaoyi.png,CFA8A370608EFB8C9BCCB747F143D06C45ECF19BC67AFB5A76E2F303047F3810,40141,.png,art_source,registered_exact_duplicate_alias,art/draw baseline deduplicated by SHA-256
sources/art/03_selected/draw_30_game_ready/props/09_jinbi_dui.png,57645A3955E0C3478C7135ADBE1D69209A0FF854F2C213B9B91485D1C2782E16,30911,.png,art_source,registered_exact_duplicate_alias,art/draw baseline deduplicated by SHA-256
sources/art/03_selected/draw_30_game_ready/props/10_yiliaobao.png,7CF0D291EAA59A94FCA3B321443B98D281FBDB33A1302C8B75E3AD0606F08D63,35972,.png,art_source,registered_exact_duplicate_alias,art/draw baseline deduplicated by SHA-256
sources/art/03_selected/draw_30_game_ready/props/11_wuzi_xiang.png,6D2CF9DC683B69DF9CB9F428A764CB47F966987DFF426C27F8E8AAD72886BDDC,41258,.png,art_source,registered_exact_duplicate_alias,art/draw baseline deduplicated by SHA-256
sources/art/03_selected/draw_30_game_ready/ui/icons/jinbi_icon.png,E6ED6B95506EF88CB28E54E4256737D5BEC22396F1B47B9863029E145962D08E,8516,.png,art_source,registered_exact_duplicate_alias,art/draw baseline deduplicated by SHA-256
sources/art/03_selected/draw_30_game_ready/ui/icons/xuetiao_tianchong.png,2B1F1E10F40A7E125C8A056C9F03CA089CC7666587A6B803FA9354E9336AB3E8,8309,.png,art_source,registered_exact_duplicate_alias,art/draw baseline deduplicated by SHA-256
sources/art/03_selected/draw_30_game_ready/ui_button_blank/ui_button_blank_dark.png,99DCED078AC8D2DBE127689D8005715F2878185B14884355BCBC4F471FD06A1C,66360,.png,art_source,registered_exact_duplicate_alias,art/draw baseline deduplicated by SHA-256
sources/art/03_selected/draw_30_game_ready/ui_deploy_button/ui_button_back_main.png,5426CBCF75284BDE97B98A0E1677C9E78F349DCC6C78224F8E6441343BD0A3E2,18875,.png,art_source,registered_exact_duplicate_alias,art/draw baseline deduplicated by SHA-256
sources/art/03_selected/draw_30_game_ready/ui_deploy_button/ui_button_confirm_deploy_large.png,E245F3D25671EAB9C11A437933FB7C8A8D79F5F2129962273AEDBB6A3E2D7873,51391,.png,art_source,registered_exact_duplicate_alias,art/draw baseline deduplicated by SHA-256
sources/art/03_selected/draw_30_game_ready/ui_deploy_button/ui_button_nav_loadout.png,55B1B40BBC90B97A1C8FD6F0DAB23476EBCDB0E741748844A8D63F1670E0B74B,15773,.png,art_source,registered_exact_duplicate_alias,art/draw baseline deduplicated by SHA-256
sources/art/03_selected/draw_30_game_ready/ui_deploy_button/ui_button_nav_recovery.png,578B1A0498EB34C117F45D78DE7A47DBFA604D2705B953E46940F4317302F02A,20026,.png,art_source,registered_exact_duplicate_alias,art/draw baseline deduplicated by SHA-256
sources/art/03_selected/draw_30_game_ready/ui_deploy_button/ui_button_nav_requisition.png,7C55CD1AE2789842C4D079A7B618E84A165AD72267612A3B8642037B3C1A4C8B,15841,.png,art_source,registered_exact_duplicate_alias,art/draw baseline deduplicated by SHA-256
sources/art/03_selected/draw_30_game_ready/ui_deploy_button/ui_button_nav_talent_selected.png,E051CF0398847504F69B14E18C65430F81CD9FA50DF712352E85BA169D25BBA0,23470,.png,art_source,registered_exact_duplicate_alias,art/draw baseline deduplicated by SHA-256
sources/art/03_selected/draw_30_game_ready/ui_deploy_button/ui_button_nav_warehouse.png,28EAA56504E1F7EA3136BE8AD7478357E03C4E6C28AEB27D67C011CCE416951E,16248,.png,art_source,registered_exact_duplicate_alias,art/draw baseline deduplicated by SHA-256
sources/art/03_selected/draw_30_game_ready/ui_deploy_button/ui_key_or_arrow_small_button.png,8A70EF18582AA3D98BD6CA8E32D3790F2F169EA3F0EE43ACACC23F5A89471497,7558,.png,art_source,registered_exact_duplicate_alias,art/draw baseline deduplicated by SHA-256
sources/art/03_selected/draw_30_game_ready/ui_deploy_icon/ui_icon_armor.png,29F71E2E65B31F0D3C1F0B6775482351C4837148E4D1773FAC4CB35127DC58F4,6300,.png,art_source,registered_exact_duplicate_alias,art/draw baseline deduplicated by SHA-256
sources/art/03_selected/draw_30_game_ready/ui_deploy_icon/ui_icon_backpack.png,B247A2ABA7509D1797376B95136A2D7155D13CC8470EE7233ACF450EFA5A7413,6416,.png,art_source,registered_exact_duplicate_alias,art/draw baseline deduplicated by SHA-256
sources/art/03_selected/draw_30_game_ready/ui_deploy_icon/ui_icon_bandage.png,8E5B26EB543E59A1B7D09BCDCC74803D1674BA4D3487C7FB10EE131FA5C18FE9,4341,.png,art_source,registered_exact_duplicate_alias,art/draw baseline deduplicated by SHA-256
sources/art/03_selected/draw_30_game_ready/ui_deploy_icon/ui_icon_compass.png,016D4065BFBE7CA6406816F6BBA786C31F9D8CC2EACDD637A5257B822582E285,6890,.png,art_source,registered_exact_duplicate_alias,art/draw baseline deduplicated by SHA-256
sources/art/03_selected/draw_30_game_ready/ui_deploy_panel/ui_frame_highlight.png,6A7B4D2BBC7A87236B11F52BEAA8568477428D86A288D987949EC11F1B5DD95D,19642,.png,art_source,registered_exact_duplicate_alias,art/draw baseline deduplicated by SHA-256
sources/art/03_selected/draw_30_game_ready/ui_deploy_panel/ui_panel_deploy_main_blank.png,222F475C981FA20063686E3BA1C203A46E04B9B2DBE6C6CDD1C4B5827E9EF525,127236,.png,art_source,registered_exact_duplicate_alias,art/draw baseline deduplicated by SHA-256
sources/art/03_selected/draw_30_game_ready/ui_deploy_panel/ui_panel_deploy_summary_blank.png,6893538A28D34001C2FFBF52DE811139936CAD2F24954A0588238A67DAEDFE75,18745,.png,art_source,registered_exact_duplicate_alias,art/draw baseline deduplicated by SHA-256
sources/art/03_selected/draw_30_game_ready/ui_key_prompt/ui_key_e.png,819C31BC1070AC5C9832EEA32605584BC6D835ED952A40371AEC308F2379455A,3859,.png,art_source,registered_exact_duplicate_alias,art/draw baseline deduplicated by SHA-256
sources/art/03_selected/draw_30_game_ready/ui_key_prompt/ui_key_esc.png,9A9A580FE1A1FB7268A905FA1E04B12576048D1D963CBB02F097E41B821E4EAB,4957,.png,art_source,registered_exact_duplicate_alias,art/draw baseline deduplicated by SHA-256
sources/art/03_selected/draw_30_game_ready/ui_key_prompt/ui_key_f.png,EC188529DC43CB042E9EAFF489FBDFDD4B300B046B066FC666D2C4878DF98D87,3879,.png,art_source,registered_exact_duplicate_alias,art/draw baseline deduplicated by SHA-256
sources/art/03_selected/draw_30_game_ready/ui_key_prompt/ui_key_m.png,18E737B8021ED01216132B95494A0CB7D83D71D006CC3C87AA83B103140F1FCD,4223,.png,art_source,registered_exact_duplicate_alias,art/draw baseline deduplicated by SHA-256
sources/art/03_selected/draw_30_game_ready/ui_key_prompt/ui_key_q.png,099706289B700AEBAF7B6B679E26B2D7D8414FD624B2C7673378629582A79682,4536,.png,art_source,registered_exact_duplicate_alias,art/draw baseline deduplicated by SHA-256
sources/art/03_selected/draw_30_game_ready/ui_key_prompt/ui_key_t.png,49AC601D40A4E14B5F76E5906F573C444C0A6D36EACA013B60B1B74C81DD3D47,3688,.png,art_source,registered_exact_duplicate_alias,art/draw baseline deduplicated by SHA-256
sources/art/03_selected/draw_30_game_ready/ui_panel/ui_panel_terminal_main.png,4BB57AC94C797BE82FD9B03B1EB708D87E3FE6CD014AF898A059486DCA6EACBC,456147,.png,art_source,registered_exact_duplicate_alias,art/draw baseline deduplicated by SHA-256
sources/art/05_export_runtime_candidates/art07_first_batch/item_consumable/item_consumable_medkit.png,EC58BAE34F8CBD3612E8B9DC2326285126BA1CC34BD20246CF1BB78AC7AABB90,6194,.png,art_source,registered_exact_duplicate_alias,art/draw baseline deduplicated by SHA-256
sources/art/05_export_runtime_candidates/art07_first_batch/item_consumable/item_consumable_syringe.png,1D103D257DFA58ADF097BE31493DC94906836857DF6431B6D42065EA61FCDB45,4756,.png,art_source,registered_exact_duplicate_alias,art/draw baseline deduplicated by SHA-256
sources/art/05_export_runtime_candidates/art07_first_batch/item_equipment/item_equipment_flashlight.png,339826ACF7CEB1736B2A3D4B172022B0CD1ACE084AC49FEAA2DF65D5793C4A35,5290,.png,art_source,registered_exact_duplicate_alias,art/draw baseline deduplicated by SHA-256
sources/art/05_export_runtime_candidates/art07_first_batch/item_equipment/item_equipment_goggles.png,24462587E2902253A8383BE61EDFA1EC3118A0FE4F1610840FD165309B80A335,7090,.png,art_source,registered_exact_duplicate_alias,art/draw baseline deduplicated by SHA-256
sources/art/05_export_runtime_candidates/art07_first_batch/item_recovered/item_recovered_ore.png,78860D8DC692B4D2A4F6B1F985AF885F34B478B315B121C849EA5BDACD85D574,6170,.png,art_source,registered_exact_duplicate_alias,art/draw baseline deduplicated by SHA-256
sources/art/05_export_runtime_candidates/art07_first_batch/main_menu/main_menu_bg_no_text.png,AC521358BBEFB53300C41E9B562D0610C707948DE891650B34CD037D572E4313,2904266,.png,art_source,registered_exact_duplicate_alias,art/draw baseline deduplicated by SHA-256
sources/art/05_export_runtime_candidates/art07_first_batch/map_icon/map_icon_chest.png,98C44F105FDD348CA0042E5A3ED58B518F817B764A5ACCD98B81AA57AA29E391,39109,.png,art_source,registered_exact_duplicate_alias,art/draw baseline deduplicated by SHA-256
sources/art/05_export_runtime_candidates/art07_first_batch/map_icon/map_icon_event.png,3DB476901205887CC3025E52B91C9599404D60C2E19E140F5FC87F6AFFE2F80C,31685,.png,art_source,registered_exact_duplicate_alias,art/draw baseline deduplicated by SHA-256
sources/art/05_export_runtime_candidates/art07_first_batch/map_icon/map_icon_exit.png,17AAA6F9A694B27CB8962AAC8339C6558D1B7D1F455E1872567FA24283A0851B,36059,.png,art_source,registered_exact_duplicate_alias,art/draw baseline deduplicated by SHA-256
sources/art/05_export_runtime_candidates/art07_first_batch/map_icon/map_icon_marker_flag.png,EE5C05ED66F66173A241B5CFC470458AE0C983265CEE2E9C2445CDE83AD84A25,22994,.png,art_source,registered_exact_duplicate_alias,art/draw baseline deduplicated by SHA-256
sources/art/05_export_runtime_candidates/art07_first_batch/map_icon/map_icon_mine.png,E569A257B1F77436468466A15D66856BA01477B7A90EDA433942B4B536354BBC,42839,.png,art_source,registered_exact_duplicate_alias,art/draw baseline deduplicated by SHA-256
sources/art/05_export_runtime_candidates/art07_first_batch/map_icon/map_icon_monster.png,D3612A9B24102986B2E9A52E2F9929F9D854EEE95DC0F0D50DB9864093B4F165,35665,.png,art_source,registered_exact_duplicate_alias,art/draw baseline deduplicated by SHA-256
sources/art/05_export_runtime_candidates/art07_first_batch/map_tile_icon/map_tile_explored.png,00276660501B46B6C4C099D994F3D9A74904C76A33EF99E92209713DECDF22CA,53437,.png,art_source,registered_exact_duplicate_alias,art/draw baseline deduplicated by SHA-256
sources/art/05_export_runtime_candidates/art07_first_batch/map_tile_icon/map_tile_scanned.png,C77D134EB35289CED75E0F14FB997C7005A1ADF005DA75E6E141A68C39937F79,63402,.png,art_source,registered_exact_duplicate_alias,art/draw baseline deduplicated by SHA-256
sources/art/05_export_runtime_candidates/art07_first_batch/map_tile_icon/map_tile_unknown.png,B937168633B65D1B74F83CEDF9FC0F6EB859939D3A5AB4FD6762D5501A96EBED,53549,.png,art_source,registered_exact_duplicate_alias,art/draw baseline deduplicated by SHA-256
sources/art/05_export_runtime_candidates/art07_first_batch/props/00_baoxiang_kai.png,3A4D3445312B5611B7F9FA9066FBE7FB666C48A074579BE7D303003CC9C0180A,35737,.png,art_source,registered_exact_duplicate_alias,art/draw baseline deduplicated by SHA-256
sources/art/05_export_runtime_candidates/art07_first_batch/props/01_cheli_zhuangzhi_an.png,FCE7959AE7A20F51707DC29AA16BD35448C26B1E11BE16A4B966E90B2E018F2A,31307,.png,art_source,registered_exact_duplicate_alias,art/draw baseline deduplicated by SHA-256
sources/art/05_export_runtime_candidates/art07_first_batch/props/02_cheli_zhuangzhi_liang.png,50B4239F76BF654686972C1D6D238F8481B29F7EAA6E0A99E3EBF1E1949146B2,33705,.png,art_source,registered_exact_duplicate_alias,art/draw baseline deduplicated by SHA-256
sources/art/05_export_runtime_candidates/art07_first_batch/props/03_baoxiang_guan.png,541F72BFA7337FF4B8B23819C5A0188CB59881DAC1FA78307A532DBE66A0DDEE,45111,.png,art_source,registered_exact_duplicate_alias,art/draw baseline deduplicated by SHA-256
sources/art/05_export_runtime_candidates/art07_first_batch/props/04_shangren_tai.png,56C00AFD49CA374A53C9DC81A7E81883BD97CB0A995747C0108FD45D9B86C07F,77298,.png,art_source,registered_exact_duplicate_alias,art/draw baseline deduplicated by SHA-256
sources/art/05_export_runtime_candidates/art07_first_batch/props/05_yichang_hexin.png,1AF589B83403E204126CA1F7402158ACC183FB47CEC733B5FE75285505092908,78771,.png,art_source,registered_exact_duplicate_alias,art/draw baseline deduplicated by SHA-256
sources/art/05_export_runtime_candidates/art07_first_batch/props/06_dici_xianjing.png,F2866600D71DE3658A955CD45002893F48087ECC23D5F4B970419C270D6E6DA5,81169,.png,art_source,registered_exact_duplicate_alias,art/draw baseline deduplicated by SHA-256
sources/art/05_export_runtime_candidates/art07_first_batch/props/07_lingjian_dui.png,609C73CDDC5300809CF78E8E341DF5F077916CC8983BC0847FBFC9006AB9B6A6,34861,.png,art_source,registered_exact_duplicate_alias,art/draw baseline deduplicated by SHA-256
sources/art/05_export_runtime_candidates/art07_first_batch/props/08_saomiaoyi.png,CFA8A370608EFB8C9BCCB747F143D06C45ECF19BC67AFB5A76E2F303047F3810,40141,.png,art_source,registered_exact_duplicate_alias,art/draw baseline deduplicated by SHA-256
sources/art/05_export_runtime_candidates/art07_first_batch/props/09_jinbi_dui.png,57645A3955E0C3478C7135ADBE1D69209A0FF854F2C213B9B91485D1C2782E16,30911,.png,art_source,registered_exact_duplicate_alias,art/draw baseline deduplicated by SHA-256
sources/art/05_export_runtime_candidates/art07_first_batch/props/10_yiliaobao.png,7CF0D291EAA59A94FCA3B321443B98D281FBDB33A1302C8B75E3AD0606F08D63,35972,.png,art_source,registered_exact_duplicate_alias,art/draw baseline deduplicated by SHA-256
sources/art/05_export_runtime_candidates/art07_first_batch/props/11_wuzi_xiang.png,6D2CF9DC683B69DF9CB9F428A764CB47F966987DFF426C27F8E8AAD72886BDDC,41258,.png,art_source,registered_exact_duplicate_alias,art/draw baseline deduplicated by SHA-256
sources/art/05_export_runtime_candidates/art07_first_batch/ui/icons/jinbi_icon.png,E6ED6B95506EF88CB28E54E4256737D5BEC22396F1B47B9863029E145962D08E,8516,.png,art_source,registered_exact_duplicate_alias,art/draw baseline deduplicated by SHA-256
sources/art/05_export_runtime_candidates/art07_first_batch/ui/icons/xuetiao_tianchong.png,2B1F1E10F40A7E125C8A056C9F03CA089CC7666587A6B803FA9354E9336AB3E8,8309,.png,art_source,registered_exact_duplicate_alias,art/draw baseline deduplicated by SHA-256
sources/art/05_export_runtime_candidates/art07_first_batch/ui_button_blank/ui_button_blank_dark.png,99DCED078AC8D2DBE127689D8005715F2878185B14884355BCBC4F471FD06A1C,66360,.png,art_source,registered_exact_duplicate_alias,art/draw baseline deduplicated by SHA-256
sources/art/05_export_runtime_candidates/art07_first_batch/ui_deploy_button/ui_button_back_main.png,5426CBCF75284BDE97B98A0E1677C9E78F349DCC6C78224F8E6441343BD0A3E2,18875,.png,art_source,registered_exact_duplicate_alias,art/draw baseline deduplicated by SHA-256
sources/art/05_export_runtime_candidates/art07_first_batch/ui_deploy_button/ui_button_confirm_deploy_large.png,E245F3D25671EAB9C11A437933FB7C8A8D79F5F2129962273AEDBB6A3E2D7873,51391,.png,art_source,registered_exact_duplicate_alias,art/draw baseline deduplicated by SHA-256
sources/art/05_export_runtime_candidates/art07_first_batch/ui_deploy_button/ui_button_nav_loadout.png,55B1B40BBC90B97A1C8FD6F0DAB23476EBCDB0E741748844A8D63F1670E0B74B,15773,.png,art_source,registered_exact_duplicate_alias,art/draw baseline deduplicated by SHA-256
sources/art/05_export_runtime_candidates/art07_first_batch/ui_deploy_button/ui_button_nav_recovery.png,578B1A0498EB34C117F45D78DE7A47DBFA604D2705B953E46940F4317302F02A,20026,.png,art_source,registered_exact_duplicate_alias,art/draw baseline deduplicated by SHA-256
sources/art/05_export_runtime_candidates/art07_first_batch/ui_deploy_button/ui_button_nav_requisition.png,7C55CD1AE2789842C4D079A7B618E84A165AD72267612A3B8642037B3C1A4C8B,15841,.png,art_source,registered_exact_duplicate_alias,art/draw baseline deduplicated by SHA-256
sources/art/05_export_runtime_candidates/art07_first_batch/ui_deploy_button/ui_button_nav_talent_selected.png,E051CF0398847504F69B14E18C65430F81CD9FA50DF712352E85BA169D25BBA0,23470,.png,art_source,registered_exact_duplicate_alias,art/draw baseline deduplicated by SHA-256
sources/art/05_export_runtime_candidates/art07_first_batch/ui_deploy_button/ui_button_nav_warehouse.png,28EAA56504E1F7EA3136BE8AD7478357E03C4E6C28AEB27D67C011CCE416951E,16248,.png,art_source,registered_exact_duplicate_alias,art/draw baseline deduplicated by SHA-256
sources/art/05_export_runtime_candidates/art07_first_batch/ui_deploy_button/ui_key_or_arrow_small_button.png,8A70EF18582AA3D98BD6CA8E32D3790F2F169EA3F0EE43ACACC23F5A89471497,7558,.png,art_source,registered_exact_duplicate_alias,art/draw baseline deduplicated by SHA-256
sources/art/05_export_runtime_candidates/art07_first_batch/ui_deploy_icon/ui_icon_armor.png,29F71E2E65B31F0D3C1F0B6775482351C4837148E4D1773FAC4CB35127DC58F4,6300,.png,art_source,registered_exact_duplicate_alias,art/draw baseline deduplicated by SHA-256
sources/art/05_export_runtime_candidates/art07_first_batch/ui_deploy_icon/ui_icon_backpack.png,B247A2ABA7509D1797376B95136A2D7155D13CC8470EE7233ACF450EFA5A7413,6416,.png,art_source,registered_exact_duplicate_alias,art/draw baseline deduplicated by SHA-256
sources/art/05_export_runtime_candidates/art07_first_batch/ui_deploy_icon/ui_icon_bandage.png,8E5B26EB543E59A1B7D09BCDCC74803D1674BA4D3487C7FB10EE131FA5C18FE9,4341,.png,art_source,registered_exact_duplicate_alias,art/draw baseline deduplicated by SHA-256
sources/art/05_export_runtime_candidates/art07_first_batch/ui_deploy_icon/ui_icon_compass.png,016D4065BFBE7CA6406816F6BBA786C31F9D8CC2EACDD637A5257B822582E285,6890,.png,art_source,registered_exact_duplicate_alias,art/draw baseline deduplicated by SHA-256
sources/art/05_export_runtime_candidates/art07_first_batch/ui_deploy_panel/ui_frame_highlight.png,6A7B4D2BBC7A87236B11F52BEAA8568477428D86A288D987949EC11F1B5DD95D,19642,.png,art_source,registered_exact_duplicate_alias,art/draw baseline deduplicated by SHA-256
sources/art/05_export_runtime_candidates/art07_first_batch/ui_deploy_panel/ui_panel_deploy_main_blank.png,222F475C981FA20063686E3BA1C203A46E04B9B2DBE6C6CDD1C4B5827E9EF525,127236,.png,art_source,registered_exact_duplicate_alias,art/draw baseline deduplicated by SHA-256
sources/art/05_export_runtime_candidates/art07_first_batch/ui_deploy_panel/ui_panel_deploy_summary_blank.png,6893538A28D34001C2FFBF52DE811139936CAD2F24954A0588238A67DAEDFE75,18745,.png,art_source,registered_exact_duplicate_alias,art/draw baseline deduplicated by SHA-256
sources/art/05_export_runtime_candidates/art07_first_batch/ui_key_prompt/ui_key_e.png,819C31BC1070AC5C9832EEA32605584BC6D835ED952A40371AEC308F2379455A,3859,.png,art_source,registered_exact_duplicate_alias,art/draw baseline deduplicated by SHA-256
sources/art/05_export_runtime_candidates/art07_first_batch/ui_key_prompt/ui_key_esc.png,9A9A580FE1A1FB7268A905FA1E04B12576048D1D963CBB02F097E41B821E4EAB,4957,.png,art_source,registered_exact_duplicate_alias,art/draw baseline deduplicated by SHA-256
sources/art/05_export_runtime_candidates/art07_first_batch/ui_key_prompt/ui_key_f.png,EC188529DC43CB042E9EAFF489FBDFDD4B300B046B066FC666D2C4878DF98D87,3879,.png,art_source,registered_exact_duplicate_alias,art/draw baseline deduplicated by SHA-256
sources/art/05_export_runtime_candidates/art07_first_batch/ui_key_prompt/ui_key_m.png,18E737B8021ED01216132B95494A0CB7D83D71D006CC3C87AA83B103140F1FCD,4223,.png,art_source,registered_exact_duplicate_alias,art/draw baseline deduplicated by SHA-256
sources/art/05_export_runtime_candidates/art07_first_batch/ui_key_prompt/ui_key_q.png,099706289B700AEBAF7B6B679E26B2D7D8414FD624B2C7673378629582A79682,4536,.png,art_source,registered_exact_duplicate_alias,art/draw baseline deduplicated by SHA-256
sources/art/05_export_runtime_candidates/art07_first_batch/ui_key_prompt/ui_key_t.png,49AC601D40A4E14B5F76E5906F573C444C0A6D36EACA013B60B1B74C81DD3D47,3688,.png,art_source,registered_exact_duplicate_alias,art/draw baseline deduplicated by SHA-256
sources/art/05_export_runtime_candidates/art07_first_batch/ui_panel/ui_panel_terminal_main.png,4BB57AC94C797BE82FD9B03B1EB708D87E3FE6CD014AF898A059486DCA6EACBC,456147,.png,art_source,registered_exact_duplicate_alias,art/draw baseline deduplicated by SHA-256
sources/art/06_animation_sources/art07_character_candidates/huanxiong/frames/00_front_idle.png,9ABD2C9E3AF672B0E4D98F0F07F175C34A101C0FFF64F622819FB8EFE9B6B0C3,20246,.png,art_source,registered_exact_duplicate_alias,art/draw baseline deduplicated by SHA-256
sources/art/06_animation_sources/art07_character_candidates/huanxiong/frames/01_back_idle.png,E9B055740834A3C1F30DF07A525E41E38F3AACD69414E0B8CC510F58F65D385A,17416,.png,art_source,registered_exact_duplicate_alias,art/draw baseline deduplicated by SHA-256
sources/art/06_animation_sources/art07_character_candidates/huanxiong/frames/02_left_idle.png,9EB6DBF30086F33EBD582D5EFFE7B613C9CFD7B3A6E8D37F8F4F7A49A5C321E7,19063,.png,art_source,registered_exact_duplicate_alias,art/draw baseline deduplicated by SHA-256
sources/art/06_animation_sources/art07_character_candidates/huanxiong/frames/03_right_idle.png,4681B50BE12E74713CDCA3EBDD08FCA4C00D391F08C934E80EEAF41D8E5CF019,19201,.png,art_source,registered_exact_duplicate_alias,art/draw baseline deduplicated by SHA-256
sources/art/06_animation_sources/art07_character_candidates/huanxiong/frames/04_front_walk_1.png,6DEC59A712C863AF9FD06C7A92F6670FC4BE4C7EBE5BC40F8CD6D4A14AB29851,19484,.png,art_source,registered_exact_duplicate_alias,art/draw baseline deduplicated by SHA-256
sources/art/06_animation_sources/art07_character_candidates/huanxiong/frames/05_back_walk_1.png,B40461C59F397F3BBC406ED8538E77AAB433021B4D9D8B396AF243B3B6D04149,16312,.png,art_source,registered_exact_duplicate_alias,art/draw baseline deduplicated by SHA-256
sources/art/06_animation_sources/art07_character_candidates/huanxiong/frames/06_left_walk_1.png,2A0B18CA4B9868F9CA200872A924307B380445397BC4B454FF922B2109EBAB39,19476,.png,art_source,registered_exact_duplicate_alias,art/draw baseline deduplicated by SHA-256
sources/art/06_animation_sources/art07_character_candidates/huanxiong/frames/07_right_walk_1.png,469AED55F996858072CA11BFCC6CDD470EAB5CAE7CE1F1025D09BA00CB368455,19556,.png,art_source,registered_exact_duplicate_alias,art/draw baseline deduplicated by SHA-256
sources/art/06_animation_sources/art07_character_candidates/huanxiong/frames/08_front_walk_2.png,4D26359EB19E56A52CCF494FFA5E335B521EC73A868A34F1111B9312BD34D56B,20031,.png,art_source,registered_exact_duplicate_alias,art/draw baseline deduplicated by SHA-256
sources/art/06_animation_sources/art07_character_candidates/huanxiong/frames/09_back_walk_2.png,12474198BE522A7A4C31D9036F39E117AB803CA2597C34E662E991440B5C594C,16490,.png,art_source,registered_exact_duplicate_alias,art/draw baseline deduplicated by SHA-256
sources/art/06_animation_sources/art07_character_candidates/huanxiong/frames/10_left_walk_2.png,78106A95C4DDF5B00C65AFACF377A7E7AD97ECA627415FE59AFF505F12104676,19342,.png,art_source,registered_exact_duplicate_alias,art/draw baseline deduplicated by SHA-256
sources/art/06_animation_sources/art07_character_candidates/huanxiong/frames/11_right_walk_2.png,CCB99908443F06E0B36E8D9D8CD90ADA52196BDEF87B7FF1596697F37F5D6DF1,19323,.png,art_source,registered_exact_duplicate_alias,art/draw baseline deduplicated by SHA-256
sources/art/06_animation_sources/art07_character_candidates/huli/frames/00_front_idle.png,BE546A2106994AF26E2D8DA9E4D232AD76E5FC647DA7F34A53FF366D797A4243,17807,.png,art_source,registered_exact_duplicate_alias,art/draw baseline deduplicated by SHA-256
sources/art/06_animation_sources/art07_character_candidates/huli/frames/01_back_idle.png,98B1132B2ED6805AF82D379880622399A1D8204C2620107CA1F0118F50EE0B19,15754,.png,art_source,registered_exact_duplicate_alias,art/draw baseline deduplicated by SHA-256
sources/art/06_animation_sources/art07_character_candidates/huli/frames/02_left_idle.png,8CCA7D4F76923864573A1044AB64A7BE9A651105DA4871BA959556EE52DB6438,15965,.png,art_source,registered_exact_duplicate_alias,art/draw baseline deduplicated by SHA-256
sources/art/06_animation_sources/art07_character_candidates/huli/frames/03_right_idle.png,D9517D1F2B1676D7C7B33F7EAC1D686ED050AD9E0B73F4D8E3275259A9FB5980,15878,.png,art_source,registered_exact_duplicate_alias,art/draw baseline deduplicated by SHA-256
sources/art/06_animation_sources/art07_character_candidates/huli/frames/04_front_walk_1.png,A92C61AD08D84C0DCC2D742DE725209B960071C897D82D05F7EDF830534D7787,17809,.png,art_source,registered_exact_duplicate_alias,art/draw baseline deduplicated by SHA-256
sources/art/06_animation_sources/art07_character_candidates/huli/frames/05_back_walk_1.png,D97321CFB4D3007EE7876E7628246B8902582AEC22C58E81DF6220D4EB998F15,15169,.png,art_source,registered_exact_duplicate_alias,art/draw baseline deduplicated by SHA-256
sources/art/06_animation_sources/art07_character_candidates/huli/frames/06_left_walk_1.png,6F83ACB86E816753E3F9E8210EFB09A43184F629AD8D98C80844536D00498538,16429,.png,art_source,registered_exact_duplicate_alias,art/draw baseline deduplicated by SHA-256
sources/art/06_animation_sources/art07_character_candidates/huli/frames/07_right_walk_1.png,B53B94A746718D09125448E3A7F10A87FE88AF977AC2C537D046285266FAEB41,16315,.png,art_source,registered_exact_duplicate_alias,art/draw baseline deduplicated by SHA-256
sources/art/06_animation_sources/art07_character_candidates/huli/frames/08_front_walk_2.png,33C925C169926E7B3F6F6B912BBE5439F7CA16E0AAC835663FD92E8A838D194A,17899,.png,art_source,registered_exact_duplicate_alias,art/draw baseline deduplicated by SHA-256
sources/art/06_animation_sources/art07_character_candidates/huli/frames/09_back_walk_2.png,C38DD962BE94F967DB703F8CF59DB9A18C44CF21FE6BC256529AB75D3A236757,15600,.png,art_source,registered_exact_duplicate_alias,art/draw baseline deduplicated by SHA-256
sources/art/06_animation_sources/art07_character_candidates/huli/frames/10_left_walk_2.png,4F2D2826CF57611D0341665A58709ADCCB0E9A1DC2C1CB80EF7150EC58CB198B,16548,.png,art_source,registered_exact_duplicate_alias,art/draw baseline deduplicated by SHA-256
sources/art/06_animation_sources/art07_character_candidates/huli/frames/11_right_walk_2.png,AA570BD1D0F49DA98CB9EDD161021636795CECB0EE9DBB00A2A6FAE4F3CBA717,16357,.png,art_source,registered_exact_duplicate_alias,art/draw baseline deduplicated by SHA-256
sources/art/06_animation_sources/art07_character_candidates/mao/frames/00_front_idle.png,145BA2DDB4A4E1F8C0869F40CF41694E65D858EABCB547A6C726854A1CDC37FD,19346,.png,art_source,registered_exact_duplicate_alias,art/draw baseline deduplicated by SHA-256
sources/art/06_animation_sources/art07_character_candidates/mao/frames/01_back_idle.png,4AE13C333B8E39E410AF5A0005D7709E5BCC4289F725109593599393373DD2D2,16838,.png,art_source,registered_exact_duplicate_alias,art/draw baseline deduplicated by SHA-256
sources/art/06_animation_sources/art07_character_candidates/mao/frames/02_left_idle.png,2FE6687C3A1DF378CD2CFAD3BAF39A4D5126068113979EBCD385FB3C357F8DA8,17452,.png,art_source,registered_exact_duplicate_alias,art/draw baseline deduplicated by SHA-256
sources/art/06_animation_sources/art07_character_candidates/mao/frames/03_right_idle.png,83FB59E63D1E0E48C6EC9E11FCCB0F6050EA44FC9CC71C1A4F4202835078E0F2,17338,.png,art_source,registered_exact_duplicate_alias,art/draw baseline deduplicated by SHA-256
sources/art/06_animation_sources/art07_character_candidates/mao/frames/04_front_walk_1.png,A413697C19777B06FA4AB01552EDBADD0DA3376425BB1176572CD38DB6B0951D,18302,.png,art_source,registered_exact_duplicate_alias,art/draw baseline deduplicated by SHA-256
sources/art/06_animation_sources/art07_character_candidates/mao/frames/05_back_walk_1.png,03CB44E292793CE64EAE9A42E507704CAC91418D25ABAF4EBEF563E26C9437BC,16416,.png,art_source,registered_exact_duplicate_alias,art/draw baseline deduplicated by SHA-256
sources/art/06_animation_sources/art07_character_candidates/mao/frames/06_left_walk_1.png,BE3B4733049F501E709E0DC508D687359150FF7E2D4BA730937DA3F05B76290A,17604,.png,art_source,registered_exact_duplicate_alias,art/draw baseline deduplicated by SHA-256
sources/art/06_animation_sources/art07_character_candidates/mao/frames/07_right_walk_1.png,63585E63BD4BFA250387545C54B274B332996820F52C260ADAC6C80FCA0B20FC,17519,.png,art_source,registered_exact_duplicate_alias,art/draw baseline deduplicated by SHA-256
sources/art/06_animation_sources/art07_character_candidates/mao/frames/08_front_walk_2.png,1B8ECF7AE2E688B7F9C3313F324862E677DF99268DE3213C3007CB3382507D03,18880,.png,art_source,registered_exact_duplicate_alias,art/draw baseline deduplicated by SHA-256
sources/art/06_animation_sources/art07_character_candidates/mao/frames/09_back_walk_2.png,2DCD2615FFB6CDD7D0802559C6E2CC75949856251ADF83501BA7C717AB466301,16324,.png,art_source,registered_exact_duplicate_alias,art/draw baseline deduplicated by SHA-256
sources/art/06_animation_sources/art07_character_candidates/mao/frames/10_left_walk_2.png,6BFEDA6E74B6B95002ED60C40660298210F1887A71308ABDEA1E9C3F577D13D6,17858,.png,art_source,registered_exact_duplicate_alias,art/draw baseline deduplicated by SHA-256
sources/art/06_animation_sources/art07_character_candidates/mao/frames/11_right_walk_2.png,BDD834DB4C9423E7522A82D2D3EE0E2F4EAAD58B54BB6F4A39AC58E7C519714D,17797,.png,art_source,registered_exact_duplicate_alias,art/draw baseline deduplicated by SHA-256
sources/art/06_animation_sources/art07_character_candidates/tuzi/frames/00_front_idle.png,989C2586AFC3FBD0846B67CC285651C0F09C6C141F1B6F2D75019C2A8C89E565,14893,.png,art_source,registered_exact_duplicate_alias,art/draw baseline deduplicated by SHA-256
sources/art/06_animation_sources/art07_character_candidates/tuzi/frames/01_back_idle.png,47B724F47932A1370FD3F961BC3710D4C4195864FE3A4805CD34B5978AB35F9B,13806,.png,art_source,registered_exact_duplicate_alias,art/draw baseline deduplicated by SHA-256
sources/art/06_animation_sources/art07_character_candidates/tuzi/frames/02_left_idle.png,87DC591C293C5C610F82B1E7ACB7DA53E45B79A0D1BA56E1E807EFF98DD4B46B,14427,.png,art_source,registered_exact_duplicate_alias,art/draw baseline deduplicated by SHA-256
sources/art/06_animation_sources/art07_character_candidates/tuzi/frames/03_right_idle.png,568BC36ABCBA7DD089184C42283E2C1A3A09FCB96D25A64631F48648A8FCE456,14673,.png,art_source,registered_exact_duplicate_alias,art/draw baseline deduplicated by SHA-256
sources/art/06_animation_sources/art07_character_candidates/tuzi/frames/04_front_walk_1.png,3152AE6376B3265C1F1DD56F11FA110802726DE770468195C6C7BCC3C64322DF,14896,.png,art_source,registered_exact_duplicate_alias,art/draw baseline deduplicated by SHA-256
sources/art/06_animation_sources/art07_character_candidates/tuzi/frames/05_back_walk_1.png,A2A1FC6F06FF272C692237019295CFA09D222D92B65C5C62E74EB3162553434C,13297,.png,art_source,registered_exact_duplicate_alias,art/draw baseline deduplicated by SHA-256
sources/art/06_animation_sources/art07_character_candidates/tuzi/frames/06_left_walk_1.png,DF19586C37BD705794FBA4E36C0E1F643735B6500EDBF15E9B25E33135196AEA,15114,.png,art_source,registered_exact_duplicate_alias,art/draw baseline deduplicated by SHA-256
sources/art/06_animation_sources/art07_character_candidates/tuzi/frames/07_right_walk_1.png,2731167C3DA031A924F2D1A2F99E4DFB2AF2D014F9214672678C4C6A353F50FB,15140,.png,art_source,registered_exact_duplicate_alias,art/draw baseline deduplicated by SHA-256
sources/art/06_animation_sources/art07_character_candidates/tuzi/frames/08_front_walk_2.png,17CFC58F79B41840BFE8CAA8742FC0AD80EF5CC8D6E8F9802C65693A23F23F13,14642,.png,art_source,registered_exact_duplicate_alias,art/draw baseline deduplicated by SHA-256
sources/art/06_animation_sources/art07_character_candidates/tuzi/frames/09_back_walk_2.png,2F832C4B4DE0DF4262F82B6F5FA594837FE417B1D8CB19411E610C1B233C22AD,13279,.png,art_source,registered_exact_duplicate_alias,art/draw baseline deduplicated by SHA-256
sources/art/06_animation_sources/art07_character_candidates/tuzi/frames/10_left_walk_2.png,CDF41E9D8C417F2920EFDEC45ED8850A2310364FD5A46BD68A5F52AABBEAF35F,15195,.png,art_source,registered_exact_duplicate_alias,art/draw baseline deduplicated by SHA-256
sources/art/06_animation_sources/art07_character_candidates/tuzi/frames/11_right_walk_2.png,7F9BF90DF8E3A5E8BE5C592B498A4FD942A0FC0AE80F1CCC32F10FCB132F3C6F,15486,.png,art_source,registered_exact_duplicate_alias,art/draw baseline deduplicated by SHA-256
sources/art/07_sprite_sheets/art07_character_candidates/huanxiong/huanxiong_sheet.png,FD9F44BAEC60D4BEEB389CD3D99CD6E3F70BBA11F2B60C93FD4FC90AF5F1E83B,223139,.png,art_source,registered_exact_duplicate_alias,art/draw baseline deduplicated by SHA-256
sources/art/07_sprite_sheets/art07_character_candidates/huli/huli_sheet.png,D42ADC481A368547C84B2FA6DB36DCBDAAF9A85458202EB0FF71756480931B91,195052,.png,art_source,registered_exact_duplicate_alias,art/draw baseline deduplicated by SHA-256
sources/art/07_sprite_sheets/art07_character_candidates/mao/mao_sheet.png,F9DDF13447DA0A7723B23D25776E7933D4C52D64EBE859ED0022EDA5EEB2893B,209160,.png,art_source,registered_exact_duplicate_alias,art/draw baseline deduplicated by SHA-256
sources/art/07_sprite_sheets/art07_character_candidates/tuzi/tuzi_sheet.png,7BE0712A8D32583A3B557E02DA9782A23352F88828C2A88FC963C5E5E1CE65BE,172492,.png,art_source,registered_exact_duplicate_alias,art/draw baseline deduplicated by SHA-256
sources/art/08_visual_targets/ui_mockups/6.17问题1.png,5B74ACCCAF1D3C7AA7325971D5C9F2F65F2CCB9E74E06E500B311DACB645A4EB,380812,.png,art_source,registered_exact_duplicate_alias,art/draw baseline deduplicated by SHA-256
sources/art/08_visual_targets/ui_mockups/6.17问题2.png,C50C9C9B808BFE133259FE7ABEC56661334D5C34F9CCE879322E2FC4DCE7B9E0,86145,.png,art_source,registered_exact_duplicate_alias,art/draw baseline deduplicated by SHA-256
sources/art/08_visual_targets/ui_mockups/6.17问题3.png,A969173AEFD53D498396DE663F5932B4F770FCBCE4AE06169F8CC949B9C85D3A,54411,.png,art_source,registered_exact_duplicate_alias,art/draw baseline deduplicated by SHA-256
sources/art/08_visual_targets/ui_mockups/6.17问题4.png,BA20EF90C83152B6AA12BB2367DC29D0E1CC7460AFE924BA4F85B39600C04211,310807,.png,art_source,registered_exact_duplicate_alias,art/draw baseline deduplicated by SHA-256
sources/art/08_visual_targets/ui_mockups/主菜单确定.png,9B3B8F361388D6C773AAC18B92CDB58BF7FFC3BE454A5AD636E68FEA89228B89,2437952,.png,art_source,registered_exact_duplicate_alias,art/draw baseline deduplicated by SHA-256
sources/art/08_visual_targets/ui_mockups/主菜单示例.png,C189069D2D82119ACF6E9A03E6BF77AB9657018F34801F283917521F3E224A2C,2343529,.png,art_source,registered_exact_duplicate_alias,art/draw baseline deduplicated by SHA-256
sources/art/08_visual_targets/ui_mockups/出发探索确定.png,FDABA44239587B784C10278C45BEE93B01167F024C714FD956265BDE263D2F36,2227655,.png,art_source,registered_exact_duplicate_alias,art/draw baseline deduplicated by SHA-256
sources/art/08_visual_targets/ui_mockups/出发探索示例.png,1DB793A623237CEDB1F0C9F3B3B698FFD6ACAB43CC4D9DBF181BB1B481CA1426,2320609,.png,art_source,registered_exact_duplicate_alias,art/draw baseline deduplicated by SHA-256
sources/art/08_visual_targets/ui_mockups/长期系统确定.png,4828A818409AC8CB5EA21583514F03F365EC263A6C3CF892DB86D0C76940BA65,2314812,.png,art_source,registered_exact_duplicate_alias,art/draw baseline deduplicated by SHA-256
sources/art/08_visual_targets/ui_mockups/长期系统示例.png,6AC929DBC2180AB825D7BB0515126CA161FB3B504811F05A646D128BA10EB77B,2159315,.png,art_source,registered_exact_duplicate_alias,art/draw baseline deduplicated by SHA-256
sources/art/_registry/export_manifest.csv,96DC90E76A86E8529621197AD617FD9B6A9096A6BEB5BD8B2CF24928BE4FE2E6,31863,.csv,art_source,imported_canonical_content_object,art/draw baseline deduplicated by SHA-256
sources/art/_registry/generation_log.csv,0E0D1EBF9D41D30711E1328C410DA79A35F98661A56F9A6CA80B6A27DD9A097E,432,.csv,art_source,imported_canonical_content_object,art/draw baseline deduplicated by SHA-256
sources/art/_registry/review_status.csv,F252F62E6B5A3A0006FFAE739FBE70514146B95036BB5A102C326726A384C38A,75871,.csv,art_source,imported_canonical_content_object,art/draw baseline deduplicated by SHA-256
sources/art/_registry/source_registry.csv,67314BE37E0F5B090E197D1A3BA5F4B4823AC875FF3B4502F4046E2EEAC75660,94016,.csv,art_source,imported_canonical_content_object,art/draw baseline deduplicated by SHA-256
sources/art/ART-13/屏幕截图 2026-06-28 191650.png,088636C54FBD78B080444BD07E3C77710845F94A70156BB714D362C9EE53F7BD,2986981,.png,art_source,imported_canonical_content_object,art/draw baseline deduplicated by SHA-256
sources/art/ART-13/屏幕截图 2026-06-28 191702.png,001219FF107548FE3C12FB9DB8EFB3813153E172ECCD377899E83759EA173A01,2963516,.png,art_source,imported_canonical_content_object,art/draw baseline deduplicated by SHA-256
sources/art/ART-13/屏幕截图 2026-06-28 191708.png,D771A70976E7895680D436342EF39A58F8A7F277EF0CB1FE777DEAC655013F15,3371260,.png,art_source,imported_canonical_content_object,art/draw baseline deduplicated by SHA-256
sources/art/ART-13/屏幕截图 2026-06-28 191739.png,81C37CE815B604432E7410C402340FD03020B92FF4D9045C1C0F37F7364E4826,155264,.png,art_source,imported_canonical_content_object,art/draw baseline deduplicated by SHA-256
sources/art/ART-13/屏幕截图 2026-06-28 192310.png,772B772D433D01C21D41EF1208B2CC4D9382D0A0C4ADF8C1DBC45E834C5AB131,4207088,.png,art_source,imported_canonical_content_object,art/draw baseline deduplicated by SHA-256
sources/art/ART-13/屏幕截图 2026-06-28 192314.png,CA08B11B5A03D8F5F7AD54F7A8656408D0ED01EC124BC73564150FF2DB9B60C7,385381,.png,art_source,imported_canonical_content_object,art/draw baseline deduplicated by SHA-256
sources/art/ART-14/A1.png,3E92E296E7E8A42CDC94EC94288C35BF2779FDB2E36929F0110C24D57004BF7F,2786178,.png,art_source,registered_exact_duplicate_alias,art/draw baseline deduplicated by SHA-256
sources/art/ART-14/屏幕截图 2026-06-29 095441.png,38AD107A0AE8B34666480F97D7962A8406D6B89AB42235E18ADC42F3B51E4295,614123,.png,art_source,imported_canonical_content_object,art/draw baseline deduplicated by SHA-256
sources/art/ART-14/屏幕截图 2026-06-29 095447.png,FFC40395BB19FE5823D27BE9E411601B69B5EC3FCB8C67B757942E70C3D4FC29,207605,.png,art_source,imported_canonical_content_object,art/draw baseline deduplicated by SHA-256
sources/art/ART-14/屏幕截图 2026-06-29 095454.png,235BD44CF4F8BCCF6153DF205CB76C6E1A87E3A79EFCEBB9D1590D3FA29DC02B,672630,.png,art_source,imported_canonical_content_object,art/draw baseline deduplicated by SHA-256
sources/art/ART-14/屏幕截图 2026-06-29 095517.png,78046F78A6E8ABDC40994F44D51EE86B3CACDD1A433CD25858AB02AD13ACEB94,303994,.png,art_source,imported_canonical_content_object,art/draw baseline deduplicated by SHA-256
sources/art/ART-20/01_staging_from_draw/draw_30_game_ready/item_consumable/item_consumable_medkit.png,EC58BAE34F8CBD3612E8B9DC2326285126BA1CC34BD20246CF1BB78AC7AABB90,6194,.png,art_source,registered_exact_duplicate_alias,art/draw baseline deduplicated by SHA-256
sources/art/ART-20/01_staging_from_draw/draw_30_game_ready/item_consumable/item_consumable_syringe.png,1D103D257DFA58ADF097BE31493DC94906836857DF6431B6D42065EA61FCDB45,4756,.png,art_source,registered_exact_duplicate_alias,art/draw baseline deduplicated by SHA-256
sources/art/ART-20/01_staging_from_draw/draw_30_game_ready/item_equipment/item_equipment_flashlight.png,339826ACF7CEB1736B2A3D4B172022B0CD1ACE084AC49FEAA2DF65D5793C4A35,5290,.png,art_source,registered_exact_duplicate_alias,art/draw baseline deduplicated by SHA-256
sources/art/ART-20/01_staging_from_draw/draw_30_game_ready/item_equipment/item_equipment_goggles.png,24462587E2902253A8383BE61EDFA1EC3118A0FE4F1610840FD165309B80A335,7090,.png,art_source,registered_exact_duplicate_alias,art/draw baseline deduplicated by SHA-256
sources/art/ART-20/01_staging_from_draw/draw_30_game_ready/main_menu/main_menu_bg_no_text.png,AC521358BBEFB53300C41E9B562D0610C707948DE891650B34CD037D572E4313,2904266,.png,art_source,registered_exact_duplicate_alias,art/draw baseline deduplicated by SHA-256
sources/art/ART-20/01_staging_from_draw/draw_30_game_ready/ui_button_blank/ui_button_blank_dark.png,99DCED078AC8D2DBE127689D8005715F2878185B14884355BCBC4F471FD06A1C,66360,.png,art_source,registered_exact_duplicate_alias,art/draw baseline deduplicated by SHA-256
sources/art/ART-20/01_staging_from_draw/draw_30_game_ready/ui_deploy_button/ui_button_confirm_deploy_large.png,E245F3D25671EAB9C11A437933FB7C8A8D79F5F2129962273AEDBB6A3E2D7873,51391,.png,art_source,registered_exact_duplicate_alias,art/draw baseline deduplicated by SHA-256
sources/art/ART-20/01_staging_from_draw/draw_30_game_ready/ui_deploy_button/ui_button_nav_loadout.png,55B1B40BBC90B97A1C8FD6F0DAB23476EBCDB0E741748844A8D63F1670E0B74B,15773,.png,art_source,registered_exact_duplicate_alias,art/draw baseline deduplicated by SHA-256
sources/art/ART-20/01_staging_from_draw/draw_30_game_ready/ui_deploy_button/ui_button_nav_recovery.png,578B1A0498EB34C117F45D78DE7A47DBFA604D2705B953E46940F4317302F02A,20026,.png,art_source,registered_exact_duplicate_alias,art/draw baseline deduplicated by SHA-256
sources/art/ART-20/01_staging_from_draw/draw_30_game_ready/ui_deploy_button/ui_button_nav_requisition.png,7C55CD1AE2789842C4D079A7B618E84A165AD72267612A3B8642037B3C1A4C8B,15841,.png,art_source,registered_exact_duplicate_alias,art/draw baseline deduplicated by SHA-256
sources/art/ART-20/01_staging_from_draw/draw_30_game_ready/ui_deploy_button/ui_button_nav_talent_selected.png,E051CF0398847504F69B14E18C65430F81CD9FA50DF712352E85BA169D25BBA0,23470,.png,art_source,registered_exact_duplicate_alias,art/draw baseline deduplicated by SHA-256
sources/art/ART-20/01_staging_from_draw/draw_30_game_ready/ui_deploy_button/ui_button_nav_warehouse.png,28EAA56504E1F7EA3136BE8AD7478357E03C4E6C28AEB27D67C011CCE416951E,16248,.png,art_source,registered_exact_duplicate_alias,art/draw baseline deduplicated by SHA-256
sources/art/ART-20/01_staging_from_draw/draw_30_game_ready/ui_deploy_icon/ui_icon_armor.png,29F71E2E65B31F0D3C1F0B6775482351C4837148E4D1773FAC4CB35127DC58F4,6300,.png,art_source,registered_exact_duplicate_alias,art/draw baseline deduplicated by SHA-256
sources/art/ART-20/01_staging_from_draw/draw_30_game_ready/ui_deploy_icon/ui_icon_backpack.png,B247A2ABA7509D1797376B95136A2D7155D13CC8470EE7233ACF450EFA5A7413,6416,.png,art_source,registered_exact_duplicate_alias,art/draw baseline deduplicated by SHA-256
sources/art/ART-20/01_staging_from_draw/draw_30_game_ready/ui_deploy_icon/ui_icon_bandage.png,8E5B26EB543E59A1B7D09BCDCC74803D1674BA4D3487C7FB10EE131FA5C18FE9,4341,.png,art_source,registered_exact_duplicate_alias,art/draw baseline deduplicated by SHA-256
sources/art/ART-20/01_staging_from_draw/draw_30_game_ready/ui_deploy_icon/ui_icon_compass.png,016D4065BFBE7CA6406816F6BBA786C31F9D8CC2EACDD637A5257B822582E285,6890,.png,art_source,registered_exact_duplicate_alias,art/draw baseline deduplicated by SHA-256
sources/art/ART-20/01_staging_from_draw/draw_30_game_ready/ui_deploy_panel/ui_frame_highlight.png,6A7B4D2BBC7A87236B11F52BEAA8568477428D86A288D987949EC11F1B5DD95D,19642,.png,art_source,registered_exact_duplicate_alias,art/draw baseline deduplicated by SHA-256
sources/art/ART-20/01_staging_from_draw/draw_30_game_ready/ui_deploy_panel/ui_panel_deploy_main_blank.png,222F475C981FA20063686E3BA1C203A46E04B9B2DBE6C6CDD1C4B5827E9EF525,127236,.png,art_source,registered_exact_duplicate_alias,art/draw baseline deduplicated by SHA-256
sources/art/ART-20/01_staging_from_draw/draw_30_game_ready/ui_deploy_panel/ui_panel_deploy_summary_blank.png,6893538A28D34001C2FFBF52DE811139936CAD2F24954A0588238A67DAEDFE75,18745,.png,art_source,registered_exact_duplicate_alias,art/draw baseline deduplicated by SHA-256
sources/art/ART-20/01_staging_from_draw/draw_30_game_ready/ui_key_prompt/ui_key_e.png,819C31BC1070AC5C9832EEA32605584BC6D835ED952A40371AEC308F2379455A,3859,.png,art_source,registered_exact_duplicate_alias,art/draw baseline deduplicated by SHA-256
sources/art/ART-20/01_staging_from_draw/draw_30_game_ready/ui_key_prompt/ui_key_esc.png,9A9A580FE1A1FB7268A905FA1E04B12576048D1D963CBB02F097E41B821E4EAB,4957,.png,art_source,registered_exact_duplicate_alias,art/draw baseline deduplicated by SHA-256
sources/art/ART-20/01_staging_from_draw/draw_30_game_ready/ui_key_prompt/ui_key_f.png,EC188529DC43CB042E9EAFF489FBDFDD4B300B046B066FC666D2C4878DF98D87,3879,.png,art_source,registered_exact_duplicate_alias,art/draw baseline deduplicated by SHA-256
sources/art/ART-20/01_staging_from_draw/draw_30_game_ready/ui_key_prompt/ui_key_m.png,18E737B8021ED01216132B95494A0CB7D83D71D006CC3C87AA83B103140F1FCD,4223,.png,art_source,registered_exact_duplicate_alias,art/draw baseline deduplicated by SHA-256
sources/art/ART-20/01_staging_from_draw/draw_30_game_ready/ui_key_prompt/ui_key_q.png,099706289B700AEBAF7B6B679E26B2D7D8414FD624B2C7673378629582A79682,4536,.png,art_source,registered_exact_duplicate_alias,art/draw baseline deduplicated by SHA-256
sources/art/ART-20/01_staging_from_draw/draw_30_game_ready/ui_key_prompt/ui_key_t.png,49AC601D40A4E14B5F76E5906F573C444C0A6D36EACA013B60B1B74C81DD3D47,3688,.png,art_source,registered_exact_duplicate_alias,art/draw baseline deduplicated by SHA-256
sources/art/ART-20/01_staging_from_draw/draw_30_game_ready/ui_panel/ui_panel_terminal_main.png,4BB57AC94C797BE82FD9B03B1EB708D87E3FE6CD014AF898A059486DCA6EACBC,456147,.png,art_source,registered_exact_duplicate_alias,art/draw baseline deduplicated by SHA-256
sources/art/ART-20/01_staging_from_draw/draw_30_game_ready/ui_summary_bar/ui_bar_blank_dark.png,DDE95EBD216C273230DE0E2776F445AE97D38B4C370FC2C4765AC24CFC468558,28665,.png,art_source,registered_exact_duplicate_alias,art/draw baseline deduplicated by SHA-256
sources/art/ART-20/03_cut_output/deploy_prep/deploy_equipment_slot/deploy_equipment_slot_item_consumable_medkit.png,299DBA040724779167760A179AD82B307A6801D67064BFFF1B29044572F6A098,12218,.png,art_source,imported_canonical_content_object,art/draw baseline deduplicated by SHA-256
sources/art/ART-20/03_cut_output/deploy_prep/deploy_equipment_slot/deploy_equipment_slot_item_consumable_syringe.png,02EE662BC4F0D4E6B3FDE8C42372449C20F9410CCC54B515209876BAA823E356,8486,.png,art_source,imported_canonical_content_object,art/draw baseline deduplicated by SHA-256
sources/art/ART-20/03_cut_output/deploy_prep/deploy_equipment_slot/deploy_equipment_slot_item_equipment_flashlight.png,54F22EC3F62C8AA997EAF7FD7FC293FC31C72119D48CB253342DC979CD20FFB7,9191,.png,art_source,imported_canonical_content_object,art/draw baseline deduplicated by SHA-256
sources/art/ART-20/03_cut_output/deploy_prep/deploy_equipment_slot/deploy_equipment_slot_item_equipment_goggles.png,BFA0E7155CB95526F3BFC41E3CED30A35F442B26AA765770626848EE9B9BBEAC,11758,.png,art_source,imported_canonical_content_object,art/draw baseline deduplicated by SHA-256
sources/art/ART-20/03_cut_output/deploy_prep/deploy_equipment_slot/deploy_equipment_slot_ui_icon_armor.png,46AB54EE9D6EB956109F08922F4D49ACAEC4F47EF264EBD8C13E2BFDFF68B6C0,12748,.png,art_source,imported_canonical_content_object,art/draw baseline deduplicated by SHA-256
sources/art/ART-20/03_cut_output/deploy_prep/deploy_equipment_slot/deploy_equipment_slot_ui_icon_backpack.png,3A8096B7239B7BA9E2470977603D66D850A08B3565DF463B5A492071A681DB60,11175,.png,art_source,imported_canonical_content_object,art/draw baseline deduplicated by SHA-256
sources/art/ART-20/03_cut_output/deploy_prep/deploy_equipment_slot/deploy_equipment_slot_ui_icon_bandage.png,379A5FF323D78C2766993C24FC262BADCF10D008E4EB995821367BF7BE921D02,10048,.png,art_source,imported_canonical_content_object,art/draw baseline deduplicated by SHA-256
sources/art/ART-20/03_cut_output/deploy_prep/deploy_equipment_slot/deploy_equipment_slot_ui_icon_compass.png,9F2B1F9882C1D3E4C76DEAC5FBFF5A4158831DB6D6FCCF9F9AC1899FC31B700B,13265,.png,art_source,imported_canonical_content_object,art/draw baseline deduplicated by SHA-256
sources/art/ART-20/03_cut_output/deploy_prep/deploy_primary_tab_row/ui_deploy_prep_tab_primary_loadout.png,55B1B40BBC90B97A1C8FD6F0DAB23476EBCDB0E741748844A8D63F1670E0B74B,15773,.png,art_source,registered_exact_duplicate_alias,art/draw baseline deduplicated by SHA-256
sources/art/ART-20/03_cut_output/deploy_prep/deploy_primary_tab_row/ui_deploy_prep_tab_primary_recovery.png,578B1A0498EB34C117F45D78DE7A47DBFA604D2705B953E46940F4317302F02A,20026,.png,art_source,registered_exact_duplicate_alias,art/draw baseline deduplicated by SHA-256
sources/art/ART-20/03_cut_output/deploy_prep/deploy_primary_tab_row/ui_deploy_prep_tab_primary_requisition.png,7C55CD1AE2789842C4D079A7B618E84A165AD72267612A3B8642037B3C1A4C8B,15841,.png,art_source,registered_exact_duplicate_alias,art/draw baseline deduplicated by SHA-256
sources/art/ART-20/03_cut_output/deploy_prep/deploy_primary_tab_row/ui_deploy_prep_tab_primary_selected.png,E051CF0398847504F69B14E18C65430F81CD9FA50DF712352E85BA169D25BBA0,23470,.png,art_source,registered_exact_duplicate_alias,art/draw baseline deduplicated by SHA-256
sources/art/ART-20/03_cut_output/deploy_prep/deploy_primary_tab_row/ui_deploy_prep_tab_primary_warehouse.png,28EAA56504E1F7EA3136BE8AD7478357E03C4E6C28AEB27D67C011CCE416951E,16248,.png,art_source,registered_exact_duplicate_alias,art/draw baseline deduplicated by SHA-256
sources/art/ART-20/03_cut_output/deploy_prep/deploy_right_summary_module/deploy_right_summary_module_ui_panel_deploy_summary_blank.png,6893538A28D34001C2FFBF52DE811139936CAD2F24954A0588238A67DAEDFE75,18745,.png,art_source,registered_exact_duplicate_alias,art/draw baseline deduplicated by SHA-256
sources/art/ART-20/03_cut_output/deploy_prep/deploy_route_card/deploy_route_card_ui_frame_highlight.png,6A7B4D2BBC7A87236B11F52BEAA8568477428D86A288D987949EC11F1B5DD95D,19642,.png,art_source,registered_exact_duplicate_alias,art/draw baseline deduplicated by SHA-256
sources/art/ART-20/03_cut_output/deploy_prep/deploy_route_card/ui_deploy_route_card_selected.png,222F475C981FA20063686E3BA1C203A46E04B9B2DBE6C6CDD1C4B5827E9EF525,127236,.png,art_source,registered_exact_duplicate_alias,art/draw baseline deduplicated by SHA-256
sources/art/ART-20/03_cut_output/deploy_prep/deploy_start_and_secondary_actions/ui_shared_button_primary_gold_normal.png,E245F3D25671EAB9C11A437933FB7C8A8D79F5F2129962273AEDBB6A3E2D7873,51391,.png,art_source,registered_exact_duplicate_alias,art/draw baseline deduplicated by SHA-256
sources/art/ART-20/03_cut_output/long_term/longterm_collection_card/longterm_collection_card_ui_frame_highlight.png,6516D1B998D9F74874A605401C805E4EAF24F8149F61F6A369B6C360E6281FCF,28298,.png,art_source,imported_canonical_content_object,art/draw baseline deduplicated by SHA-256
sources/art/ART-20/03_cut_output/long_term/longterm_collection_card/longterm_collection_card_ui_panel_terminal_main.png,5A76F645DF4DCD6242332FC77FAF072CA86BEE7FFF7D876983E578E09373E3F7,23669,.png,art_source,imported_canonical_content_object,art/draw baseline deduplicated by SHA-256
sources/art/ART-20/03_cut_output/long_term/longterm_right_archive_modules/longterm_right_archive_modules_ui_bar_blank_dark.png,DDE95EBD216C273230DE0E2776F445AE97D38B4C370FC2C4765AC24CFC468558,28665,.png,art_source,registered_exact_duplicate_alias,art/draw baseline deduplicated by SHA-256
sources/art/ART-20/03_cut_output/long_term/longterm_right_archive_modules/longterm_right_archive_modules_ui_panel_deploy_summary_blank.png,6893538A28D34001C2FFBF52DE811139936CAD2F24954A0588238A67DAEDFE75,18745,.png,art_source,registered_exact_duplicate_alias,art/draw baseline deduplicated by SHA-256
sources/art/ART-20/03_cut_output/long_term/longterm_top_switch_tabs/ui_long_term_tab_primary_loadout.png,55B1B40BBC90B97A1C8FD6F0DAB23476EBCDB0E741748844A8D63F1670E0B74B,15773,.png,art_source,registered_exact_duplicate_alias,art/draw baseline deduplicated by SHA-256
sources/art/ART-20/03_cut_output/long_term/longterm_top_switch_tabs/ui_long_term_tab_primary_recovery.png,578B1A0498EB34C117F45D78DE7A47DBFA604D2705B953E46940F4317302F02A,20026,.png,art_source,registered_exact_duplicate_alias,art/draw baseline deduplicated by SHA-256
sources/art/ART-20/03_cut_output/long_term/longterm_top_switch_tabs/ui_long_term_tab_primary_requisition.png,7C55CD1AE2789842C4D079A7B618E84A165AD72267612A3B8642037B3C1A4C8B,15841,.png,art_source,registered_exact_duplicate_alias,art/draw baseline deduplicated by SHA-256
sources/art/ART-20/03_cut_output/long_term/longterm_top_switch_tabs/ui_long_term_tab_primary_selected.png,E051CF0398847504F69B14E18C65430F81CD9FA50DF712352E85BA169D25BBA0,23470,.png,art_source,registered_exact_duplicate_alias,art/draw baseline deduplicated by SHA-256
sources/art/ART-20/03_cut_output/long_term/longterm_top_switch_tabs/ui_long_term_tab_primary_warehouse.png,28EAA56504E1F7EA3136BE8AD7478357E03C4E6C28AEB27D67C011CCE416951E,16248,.png,art_source,registered_exact_duplicate_alias,art/draw baseline deduplicated by SHA-256
sources/art/ART-20/03_cut_output/main_menu/main_menu_background_base/ui_main_menu_background_base_hall.png,467F4977B198F418D5FF2701F62147BB6AF09EA99AC3F15B7FED1638A8A04BA8,3363561,.png,art_source,imported_canonical_content_object,art/draw baseline deduplicated by SHA-256
sources/art/ART-20/03_cut_output/main_menu/main_menu_entry_button_large/main_menu_entry_button_large_ui_button_blank_dark.png,99DCED078AC8D2DBE127689D8005715F2878185B14884355BCBC4F471FD06A1C,66360,.png,art_source,registered_exact_duplicate_alias,art/draw baseline deduplicated by SHA-256
sources/art/ART-20/03_cut_output/main_menu/main_menu_entry_button_large/main_menu_entry_button_large_ui_button_confirm_deploy_large.png,E245F3D25671EAB9C11A437933FB7C8A8D79F5F2129962273AEDBB6A3E2D7873,51391,.png,art_source,registered_exact_duplicate_alias,art/draw baseline deduplicated by SHA-256
sources/art/ART-20/03_cut_output/map_overlay/map_overlay_fullscreen_backplate/map_overlay_fullscreen_backplate_ui_panel_terminal_main.png,4BB57AC94C797BE82FD9B03B1EB708D87E3FE6CD014AF898A059486DCA6EACBC,456147,.png,art_source,registered_exact_duplicate_alias,art/draw baseline deduplicated by SHA-256
sources/art/ART-20/03_cut_output/run_hud/run_bottom_info_bar/run_bottom_info_bar_ui_bar_blank_dark.png,DDE95EBD216C273230DE0E2776F445AE97D38B4C370FC2C4765AC24CFC468558,28665,.png,art_source,registered_exact_duplicate_alias,art/draw baseline deduplicated by SHA-256
sources/art/ART-20/03_cut_output/run_hud/run_bottom_key_bar_button/run_bottom_key_bar_button_ui_button_blank_dark.png,2FAA1604C8F583E61E69ADF61329B7EB9BD201B8E229362F3E48C1EEEB1E7799,2181,.png,art_source,imported_canonical_content_object,art/draw baseline deduplicated by SHA-256
sources/art/ART-20/03_cut_output/run_hud/run_bottom_key_bar_button/run_bottom_key_bar_button_ui_key_e.png,0729639A2E0F947A26FD96AF7D1B1CA723331993974C70208D7B0A2C043F85B3,2220,.png,art_source,imported_canonical_content_object,art/draw baseline deduplicated by SHA-256
sources/art/ART-20/03_cut_output/run_hud/run_bottom_key_bar_button/run_bottom_key_bar_button_ui_key_esc.png,9D377BCC9CFB2597B0F9DFF884A52EE01E88DD3637735A8B0F299DB2C3CA6D4D,2649,.png,art_source,imported_canonical_content_object,art/draw baseline deduplicated by SHA-256
sources/art/ART-20/03_cut_output/run_hud/run_bottom_key_bar_button/run_bottom_key_bar_button_ui_key_f.png,EDFC88AB9C805FA5817AE1128C9CCCF27483B70C40A8E8AF6DF2B8C668C10465,2214,.png,art_source,imported_canonical_content_object,art/draw baseline deduplicated by SHA-256
sources/art/ART-20/03_cut_output/run_hud/run_bottom_key_bar_button/run_bottom_key_bar_button_ui_key_m.png,BC37BD970C4D4378A38D3712F4CC25A5F150912D394EBD80B7C5366BA1A84654,2403,.png,art_source,imported_canonical_content_object,art/draw baseline deduplicated by SHA-256
sources/art/ART-20/03_cut_output/run_hud/run_bottom_key_bar_button/run_bottom_key_bar_button_ui_key_q.png,EDE10D9F1BC31F03E3060F531AB3D9F219C629223BD1551C18C5964B963F5C54,2579,.png,art_source,imported_canonical_content_object,art/draw baseline deduplicated by SHA-256
sources/art/ART-20/03_cut_output/run_hud/run_bottom_key_bar_button/run_bottom_key_bar_button_ui_key_t.png,DAAC3162A93FEAAE6A809F0EDDF2C5BCC7D4D1395371EB8091805B7F4D139F01,2165,.png,art_source,imported_canonical_content_object,art/draw baseline deduplicated by SHA-256
sources/art/ART-20/03_cut_output/run_hud/run_left_info_rail_frame/run_left_info_rail_frame_ui_bar_blank_dark.png,DDE95EBD216C273230DE0E2776F445AE97D38B4C370FC2C4765AC24CFC468558,28665,.png,art_source,registered_exact_duplicate_alias,art/draw baseline deduplicated by SHA-256
sources/art/ART-20/03_cut_output/run_hud/run_left_info_rail_frame/run_left_info_rail_frame_ui_panel_terminal_main.png,4BB57AC94C797BE82FD9B03B1EB708D87E3FE6CD014AF898A059486DCA6EACBC,456147,.png,art_source,registered_exact_duplicate_alias,art/draw baseline deduplicated by SHA-256
sources/art/ART-20/03_cut_output/run_hud/run_object_interaction_tooltip/run_object_interaction_tooltip_ui_bar_blank_dark.png,DDE95EBD216C273230DE0E2776F445AE97D38B4C370FC2C4765AC24CFC468558,28665,.png,art_source,registered_exact_duplicate_alias,art/draw baseline deduplicated by SHA-256
sources/art/ART-20/03_cut_output/run_hud/run_top_right_status_card/run_top_right_status_card_ui_panel_deploy_summary_blank.png,6893538A28D34001C2FFBF52DE811139936CAD2F24954A0588238A67DAEDFE75,18745,.png,art_source,registered_exact_duplicate_alias,art/draw baseline deduplicated by SHA-256
sources/art/ART-20/03_cut_output/shared/ui_button_dark_secondary/ui_main_menu_button_entry_primary_normal.png,99DCED078AC8D2DBE127689D8005715F2878185B14884355BCBC4F471FD06A1C,66360,.png,art_source,registered_exact_duplicate_alias,art/draw baseline deduplicated by SHA-256
sources/art/ART-20/03_cut_output/shared/ui_button_primary_gold/ui_shared_button_primary_gold_normal.png,E245F3D25671EAB9C11A437933FB7C8A8D79F5F2129962273AEDBB6A3E2D7873,51391,.png,art_source,registered_exact_duplicate_alias,art/draw baseline deduplicated by SHA-256
sources/art/ART-20/03_cut_output/shared/ui_icon_slot_frame/ui_icon_slot_frame_ui_frame_highlight.png,14DD9CE3897305487BBE71970B947E5FD456FBBD42FA502868E66612F43A61AA,14138,.png,art_source,imported_canonical_content_object,art/draw baseline deduplicated by SHA-256
sources/art/ART-20/03_cut_output/shared/ui_keycap_prompt_set/ui_shared_keycap_e_normal.png,EA61B99A9DFA5005C60F3C9E560DA160008287A06D711CC3B9B1159BFE4A0EF8,3229,.png,art_source,imported_canonical_content_object,art/draw baseline deduplicated by SHA-256
sources/art/ART-20/03_cut_output/shared/ui_keycap_prompt_set/ui_shared_keycap_esc_normal.png,EA00A6485DC0CE6D4810B9AE82E337FF1830F9E41CA83C51482D54B542864B6E,3814,.png,art_source,imported_canonical_content_object,art/draw baseline deduplicated by SHA-256
sources/art/ART-20/03_cut_output/shared/ui_keycap_prompt_set/ui_shared_keycap_f_normal.png,80ADE6B6EC07BF9DAED6AD7E44DB57383EE5D8755449376F3F6BA7DE3B3D13FA,3196,.png,art_source,imported_canonical_content_object,art/draw baseline deduplicated by SHA-256
sources/art/ART-20/03_cut_output/shared/ui_keycap_prompt_set/ui_shared_keycap_m_normal.png,19CD308A72911C7B2295E60E35489405A798ADB8AE38F1D89E9D5E676FAAEB94,3485,.png,art_source,imported_canonical_content_object,art/draw baseline deduplicated by SHA-256
sources/art/ART-20/03_cut_output/shared/ui_keycap_prompt_set/ui_shared_keycap_q_normal.png,EB16446D72FCAE87E18C95463994384CBAC2D6C093964B6A3CCB5F93BA15D991,3702,.png,art_source,imported_canonical_content_object,art/draw baseline deduplicated by SHA-256
sources/art/ART-20/03_cut_output/shared/ui_keycap_prompt_set/ui_shared_keycap_t_normal.png,03D0AC080295A209DA0B1918A50BB238DC74183E91B8F6CC24AFC836F854942C,3079,.png,art_source,imported_canonical_content_object,art/draw baseline deduplicated by SHA-256
sources/art/ART-20/03_cut_output/shared/ui_panel_large_terminal_frame/ui_panel_large_terminal_frame_ui_panel_terminal_main.png,4BB57AC94C797BE82FD9B03B1EB708D87E3FE6CD014AF898A059486DCA6EACBC,456147,.png,art_source,registered_exact_duplicate_alias,art/draw baseline deduplicated by SHA-256
sources/art/ART-20/03_cut_output/shared/ui_panel_summary_card/ui_panel_summary_card_ui_panel_deploy_summary_blank.png,6893538A28D34001C2FFBF52DE811139936CAD2F24954A0588238A67DAEDFE75,18745,.png,art_source,registered_exact_duplicate_alias,art/draw baseline deduplicated by SHA-256
sources/art/ART-20/03_cut_output/shared/ui_tab_selected_generic/ui_shared_tab_primary_selected.png,E051CF0398847504F69B14E18C65430F81CD9FA50DF712352E85BA169D25BBA0,23470,.png,art_source,registered_exact_duplicate_alias,art/draw baseline deduplicated by SHA-256
sources/art/ART-20/_manifest/cut_blocked_or_review.csv,DC23BDD8E32E8434B6F581EB2FA3F4AC4CFE73C6A10217FD5760251C04CF8B77,2480,.csv,art_source,imported_canonical_content_object,art/draw baseline deduplicated by SHA-256
sources/art/ART-20/_manifest/cut_manifest.csv,E131111C6A02834674655941C4613241951FE4947E1E169D4C3B6C225830E6AA,52434,.csv,art_source,imported_canonical_content_object,art/draw baseline deduplicated by SHA-256
sources/art/ART-20/_manifest/cut_summary.json,EB1475240E9A45D93A2BADF7F7562D515963D3A86FC8F0C59A71AA91D021A70D,851,.json,art_source,imported_canonical_content_object,art/draw baseline deduplicated by SHA-256
sources/art/ART-20/_manifest/staging_excluded_candidates.csv,8623B164ED29B112E8243120F2BE879C3BFB177F6968FB1AA7E839C77F4D36BF,359,.csv,art_source,imported_canonical_content_object,art/draw baseline deduplicated by SHA-256
sources/art/ART-20/_manifest/staging_manifest.csv,196D5581049C09B1059ECCD171EE18AE6615BE945BF49B6561D656B700822B71,19700,.csv,art_source,imported_canonical_content_object,art/draw baseline deduplicated by SHA-256
sources/art/ART-20/_manifest/staging_summary.json,FA3D4F7AB29C63EBDBDFFDFFCFF346B2B2FB7B0CC79B95D534A9EE5E58B708F5,517,.json,art_source,imported_canonical_content_object,art/draw baseline deduplicated by SHA-256
sources/art/ART-21/01_staging_generated/deploy/ui_art21_deploy_left_character_frame.png,B70AF6FF49D5CE0A665F74E41CA16D388800224409D1E5DE9A9B1AC712B67036,3795,.png,art_source,registered_exact_duplicate_alias,art/draw baseline deduplicated by SHA-256
sources/art/ART-21/01_staging_generated/deploy/ui_art21_deploy_route_wall_frame.png,122C0B54FB80CC4FADA550C30682629316DD889B4DF334A6C655CF526555D6D0,2984,.png,art_source,registered_exact_duplicate_alias,art/draw baseline deduplicated by SHA-256
sources/art/ART-21/01_staging_generated/deploy/ui_art21_deploy_summary_panel_frame.png,00F516980F01FC7FFC8057A70B5BE140C42A4F2D2571BDB3D892E37AF63C343E,2480,.png,art_source,registered_exact_duplicate_alias,art/draw baseline deduplicated by SHA-256
sources/art/ART-21/01_staging_generated/ground_loot/ui_art21_ground_loot_panel_frame.png,649751400C0E5A941BEDB3D5EB08CB5DF56376C2311285D3D301F97645579778,2187,.png,art_source,registered_exact_duplicate_alias,art/draw baseline deduplicated by SHA-256
sources/art/ART-21/01_staging_generated/inventory/ui_art21_inventory_panel_frame.png,C747C8268405914D09E3049F67F31C23DA89BA49F6E20102119CCEFA52751199,2262,.png,art_source,registered_exact_duplicate_alias,art/draw baseline deduplicated by SHA-256
sources/art/ART-21/01_staging_generated/long_term/ui_art21_long_term_collection_wall_frame.png,1A695F6D41B8132F1938082B775EB4707A34B74165DEE036B628CB20ECD2BEE2,3839,.png,art_source,registered_exact_duplicate_alias,art/draw baseline deduplicated by SHA-256
sources/art/ART-21/01_staging_generated/long_term/ui_art21_long_term_detail_panel_frame.png,B918EACFA15057A8FE974D841F2833C8DD7FC4458045FCA23F7A4C3C7A131352,3203,.png,art_source,registered_exact_duplicate_alias,art/draw baseline deduplicated by SHA-256
sources/art/ART-21/01_staging_generated/long_term/ui_art21_long_term_profile_frame.png,B70AF6FF49D5CE0A665F74E41CA16D388800224409D1E5DE9A9B1AC712B67036,3795,.png,art_source,registered_exact_duplicate_alias,art/draw baseline deduplicated by SHA-256
sources/art/ART-21/01_staging_generated/main_menu/ui_art21_main_menu_action_deck_frame.png,26E02FC232A3ACBC4DF6C401F9A841C791CF3966C8D52AD0FC949F0297009FEB,1983,.png,art_source,registered_exact_duplicate_alias,art/draw baseline deduplicated by SHA-256
sources/art/ART-21/01_staging_generated/map/ui_art21_map_cell_explored.png,3295CAA4F282540E7F982C20D4AD048790EA3F7ACF73F83AF198C59E2CB0DA09,312,.png,art_source,registered_exact_duplicate_alias,art/draw baseline deduplicated by SHA-256
sources/art/ART-21/01_staging_generated/map/ui_art21_map_cell_flagged.png,4171303BEA91BC0264B6E2A880D0E5B99004CF1B8B77C67DFDFEA938BD0D7DDB,405,.png,art_source,registered_exact_duplicate_alias,art/draw baseline deduplicated by SHA-256
sources/art/ART-21/01_staging_generated/map/ui_art21_map_cell_scanned.png,19ABB50557D76B35B27F06B77088D1F8731ED3F190CF2743B30EE81999679F0E,311,.png,art_source,registered_exact_duplicate_alias,art/draw baseline deduplicated by SHA-256
sources/art/ART-21/01_staging_generated/map/ui_art21_map_cell_unknown.png,7CE336476C038D8CACDC4791568717F603DE6AA96B99EEDB871618B551043A87,311,.png,art_source,registered_exact_duplicate_alias,art/draw baseline deduplicated by SHA-256
sources/art/ART-21/01_staging_generated/map/ui_art21_map_marker_chest.png,98D849FF9A57234B2A8D601FE9CC6C3F8344CC403F3C34A400E1884B86E2BDDD,407,.png,art_source,registered_exact_duplicate_alias,art/draw baseline deduplicated by SHA-256
sources/art/ART-21/01_staging_generated/map/ui_art21_map_marker_event.png,81078D8D7B7A9C4139F27CCCA7A236B438A7729397E01E5F2BBCA17C80976F48,450,.png,art_source,registered_exact_duplicate_alias,art/draw baseline deduplicated by SHA-256
sources/art/ART-21/01_staging_generated/map/ui_art21_map_marker_exit.png,791A2ADCFA51BD79C9841DA2608E94E3F9644EAB1CC402D1EEBB54D0C1081AAD,368,.png,art_source,registered_exact_duplicate_alias,art/draw baseline deduplicated by SHA-256
sources/art/ART-21/01_staging_generated/map/ui_art21_map_marker_mine.png,D77C9F73868BA762A6297FE2A4F59B3A81D975EE3FEB8AEFAA86FDE00DBE4ED6,508,.png,art_source,registered_exact_duplicate_alias,art/draw baseline deduplicated by SHA-256
sources/art/ART-21/01_staging_generated/map/ui_art21_map_marker_player.png,17240923B4538E407652AE1C238078D7DF6D18D90EB9197D38C1E0364B471684,494,.png,art_source,registered_exact_duplicate_alias,art/draw baseline deduplicated by SHA-256
sources/art/ART-21/01_staging_generated/result/ui_art21_result_modal_frame.png,83A988F82C91C5A34093A9E76203838B334E2551A75645F01B8BD8DE376610D6,2666,.png,art_source,registered_exact_duplicate_alias,art/draw baseline deduplicated by SHA-256
sources/art/ART-21/01_staging_generated/run/ui_art21_run_bottom_overlay_frame.png,5B1D0EAFCDCC3E35C273F68515BB98AA4636D6CEC56117E7BDC5686123BAABC3,1396,.png,art_source,registered_exact_duplicate_alias,art/draw baseline deduplicated by SHA-256
sources/art/ART-21/01_staging_generated/run/ui_art21_run_gameplay_viewport_background.png,9A36BE1ADA313900C6C23C7FE389E23D594AA56F4D06239D6B8A00CF3B679C2D,18742,.png,art_source,registered_exact_duplicate_alias,art/draw baseline deduplicated by SHA-256
sources/art/ART-21/01_staging_generated/run/ui_art21_run_status_card_frame.png,BAB8AF9AA2C6EA87A61D6258AE69A74824507714BDE56366348A917623B4D565,839,.png,art_source,registered_exact_duplicate_alias,art/draw baseline deduplicated by SHA-256
sources/art/ART-21/01_staging_generated/shared/buttons/ui_art21_shared_button_primary_disabled.png,DC0A238D43E8FDB6476CCB01211190829A3B14C3E950DD06DF6AFA4B22D5CF92,828,.png,art_source,registered_exact_duplicate_alias,art/draw baseline deduplicated by SHA-256
sources/art/ART-21/01_staging_generated/shared/buttons/ui_art21_shared_button_primary_hover.png,E785AC0A2BEAA33A641FA8E003F43321F5D92AB1D90AA04733FCF81275173845,842,.png,art_source,registered_exact_duplicate_alias,art/draw baseline deduplicated by SHA-256
sources/art/ART-21/01_staging_generated/shared/buttons/ui_art21_shared_button_primary_normal.png,ECD027247D4B8F10627A6E8AF8750F7CD64F322457B9E9AD53A2104AF10C5DC7,838,.png,art_source,registered_exact_duplicate_alias,art/draw baseline deduplicated by SHA-256
sources/art/ART-21/01_staging_generated/shared/buttons/ui_art21_shared_button_primary_pressed.png,1621C865BB79B85C3CF9746694C909CAA1628651AA96F1CA32051169E10573E4,837,.png,art_source,registered_exact_duplicate_alias,art/draw baseline deduplicated by SHA-256
sources/art/ART-21/01_staging_generated/shared/buttons/ui_art21_shared_button_secondary_normal.png,FD3CA102D24F4895853430EE7F2374D2F5155C4A40FB3EBB0F79493F7B3F1F49,711,.png,art_source,registered_exact_duplicate_alias,art/draw baseline deduplicated by SHA-256
sources/art/ART-21/01_staging_generated/shared/buttons/ui_art21_shared_button_secondary_selected.png,938EB5D5BFB323117E2A5242A76D3D8623A8DFEDF83C3AB6F4580C7189EEBF2C,714,.png,art_source,registered_exact_duplicate_alias,art/draw baseline deduplicated by SHA-256
sources/art/ART-21/01_staging_generated/shared/buttons/ui_art21_shared_tab_normal.png,63B06815092A6E22CDD18BF4345564CA1307489E99FE03F26B996D55B39D62E1,688,.png,art_source,registered_exact_duplicate_alias,art/draw baseline deduplicated by SHA-256
sources/art/ART-21/01_staging_generated/shared/buttons/ui_art21_shared_tab_selected.png,3C5646B26309A545FF4293D90F7F9BA769656A2109F5EDBAFDE3D3572FEED398,697,.png,art_source,registered_exact_duplicate_alias,art/draw baseline deduplicated by SHA-256
sources/art/ART-21/01_staging_generated/shared/panels/ui_art21_shared_panel_card_normal.png,C33FEE068756233724BD51CEBF346ACA3A5FA1C864A6946A695688D49109E93F,858,.png,art_source,registered_exact_duplicate_alias,art/draw baseline deduplicated by SHA-256
sources/art/ART-21/01_staging_generated/shared/panels/ui_art21_shared_panel_modal_normal.png,86FA60A043994FA7238FA03B0AC382525E0B6AA1F56979FFDC2D4DBA9A35D2A2,1046,.png,art_source,registered_exact_duplicate_alias,art/draw baseline deduplicated by SHA-256
sources/art/ART-21/01_staging_generated/shared/panels/ui_art21_shared_panel_page_frame_normal.png,64073B659BA8CF680DEC32F7B820C55F48FCE05FD5CC856C86A00231880A0410,1090,.png,art_source,registered_exact_duplicate_alias,art/draw baseline deduplicated by SHA-256
sources/art/ART-21/01_staging_generated/shared/panels/ui_art21_shared_panel_slot_normal.png,170A29FFFB0261C45FE8A8BEAC0FDEF33E8C771FCCBF20E3EE965C9AF25E5D33,808,.png,art_source,registered_exact_duplicate_alias,art/draw baseline deduplicated by SHA-256
sources/art/ART-21/01_staging_generated/shared/panels/ui_art21_shared_panel_status_card_normal.png,B9B2116FE886825B9847C3A77CB902EB1D8BB62115F6E429321B646D3B687BA6,742,.png,art_source,registered_exact_duplicate_alias,art/draw baseline deduplicated by SHA-256
sources/art/ART-21/01_staging_generated/shared/panels/ui_art21_shared_panel_tooltip_normal.png,E58A57AD7B7D8652061DA3AAE8FBEC292A31E31E122B758A056D258955976198,613,.png,art_source,registered_exact_duplicate_alias,art/draw baseline deduplicated by SHA-256
sources/art/ART-21/03_cut_output/deploy/ui_art21_deploy_left_character_frame.png,B70AF6FF49D5CE0A665F74E41CA16D388800224409D1E5DE9A9B1AC712B67036,3795,.png,art_source,registered_exact_duplicate_alias,art/draw baseline deduplicated by SHA-256
sources/art/ART-21/03_cut_output/deploy/ui_art21_deploy_route_wall_frame.png,122C0B54FB80CC4FADA550C30682629316DD889B4DF334A6C655CF526555D6D0,2984,.png,art_source,imported_canonical_content_object,art/draw baseline deduplicated by SHA-256
sources/art/ART-21/03_cut_output/deploy/ui_art21_deploy_summary_panel_frame.png,00F516980F01FC7FFC8057A70B5BE140C42A4F2D2571BDB3D892E37AF63C343E,2480,.png,art_source,imported_canonical_content_object,art/draw baseline deduplicated by SHA-256
sources/art/ART-21/03_cut_output/ground_loot/ui_art21_ground_loot_panel_frame.png,649751400C0E5A941BEDB3D5EB08CB5DF56376C2311285D3D301F97645579778,2187,.png,art_source,imported_canonical_content_object,art/draw baseline deduplicated by SHA-256
sources/art/ART-21/03_cut_output/inventory/ui_art21_inventory_panel_frame.png,C747C8268405914D09E3049F67F31C23DA89BA49F6E20102119CCEFA52751199,2262,.png,art_source,imported_canonical_content_object,art/draw baseline deduplicated by SHA-256
sources/art/ART-21/03_cut_output/long_term/ui_art21_long_term_collection_wall_frame.png,1A695F6D41B8132F1938082B775EB4707A34B74165DEE036B628CB20ECD2BEE2,3839,.png,art_source,imported_canonical_content_object,art/draw baseline deduplicated by SHA-256
sources/art/ART-21/03_cut_output/long_term/ui_art21_long_term_detail_panel_frame.png,B918EACFA15057A8FE974D841F2833C8DD7FC4458045FCA23F7A4C3C7A131352,3203,.png,art_source,imported_canonical_content_object,art/draw baseline deduplicated by SHA-256
sources/art/ART-21/03_cut_output/long_term/ui_art21_long_term_profile_frame.png,B70AF6FF49D5CE0A665F74E41CA16D388800224409D1E5DE9A9B1AC712B67036,3795,.png,art_source,imported_canonical_content_object,art/draw baseline deduplicated by SHA-256
sources/art/ART-21/03_cut_output/main_menu/ui_art21_main_menu_action_deck_frame.png,26E02FC232A3ACBC4DF6C401F9A841C791CF3966C8D52AD0FC949F0297009FEB,1983,.png,art_source,imported_canonical_content_object,art/draw baseline deduplicated by SHA-256
sources/art/ART-21/03_cut_output/map/ui_art21_map_cell_explored.png,3295CAA4F282540E7F982C20D4AD048790EA3F7ACF73F83AF198C59E2CB0DA09,312,.png,art_source,imported_canonical_content_object,art/draw baseline deduplicated by SHA-256
sources/art/ART-21/03_cut_output/map/ui_art21_map_cell_flagged.png,4171303BEA91BC0264B6E2A880D0E5B99004CF1B8B77C67DFDFEA938BD0D7DDB,405,.png,art_source,imported_canonical_content_object,art/draw baseline deduplicated by SHA-256
sources/art/ART-21/03_cut_output/map/ui_art21_map_cell_scanned.png,19ABB50557D76B35B27F06B77088D1F8731ED3F190CF2743B30EE81999679F0E,311,.png,art_source,imported_canonical_content_object,art/draw baseline deduplicated by SHA-256
sources/art/ART-21/03_cut_output/map/ui_art21_map_cell_unknown.png,7CE336476C038D8CACDC4791568717F603DE6AA96B99EEDB871618B551043A87,311,.png,art_source,imported_canonical_content_object,art/draw baseline deduplicated by SHA-256
sources/art/ART-21/03_cut_output/map/ui_art21_map_marker_chest.png,98D849FF9A57234B2A8D601FE9CC6C3F8344CC403F3C34A400E1884B86E2BDDD,407,.png,art_source,imported_canonical_content_object,art/draw baseline deduplicated by SHA-256
sources/art/ART-21/03_cut_output/map/ui_art21_map_marker_event.png,81078D8D7B7A9C4139F27CCCA7A236B438A7729397E01E5F2BBCA17C80976F48,450,.png,art_source,imported_canonical_content_object,art/draw baseline deduplicated by SHA-256
sources/art/ART-21/03_cut_output/map/ui_art21_map_marker_exit.png,791A2ADCFA51BD79C9841DA2608E94E3F9644EAB1CC402D1EEBB54D0C1081AAD,368,.png,art_source,imported_canonical_content_object,art/draw baseline deduplicated by SHA-256
sources/art/ART-21/03_cut_output/map/ui_art21_map_marker_mine.png,D77C9F73868BA762A6297FE2A4F59B3A81D975EE3FEB8AEFAA86FDE00DBE4ED6,508,.png,art_source,imported_canonical_content_object,art/draw baseline deduplicated by SHA-256
sources/art/ART-21/03_cut_output/map/ui_art21_map_marker_player.png,17240923B4538E407652AE1C238078D7DF6D18D90EB9197D38C1E0364B471684,494,.png,art_source,imported_canonical_content_object,art/draw baseline deduplicated by SHA-256
sources/art/ART-21/03_cut_output/result/ui_art21_result_modal_frame.png,83A988F82C91C5A34093A9E76203838B334E2551A75645F01B8BD8DE376610D6,2666,.png,art_source,imported_canonical_content_object,art/draw baseline deduplicated by SHA-256
sources/art/ART-21/03_cut_output/run/ui_art21_run_bottom_overlay_frame.png,5B1D0EAFCDCC3E35C273F68515BB98AA4636D6CEC56117E7BDC5686123BAABC3,1396,.png,art_source,imported_canonical_content_object,art/draw baseline deduplicated by SHA-256
sources/art/ART-21/03_cut_output/run/ui_art21_run_gameplay_viewport_background.png,9A36BE1ADA313900C6C23C7FE389E23D594AA56F4D06239D6B8A00CF3B679C2D,18742,.png,art_source,imported_canonical_content_object,art/draw baseline deduplicated by SHA-256
sources/art/ART-21/03_cut_output/run/ui_art21_run_status_card_frame.png,BAB8AF9AA2C6EA87A61D6258AE69A74824507714BDE56366348A917623B4D565,839,.png,art_source,imported_canonical_content_object,art/draw baseline deduplicated by SHA-256
sources/art/ART-21/03_cut_output/shared/buttons/ui_art21_shared_button_primary_disabled.png,DC0A238D43E8FDB6476CCB01211190829A3B14C3E950DD06DF6AFA4B22D5CF92,828,.png,art_source,imported_canonical_content_object,art/draw baseline deduplicated by SHA-256
sources/art/ART-21/03_cut_output/shared/buttons/ui_art21_shared_button_primary_hover.png,E785AC0A2BEAA33A641FA8E003F43321F5D92AB1D90AA04733FCF81275173845,842,.png,art_source,imported_canonical_content_object,art/draw baseline deduplicated by SHA-256
sources/art/ART-21/03_cut_output/shared/buttons/ui_art21_shared_button_primary_normal.png,ECD027247D4B8F10627A6E8AF8750F7CD64F322457B9E9AD53A2104AF10C5DC7,838,.png,art_source,imported_canonical_content_object,art/draw baseline deduplicated by SHA-256
sources/art/ART-21/03_cut_output/shared/buttons/ui_art21_shared_button_primary_pressed.png,1621C865BB79B85C3CF9746694C909CAA1628651AA96F1CA32051169E10573E4,837,.png,art_source,imported_canonical_content_object,art/draw baseline deduplicated by SHA-256
sources/art/ART-21/03_cut_output/shared/buttons/ui_art21_shared_button_secondary_normal.png,FD3CA102D24F4895853430EE7F2374D2F5155C4A40FB3EBB0F79493F7B3F1F49,711,.png,art_source,imported_canonical_content_object,art/draw baseline deduplicated by SHA-256
sources/art/ART-21/03_cut_output/shared/buttons/ui_art21_shared_button_secondary_selected.png,938EB5D5BFB323117E2A5242A76D3D8623A8DFEDF83C3AB6F4580C7189EEBF2C,714,.png,art_source,imported_canonical_content_object,art/draw baseline deduplicated by SHA-256
sources/art/ART-21/03_cut_output/shared/buttons/ui_art21_shared_tab_normal.png,63B06815092A6E22CDD18BF4345564CA1307489E99FE03F26B996D55B39D62E1,688,.png,art_source,imported_canonical_content_object,art/draw baseline deduplicated by SHA-256
sources/art/ART-21/03_cut_output/shared/buttons/ui_art21_shared_tab_selected.png,3C5646B26309A545FF4293D90F7F9BA769656A2109F5EDBAFDE3D3572FEED398,697,.png,art_source,imported_canonical_content_object,art/draw baseline deduplicated by SHA-256
sources/art/ART-21/03_cut_output/shared/panels/ui_art21_shared_panel_card_normal.png,C33FEE068756233724BD51CEBF346ACA3A5FA1C864A6946A695688D49109E93F,858,.png,art_source,imported_canonical_content_object,art/draw baseline deduplicated by SHA-256
sources/art/ART-21/03_cut_output/shared/panels/ui_art21_shared_panel_modal_normal.png,86FA60A043994FA7238FA03B0AC382525E0B6AA1F56979FFDC2D4DBA9A35D2A2,1046,.png,art_source,imported_canonical_content_object,art/draw baseline deduplicated by SHA-256
sources/art/ART-21/03_cut_output/shared/panels/ui_art21_shared_panel_page_frame_normal.png,64073B659BA8CF680DEC32F7B820C55F48FCE05FD5CC856C86A00231880A0410,1090,.png,art_source,imported_canonical_content_object,art/draw baseline deduplicated by SHA-256
sources/art/ART-21/03_cut_output/shared/panels/ui_art21_shared_panel_slot_normal.png,170A29FFFB0261C45FE8A8BEAC0FDEF33E8C771FCCBF20E3EE965C9AF25E5D33,808,.png,art_source,imported_canonical_content_object,art/draw baseline deduplicated by SHA-256
sources/art/ART-21/03_cut_output/shared/panels/ui_art21_shared_panel_status_card_normal.png,B9B2116FE886825B9847C3A77CB902EB1D8BB62115F6E429321B646D3B687BA6,742,.png,art_source,imported_canonical_content_object,art/draw baseline deduplicated by SHA-256
sources/art/ART-21/03_cut_output/shared/panels/ui_art21_shared_panel_tooltip_normal.png,E58A57AD7B7D8652061DA3AAE8FBEC292A31E31E122B758A056D258955976198,613,.png,art_source,imported_canonical_content_object,art/draw baseline deduplicated by SHA-256
sources/art/ART-21/_manifest/blocked_resolution.csv,8296180A4AD3F9349314D1CD2F35F2778ED500E398CFBB5E58FBD928A14D159C,3901,.csv,art_source,imported_canonical_content_object,art/draw baseline deduplicated by SHA-256
sources/art/ART-21/_manifest/cut_summary.json,0CE3282C9E749A0C38AA5ACE2C58759965CF8A0E5FF4EC29D0D8CEBED128FDA9,288,.json,art_source,imported_canonical_content_object,art/draw baseline deduplicated by SHA-256
sources/art/ART-21/_manifest/runtime_import_manifest.csv,5004D73076B8C376E16B02B300AAC6C665F3A10D9A23BB38303A8299DA1AA7D9,22880,.csv,art_source,imported_canonical_content_object,art/draw baseline deduplicated by SHA-256
sources/art/ART-21/_manifest/staging_manifest.csv,9513ECEF3BB544EFCAAFDF7A782ACF991BEDD1D751122FCD6020A3646F1D4696,17742,.csv,art_source,imported_canonical_content_object,art/draw baseline deduplicated by SHA-256
sources/art/ART-21R2/03_cut_output/main_menu/ui_art21r2_main_menu_board_header.png,B4C537FB815F1E830943BC4DA8A0D253D019B7FA1FEA8CB5ADBBFCCC00455AD9,132953,.png,art_source,imported_canonical_content_object,art/draw baseline deduplicated by SHA-256
sources/art/ART-21R2/03_cut_output/main_menu/ui_art21r2_main_menu_entry_plank_deploy.png,6BD9BF0335108E8216F31AFF4E62EC126CAE9CD38ABD5BF76936A9DF1EF9F437,104040,.png,art_source,imported_canonical_content_object,art/draw baseline deduplicated by SHA-256
sources/art/ART-21R2/03_cut_output/main_menu/ui_art21r2_main_menu_entry_plank_exit.png,F1A47C9750DA8E9907FC1C675D18D8E9D8BADB3B7B8741894111B46B3FA44B85,88629,.png,art_source,imported_canonical_content_object,art/draw baseline deduplicated by SHA-256
sources/art/ART-21R2/03_cut_output/main_menu/ui_art21r2_main_menu_entry_plank_long_term.png,DBF24F93A995705F2D8E31F48FCF63C0659EAC592B68AEB8DF31D5693D6AA478,96745,.png,art_source,imported_canonical_content_object,art/draw baseline deduplicated by SHA-256
sources/art/ART-21R2/03_cut_output/main_menu/ui_art21r2_main_menu_entry_plank_settings.png,58834CB597C67AEE06F6AF1266A460B62C185B82C5352B51C9ED8CD9C676FC01,92825,.png,art_source,imported_canonical_content_object,art/draw baseline deduplicated by SHA-256
sources/art/ART-21R2/03_cut_output/main_menu/ui_art21r2_main_menu_title_board.png,8E1E02EDDF404ED01761E72CA2C340681196D9D6C17E2D9D22910B4B28FB6ED0,264201,.png,art_source,imported_canonical_content_object,art/draw baseline deduplicated by SHA-256
sources/art/ART-21R2/03_cut_output/map_overlay/ui_art21r2_map_overlay_marker_event.png,F99B3E48EB1D60F38557A913980701C1527CA38807668A86D9C09B021FBABE4A,31333,.png,art_source,imported_canonical_content_object,art/draw baseline deduplicated by SHA-256
sources/art/ART-21R2/03_cut_output/map_overlay/ui_art21r2_map_overlay_marker_flag.png,4FAFB6A30BBED4E4D1F806E2F9C6F05A270B8D840F48ED8F8B84EB75E968057B,22826,.png,art_source,imported_canonical_content_object,art/draw baseline deduplicated by SHA-256
sources/art/ART-21R2/03_cut_output/minimap_hud/ui_art21r2_minimap_hud_chest_32.png,4712A6FD12AE868698080FE6AFB8B76482906BA25ADAECD254B7F873397ACB1E,2685,.png,art_source,registered_exact_duplicate_alias,art/draw baseline deduplicated by SHA-256
sources/art/ART-21R2/03_cut_output/minimap_hud/ui_art21r2_minimap_hud_exit_32.png,708E5BCEC3B3480BCF6C2DF1DBF553888DBE949FBCAF3FC3DAD880D92A3A8F65,2558,.png,art_source,registered_exact_duplicate_alias,art/draw baseline deduplicated by SHA-256
sources/art/ART-21R2/03_cut_output/minimap_hud/ui_art21r2_minimap_hud_explored_32.png,DF82FB3405F589BD4CA3B6A9538AAB4272DCEB53A3F0477A334B2A43C0863F26,2286,.png,art_source,registered_exact_duplicate_alias,art/draw baseline deduplicated by SHA-256
sources/art/ART-21R2/03_cut_output/minimap_hud/ui_art21r2_minimap_hud_mine_32.png,43F4EE7EDFF2AE34276C0780BB3D2AD8CB0CC83855F50F9B164D28C4F4AE5D2C,2735,.png,art_source,registered_exact_duplicate_alias,art/draw baseline deduplicated by SHA-256
sources/art/ART-21R2/03_cut_output/minimap_hud/ui_art21r2_minimap_hud_player_32.png,D6F3E53DE86328F2EBFA4AC87A6246E9E3C5D3482A4F3413DFA0D7B95F3F316E,2212,.png,art_source,registered_exact_duplicate_alias,art/draw baseline deduplicated by SHA-256
sources/art/ART-21R2/03_cut_output/minimap_hud/ui_art21r2_minimap_hud_scanned_32.png,EF4D1A329BF06142B222079832DBABD2B89D90420EC2BACEECA40B910B2BD6A0,2696,.png,art_source,registered_exact_duplicate_alias,art/draw baseline deduplicated by SHA-256
sources/art/ART-21R2/03_cut_output/modal/ui_art21r2_modal_ground_loot_frame.png,7CBB46D500EE5E620BD10152BC7F6FDA9D0199958C5A7666482035CFCD1F1104,458457,.png,art_source,registered_exact_duplicate_alias,art/draw baseline deduplicated by SHA-256
sources/art/ART-21R2/03_cut_output/modal/ui_art21r2_modal_inventory_frame.png,7CBB46D500EE5E620BD10152BC7F6FDA9D0199958C5A7666482035CFCD1F1104,458457,.png,art_source,registered_exact_duplicate_alias,art/draw baseline deduplicated by SHA-256
sources/art/ART-21R2/03_cut_output/modal/ui_art21r2_modal_result_frame.png,7CBB46D500EE5E620BD10152BC7F6FDA9D0199958C5A7666482035CFCD1F1104,458457,.png,art_source,imported_canonical_content_object,art/draw baseline deduplicated by SHA-256
sources/art/ART-21R2/03_cut_output/modal_controls/ui_art21r2_modal_button_danger.png,341D90616A28BDFB5E4557FAB0CF69AAD9623DD037F78F52E924E0A456634D82,32329,.png,art_source,imported_canonical_content_object,art/draw baseline deduplicated by SHA-256
sources/art/ART-21R2/03_cut_output/modal_controls/ui_art21r2_modal_button_primary.png,8BEB048B8ED78658FB243B9C57BCA45C2038780449E96D788264384CAF3772B3,30412,.png,art_source,imported_canonical_content_object,art/draw baseline deduplicated by SHA-256
sources/art/ART-21R2/03_cut_output/modal_controls/ui_art21r2_modal_button_secondary.png,8BEB048B8ED78658FB243B9C57BCA45C2038780449E96D788264384CAF3772B3,30412,.png,art_source,registered_exact_duplicate_alias,art/draw baseline deduplicated by SHA-256
sources/art/ART-21R2/03_cut_output/modal_controls/ui_art21r2_modal_item_row_normal.png,8BEB048B8ED78658FB243B9C57BCA45C2038780449E96D788264384CAF3772B3,30412,.png,art_source,registered_exact_duplicate_alias,art/draw baseline deduplicated by SHA-256
sources/art/ART-21R2/03_cut_output/modal_sections/ui_art21r2_modal_action_strip.png,C54CAFAD213C02F38073ADD7DA670800749682593FC38A841B0EB60DE91CAAAC,69116,.png,art_source,registered_exact_duplicate_alias,art/draw baseline deduplicated by SHA-256
sources/art/ART-21R2/03_cut_output/modal_sections/ui_art21r2_modal_section_panel.png,BE9ACAFF54AFE10468BC773F339B55745661553A1AF1D1D4DDDA4BD7AA3496E2,82341,.png,art_source,imported_canonical_content_object,art/draw baseline deduplicated by SHA-256
sources/art/ART-21R2/03_cut_output/modal_sections/ui_art21r2_modal_title_plate.png,C54CAFAD213C02F38073ADD7DA670800749682593FC38A841B0EB60DE91CAAAC,69116,.png,art_source,imported_canonical_content_object,art/draw baseline deduplicated by SHA-256
sources/art/ART-21R2/03_cut_output/run_hud/ui_art21r2_run_bottom_overlay_frame.png,C8AD853CA62A622CEE0A51CE7E9E3B15FA3EBA66CEF6331B1504A93D9895AAE5,1621,.png,art_source,imported_canonical_content_object,art/draw baseline deduplicated by SHA-256
sources/art/ART-21R2/03_cut_output/run_hud/ui_art21r2_run_left_info_rail_frame.png,BECCDDAEC80782F80A462609A4666C44C66D0ED37150CC35C282A959DE13812A,3547,.png,art_source,imported_canonical_content_object,art/draw baseline deduplicated by SHA-256
sources/art/ART-21R2/03_cut_output/run_hud/ui_art21r2_run_status_card_frame.png,A3FCB263A5356BAB28C412F4846265F5F86B7C9BC79A8E2470F1807FEA4635E9,1106,.png,art_source,imported_canonical_content_object,art/draw baseline deduplicated by SHA-256
sources/art/ART-21R2/_manifest/main_menu_cut_dry_run_plan.csv,B0EAB4EF6E3705DBD4F1683D4C35378171EA18675B4FB5FCAD3652EF855FF2CE,4657,.csv,art_source,imported_canonical_content_object,art/draw baseline deduplicated by SHA-256
sources/art/ART-21R2/_manifest/main_menu_cut_manifest.csv,7F528B7E229FA1AAF827674A0691BEEEA95C6C62CBA89587C161DAFC0A7C4E3D,5755,.csv,art_source,imported_canonical_content_object,art/draw baseline deduplicated by SHA-256
sources/art/ART-21R2/_manifest/main_menu_cut_summary.json,246C71909BE693E7091E5A6BA9954904885B80E15388FCF79FD84DBFFBADD625,3916,.json,art_source,imported_canonical_content_object,art/draw baseline deduplicated by SHA-256
sources/art/ART-21R2/_manifest/main_menu_staging_manifest.csv,4B045AC9A308D09F20DB5981497D5E91975EB75228EB3AF5CF78383E29E139E4,3372,.csv,art_source,imported_canonical_content_object,art/draw baseline deduplicated by SHA-256
sources/art/ART-21R2/_manifest/map_overlay_marker_cut_dry_run_plan.csv,5CCAC527BD87B9814580FCF9733BE4F36445CBD2FD0E411CEADB4A47F296458F,1850,.csv,art_source,imported_canonical_content_object,art/draw baseline deduplicated by SHA-256
sources/art/ART-21R2/_manifest/map_overlay_marker_cut_manifest.csv,12B3EF9BC17DB397685A2FA05F3F24CF95F7F2F802FDCCD5A9254B8898F37EED,2190,.csv,art_source,imported_canonical_content_object,art/draw baseline deduplicated by SHA-256
sources/art/ART-21R2/_manifest/map_overlay_marker_cut_summary.json,AB45C6F37740472C56BF8C645254E50A58F8966AF85ACE95D7CF172DFE87FFCD,1469,.json,art_source,imported_canonical_content_object,art/draw baseline deduplicated by SHA-256
sources/art/ART-21R2/_manifest/map_overlay_marker_staging_manifest.csv,3121C60123D804869580215D63CA8FD7BAA0FDCF3C5118A548E763F34E16DFBB,1501,.csv,art_source,imported_canonical_content_object,art/draw baseline deduplicated by SHA-256
sources/art/ART-21R2/_manifest/minimap_hud_cut_manifest.csv,A88E208DB44287AF4D532DAE4BB5D9CBC6914CB03A30FBBE7A819E4EBB7D2C52,3646,.csv,art_source,imported_canonical_content_object,art/draw baseline deduplicated by SHA-256
sources/art/ART-21R2/_manifest/modal_control_cut_dry_run_plan.csv,FDCE65EF5110841644DEE27285405BE1383BF985A3677A3636A3CE19B0EF26E0,3234,.csv,art_source,imported_canonical_content_object,art/draw baseline deduplicated by SHA-256
sources/art/ART-21R2/_manifest/modal_control_cut_manifest.csv,C0D8D3D0FF113FEDF8488D2A0169E8092FBD2201CB578880664BB39C6FD322D4,3850,.csv,art_source,imported_canonical_content_object,art/draw baseline deduplicated by SHA-256
sources/art/ART-21R2/_manifest/modal_control_cut_summary.json,7B5C7D46D003D800609B9E93BA26E6209FA5324CEBCC09714353E8A9E8AF6EB7,1397,.json,art_source,imported_canonical_content_object,art/draw baseline deduplicated by SHA-256
sources/art/ART-21R2/_manifest/modal_control_staging_manifest.csv,02D14B725826DA29DF025A65DD662ACC35683C6A9D60189AF284B389B11DD574,2778,.csv,art_source,imported_canonical_content_object,art/draw baseline deduplicated by SHA-256
sources/art/ART-21R2/_manifest/modal_cut_dry_run_plan.csv,C9A380E6B158BE10C5E0020790C60B91D75BD537E55EEB21E60EA035CFF7FCED,2641,.csv,art_source,imported_canonical_content_object,art/draw baseline deduplicated by SHA-256
sources/art/ART-21R2/_manifest/modal_cut_manifest.csv,AE0C2A2AAF770BD874804847ADF4219A63489664DEAFDE9311C456D9E983DC98,3197,.csv,art_source,imported_canonical_content_object,art/draw baseline deduplicated by SHA-256
sources/art/ART-21R2/_manifest/modal_cut_summary.json,339C30A1AADB37EE5813DFFD1D7EAF64F86B9BF7BEAAF1F7AD370E7C637C571C,619,.json,art_source,imported_canonical_content_object,art/draw baseline deduplicated by SHA-256
sources/art/ART-21R2/_manifest/modal_section_cut_dry_run_plan.csv,9D9054EF294C325BDF5C15B591A5FFC8B8596EAE5028F5E09DA9781F4C5DD743,2485,.csv,art_source,imported_canonical_content_object,art/draw baseline deduplicated by SHA-256
sources/art/ART-21R2/_manifest/modal_section_cut_manifest.csv,237875D4B2B71B7B9A791C015ED6389D84B1022330FEB2F3299220E747941A92,2963,.csv,art_source,imported_canonical_content_object,art/draw baseline deduplicated by SHA-256
sources/art/ART-21R2/_manifest/modal_section_cut_summary.json,32D6308D1BC908C7E1EF1D6FF34DF998889AC520591A64A950139D2FE7996F54,1088,.json,art_source,imported_canonical_content_object,art/draw baseline deduplicated by SHA-256
sources/art/ART-21R2/_manifest/modal_section_staging_manifest.csv,B65CB92F27813608A03389232E8AAD5ED5FB297E1532FF56145621C8E1234F72,2126,.csv,art_source,imported_canonical_content_object,art/draw baseline deduplicated by SHA-256
sources/art/ART-21R2/_manifest/modal_staging_manifest.csv,AAC512EADD70ABD242BDC31E46F76E7551E998CAB9AE87C87677E8F490DC1A26,2052,.csv,art_source,imported_canonical_content_object,art/draw baseline deduplicated by SHA-256
sources/art/Base/6.17问题1.png,5B74ACCCAF1D3C7AA7325971D5C9F2F65F2CCB9E74E06E500B311DACB645A4EB,380812,.png,art_source,imported_canonical_content_object,art/draw baseline deduplicated by SHA-256
sources/art/Base/6.17问题2.png,C50C9C9B808BFE133259FE7ABEC56661334D5C34F9CCE879322E2FC4DCE7B9E0,86145,.png,art_source,imported_canonical_content_object,art/draw baseline deduplicated by SHA-256
sources/art/Base/6.17问题3.png,A969173AEFD53D498396DE663F5932B4F770FCBCE4AE06169F8CC949B9C85D3A,54411,.png,art_source,imported_canonical_content_object,art/draw baseline deduplicated by SHA-256
sources/art/Base/6.17问题4.png,BA20EF90C83152B6AA12BB2367DC29D0E1CC7460AFE924BA4F85B39600C04211,310807,.png,art_source,imported_canonical_content_object,art/draw baseline deduplicated by SHA-256
sources/art/Base/主菜单确定.png,9B3B8F361388D6C773AAC18B92CDB58BF7FFC3BE454A5AD636E68FEA89228B89,2437952,.png,art_source,imported_canonical_content_object,art/draw baseline deduplicated by SHA-256
sources/art/Base/主菜单示例.png,C189069D2D82119ACF6E9A03E6BF77AB9657018F34801F283917521F3E224A2C,2343529,.png,art_source,imported_canonical_content_object,art/draw baseline deduplicated by SHA-256
sources/art/Base/出发探索确定.png,FDABA44239587B784C10278C45BEE93B01167F024C714FD956265BDE263D2F36,2227655,.png,art_source,imported_canonical_content_object,art/draw baseline deduplicated by SHA-256
sources/art/Base/出发探索示例.png,1DB793A623237CEDB1F0C9F3B3B698FFD6ACAB43CC4D9DBF181BB1B481CA1426,2320609,.png,art_source,imported_canonical_content_object,art/draw baseline deduplicated by SHA-256
sources/art/Base/长期系统确定.png,4828A818409AC8CB5EA21583514F03F365EC263A6C3CF892DB86D0C76940BA65,2314812,.png,art_source,imported_canonical_content_object,art/draw baseline deduplicated by SHA-256
sources/art/Base/长期系统示例.png,6AC929DBC2180AB825D7BB0515126CA161FB3B504811F05A646D128BA10EB77B,2159315,.png,art_source,imported_canonical_content_object,art/draw baseline deduplicated by SHA-256
sources/art/M1/1.png,59755FC74D3712E4317D4F3AB0143DF87D3992EAD105E53B56EA1A4B0CD6EB4F,519729,.png,art_source,imported_canonical_content_object,art/draw baseline deduplicated by SHA-256
sources/art/M1/2.png,64855415BBBC3B5802786628951158D46D0B14EA125DF9C939B1F445B2852134,110426,.png,art_source,imported_canonical_content_object,art/draw baseline deduplicated by SHA-256
sources/art/M1/3.png,4C0568AB7AE3673CC732EE4E52E093447470C40F0ABF81AAC7A69D69EC7FDB59,257636,.png,art_source,imported_canonical_content_object,art/draw baseline deduplicated by SHA-256
sources/art/M1/A1.png,3E92E296E7E8A42CDC94EC94288C35BF2779FDB2E36929F0110C24D57004BF7F,2786178,.png,art_source,imported_canonical_content_object,art/draw baseline deduplicated by SHA-256
sources/art/M1/A2.png,83DFB3522233A2B719EB4519717EC1E4D01D90977E4BD0D253F360AF3613F2E1,4170398,.png,art_source,imported_canonical_content_object,art/draw baseline deduplicated by SHA-256
sources/art/M1/A3.png,95021C62F82CF43B0348A727820DCBC78B52C8C1C853F91025BF35DD263DD2CD,378831,.png,art_source,imported_canonical_content_object,art/draw baseline deduplicated by SHA-256
sources/art/M1/Lua demo.mp4,533A7450BB8DA51FB439E01589D0550E4B3AB8281F7EDCDAD9670C32C333BD35,38064205,.mp4,art_source,imported_canonical_content_object,art/draw baseline deduplicated by SHA-256
sources/art/README.md,443FA00D9CE070DD91D21893DAD2377EDAB29FF07BDDAE27404150A755F8C998,1617,.md,art_source,imported_canonical_content_object,art/draw baseline deduplicated by SHA-256
sources/docs/00_文档索引与权威归属.md,343B415B2EC6DC267DEBFC68200C0C782690121670033546E0C23F13616765BE,9743,.md,planning_original,imported_original_name_and_bytes,authorized original planning baseline
sources/docs/G16后工程架构评估与G17路线总结.md,6A3048B8B08F050A8974897E95C8388EBD241CB8D58AE1283A6A0A2DD3196BBA,45022,.md,planning_original,imported_original_name_and_bytes,authorized original planning baseline
sources/docs/M5数值以及文案策划案.md,384DCE82196414F58A19F7083FDD93AA6DD35EB6D2FFEFF49CB5669E9D2696F9,20002,.md,planning_original,imported_original_name_and_bytes,authorized original planning baseline
sources/docs/UI修改策划案.txt,42CE3CE2C6346DAE8721B6604615A6CC3130A9A433099FBD96F9621FFC34954D,20638,.txt,planning_original,imported_original_name_and_bytes,authorized original planning baseline
sources/docs/主模块修改策划案.txt,1C4E41B51E76C1449CC8E669818D93DC0AD849DDAE39841E64C2D2AEE97EF997,25073,.txt,planning_original,imported_original_name_and_bytes,authorized original planning baseline
sources/docs/主菜单策划案.md,F9738188D2EB30175C458AFDDED0FEB0EA7E74B50D6957F69CC30E80622B7581,17227,.md,planning_original,imported_original_name_and_bytes,authorized original planning baseline
sources/docs/出发探索界面与出勤准备规则策划修正案.md,5779DFE22784A3B850A34BA2C266F24FBB692B7F3CDA5F3E68C7C6298E3F881D,37135,.md,planning_original,imported_original_name_and_bytes,authorized original planning baseline
sources/docs/出发探索界面与出勤准备规则策划案.md,E5ADD53A825943408E54CEF83C194B77F9AB2925CDA771C3D9651FF334DBC648,24022,.md,planning_original,imported_original_name_and_bytes,authorized original planning baseline
sources/docs/可行性判断.md,375D8091955982252C599C11AA99BDB7BBD5475DE936554283E277FBDA088608,39197,.md,planning_original,imported_original_name_and_bytes,authorized original planning baseline
sources/docs/局内地图本体与生成规则策划案.md,D3515AC3A5BD37E42AE19F1218F7A033877E5144121CE06EA3A06E91C9BB3F28,38073,.md,planning_original,imported_original_name_and_bytes,authorized original planning baseline
sources/docs/局内流程与状态流转规则策划案.md,54AC0936ECE4290FDDD416429AD5A9BA80AADE6C6F0129B164E17ADE594DD286,26120,.md,planning_original,imported_original_name_and_bytes,authorized original planning baseline
sources/docs/战斗房与怪物遭遇通用规则策划案.md,90D984DD43DFA72D9E8923DF129FD51E72532BA0D8ED653784EC35F8D0409A84,37509,.md,planning_original,imported_original_name_and_bytes,authorized original planning baseline
sources/docs/截至26.6.22报告.md,9A061D0ABF6D79EA327013AA2368C78CD55803489A396081B9D21E7F1FC63F1E,30497,.md,planning_original,imported_original_name_and_bytes,authorized original planning baseline
sources/docs/房间类型、标签与遭遇通用规则策划案.md,881966521F3D57B328634E436532207401D7AB73CB2DD03AD913E3F88F5E43C1,25130,.md,planning_original,imported_original_name_and_bytes,authorized original planning baseline
sources/docs/数值策划案.txt,3EF6DCE11A988960AB79B97B7F4711A0A55762C501B45D2CE1443A8AC1761661,25521,.txt,planning_original,imported_original_name_and_bytes,authorized original planning baseline
sources/docs/文案策划案v0.3.txt,F7ED8FBDCEACB27EA9C9F4A78033EE48E41CD60B321DC7901D4796E2278B1E0A,49115,.txt,planning_original,imported_original_name_and_bytes,authorized original planning baseline
sources/docs/最小物品包与掉落闭环内容策划案.md,DC7CE70E2CB1D11907B79DF046B723FE6581A00D60210C8DE84829A559918CC2,31935,.md,planning_original,imported_original_name_and_bytes,authorized original planning baseline
sources/docs/未来规划策划案.txt,C9543FA184FBBAB04CEAA7CF7727269B6B949EEDD9814C56CD77ADDD9FAB34EA,33100,.txt,planning_original,imported_original_name_and_bytes,authorized original planning baseline
sources/docs/本局结算报告与历史战绩系统.md,4FC5DBA76A11CB0602C962B6A56FA776AE6F37CB20DD2E74E1B0BF9739A518FA,14402,.md,planning_original,imported_original_name_and_bytes,authorized original planning baseline
sources/docs/物品资产模型与内容映射规则策划案.md,3C8107FCD8028BDA5AE562042935F61E363FFDA0DF256B2B61A2FF667DEF9A38,28201,.md,planning_original,imported_original_name_and_bytes,authorized original planning baseline
sources/docs/规则、效果、Modifier 与内容投放通用系统策划案.md,813615EBDE1FF35928E25651A116CBF72DBD17EC24C9D66C1B4CA8ECCA82513D,35551,.md,planning_original,imported_original_name_and_bytes,authorized original planning baseline
sources/docs/长期系统内容补全策划案.md,4DE2F4552621864D24BC6573C9FF78C2608E91C3391EDAB8883B0C8B93E17CB4,32442,.md,planning_original,imported_original_name_and_bytes,authorized original planning baseline
sources/docs/长期系统整合与资产接口规则策划案.md,C6BAA21183027324FA85C577A78B0187DE400A69845C5B1F43EF068E9FBA1233,27417,.md,planning_original,imported_original_name_and_bytes,authorized original planning baseline
sources/docs/长期系统界面与长期构筑规则策划案.md,FF913785CA750479F96C6071C33623C3A5E4BF4F7EC624299154BB5E35D08E3D,21694,.md,planning_original,imported_original_name_and_bytes,authorized original planning baseline
sources/docs/难度判断.md,CCD21CD2E6E65287DFA20634142D9A906C4525F91FF87761127340AE514C990D,33448,.md,planning_original,imported_original_name_and_bytes,authorized original planning baseline
sources/docs_governance/00_索引与总纲/00_UI图片归属表.md,98F515CFBF5DB1FDA1E6FB0798EB787EAC8C861A12BDABCE8985F133BEFEAC01,2505,.md,governance_snapshot,excluded_governance_snapshot,copy-only historical governance snapshot; not an original planning or art source
sources/docs_governance/00_索引与总纲/00_待确认事项汇总.md,AD9A360AB92738A9E32348741C84009ED884388025FF58603B111DA11F38E9A2,2498,.md,governance_snapshot,excluded_governance_snapshot,copy-only historical governance snapshot; not an original planning or art source
sources/docs_governance/00_索引与总纲/00_文档索引与权威归属.md,C0A19B747B2C4ED8E1EC84AF034CAD92F73E4908BEAD31AF530590794AE5723E,5909,.md,governance_snapshot,excluded_governance_snapshot,copy-only historical governance snapshot; not an original planning or art source
sources/docs_governance/00_索引与总纲/00_旧案状态与归档说明.md,6363C52E64E9A3AFF344AD96DB2FA527D76F643C821C4EE74EC56231979D94D0,1978,.md,governance_snapshot,excluded_governance_snapshot,copy-only historical governance snapshot; not an original planning or art source
sources/docs_governance/00_索引与总纲/00_术语表草案.md,810D380C2351E97E7A6DC0273B33A5E0684F2F6A5A4FD9B8CE3F91ABC9EABB19,3503,.md,governance_snapshot,excluded_governance_snapshot,copy-only historical governance snapshot; not an original planning or art source
sources/docs_governance/00_索引与总纲/00_路径与事实源说明.md,691D2B9E1C8DB324089512B3A0E357F57055F75E7820CF8870B490F031797B56,2606,.md,governance_snapshot,excluded_governance_snapshot,copy-only historical governance snapshot; not an original planning or art source
sources/docs_governance/01_当前权威候选/主菜单策划案.md,F9738188D2EB30175C458AFDDED0FEB0EA7E74B50D6957F69CC30E80622B7581,17227,.md,governance_snapshot,excluded_governance_snapshot,copy-only historical governance snapshot; not an original planning or art source
sources/docs_governance/01_当前权威候选/出发探索界面与出勤准备规则策划案.md,E5ADD53A825943408E54CEF83C194B77F9AB2925CDA771C3D9651FF334DBC648,24022,.md,governance_snapshot,excluded_governance_snapshot,copy-only historical governance snapshot; not an original planning or art source
sources/docs_governance/01_当前权威候选/战斗房与怪物遭遇通用规则策划案.md,90D984DD43DFA72D9E8923DF129FD51E72532BA0D8ED653784EC35F8D0409A84,37509,.md,governance_snapshot,excluded_governance_snapshot,copy-only historical governance snapshot; not an original planning or art source
sources/docs_governance/01_当前权威候选/本局结算报告与历史战绩系统.md,4FC5DBA76A11CB0602C962B6A56FA776AE6F37CB20DD2E74E1B0BF9739A518FA,14402,.md,governance_snapshot,excluded_governance_snapshot,copy-only historical governance snapshot; not an original planning or art source
sources/docs_governance/01_当前权威候选/物品资产模型与内容映射规则策划案.md,3C8107FCD8028BDA5AE562042935F61E363FFDA0DF256B2B61A2FF667DEF9A38,28201,.md,governance_snapshot,excluded_governance_snapshot,copy-only historical governance snapshot; not an original planning or art source
sources/docs_governance/01_当前权威候选/长期系统整合与资产接口规则策划案.md,C6BAA21183027324FA85C577A78B0187DE400A69845C5B1F43EF068E9FBA1233,27417,.md,governance_snapshot,excluded_governance_snapshot,copy-only historical governance snapshot; not an original planning or art source
sources/docs_governance/01_当前权威候选/难度判断.md,CCD21CD2E6E65287DFA20634142D9A906C4525F91FF87761127340AE514C990D,33448,.md,governance_snapshot,excluded_governance_snapshot,copy-only historical governance snapshot; not an original planning or art source
sources/docs_governance/02_历史参考_待整合/UI修改策划案.txt,42CE3CE2C6346DAE8721B6604615A6CC3130A9A433099FBD96F9621FFC34954D,20638,.txt,governance_snapshot,excluded_governance_snapshot,copy-only historical governance snapshot; not an original planning or art source
sources/docs_governance/02_历史参考_待整合/主模块修改策划案.txt,1C4E41B51E76C1449CC8E669818D93DC0AD849DDAE39841E64C2D2AEE97EF997,25073,.txt,governance_snapshot,excluded_governance_snapshot,copy-only historical governance snapshot; not an original planning or art source
sources/docs_governance/02_历史参考_待整合/可行性判断.md,375D8091955982252C599C11AA99BDB7BBD5475DE936554283E277FBDA088608,39197,.md,governance_snapshot,excluded_governance_snapshot,copy-only historical governance snapshot; not an original planning or art source
sources/docs_governance/02_历史参考_待整合/未来规划策划案.txt,C9543FA184FBBAB04CEAA7CF7727269B6B949EEDD9814C56CD77ADDD9FAB34EA,33100,.txt,governance_snapshot,excluded_governance_snapshot,copy-only historical governance snapshot; not an original planning or art source
sources/docs_governance/02_历史参考_待整合/长期系统界面与长期构筑规则策划案.md,FF913785CA750479F96C6071C33623C3A5E4BF4F7EC624299154BB5E35D08E3D,21694,.md,governance_snapshot,excluded_governance_snapshot,copy-only historical governance snapshot; not an original planning or art source
sources/docs_governance/03_评估与工程参考/G16后工程架构评估与G17路线总结.md,6A3048B8B08F050A8974897E95C8388EBD241CB8D58AE1283A6A0A2DD3196BBA,45022,.md,governance_snapshot,excluded_governance_snapshot,copy-only historical governance snapshot; not an original planning or art source
sources/docs_governance/04_UI参考图/01_确定图/主菜单确定.png,9B3B8F361388D6C773AAC18B92CDB58BF7FFC3BE454A5AD636E68FEA89228B89,2437952,.png,governance_snapshot,excluded_governance_snapshot,copy-only historical governance snapshot; not an original planning or art source
sources/docs_governance/04_UI参考图/01_确定图/出发探索确定.png,FDABA44239587B784C10278C45BEE93B01167F024C714FD956265BDE263D2F36,2227655,.png,governance_snapshot,excluded_governance_snapshot,copy-only historical governance snapshot; not an original planning or art source
sources/docs_governance/04_UI参考图/01_确定图/长期系统确定.png,4828A818409AC8CB5EA21583514F03F365EC263A6C3CF892DB86D0C76940BA65,2314812,.png,governance_snapshot,excluded_governance_snapshot,copy-only historical governance snapshot; not an original planning or art source
sources/docs_governance/04_UI参考图/02_示例图/主菜单示例.png,C189069D2D82119ACF6E9A03E6BF77AB9657018F34801F283917521F3E224A2C,2343529,.png,governance_snapshot,excluded_governance_snapshot,copy-only historical governance snapshot; not an original planning or art source
sources/docs_governance/04_UI参考图/02_示例图/出发探索示例.png,1DB793A623237CEDB1F0C9F3B3B698FFD6ACAB43CC4D9DBF181BB1B481CA1426,2320609,.png,governance_snapshot,excluded_governance_snapshot,copy-only historical governance snapshot; not an original planning or art source
sources/docs_governance/04_UI参考图/02_示例图/长期系统示例.png,6AC929DBC2180AB825D7BB0515126CA161FB3B504811F05A646D128BA10EB77B,2159315,.png,governance_snapshot,excluded_governance_snapshot,copy-only historical governance snapshot; not an original planning or art source
sources/docs_governance/05_问题截图与审阅记录/6.17问题1.png,5B74ACCCAF1D3C7AA7325971D5C9F2F65F2CCB9E74E06E500B311DACB645A4EB,380812,.png,governance_snapshot,excluded_governance_snapshot,copy-only historical governance snapshot; not an original planning or art source
sources/docs_governance/05_问题截图与审阅记录/6.17问题2.png,C50C9C9B808BFE133259FE7ABEC56661334D5C34F9CCE879322E2FC4DCE7B9E0,86145,.png,governance_snapshot,excluded_governance_snapshot,copy-only historical governance snapshot; not an original planning or art source
sources/docs_governance/05_问题截图与审阅记录/6.17问题3.png,A969173AEFD53D498396DE663F5932B4F770FCBCE4AE06169F8CC949B9C85D3A,54411,.png,governance_snapshot,excluded_governance_snapshot,copy-only historical governance snapshot; not an original planning or art source
sources/docs_governance/05_问题截图与审阅记录/6.17问题4.png,BA20EF90C83152B6AA12BB2367DC29D0E1CC7460AFE924BA4F85B39600C04211,310807,.png,governance_snapshot,excluded_governance_snapshot,copy-only historical governance snapshot; not an original planning or art source
sources/docs_governance/06_工程仓库docs参考/docs/art/ART_ASSET_WORKFLOW_BASELINE.md,B87DFFEB138720873A669013D464DA9C4CA5DC06ABF6D1B44965B9643E1F12EA,4809,.md,governance_snapshot,excluded_governance_snapshot,copy-only historical governance snapshot; not an original planning or art source
sources/docs_governance/06_工程仓库docs参考/docs/art/deploy_ui_adaptation_pass.md,A186A718A043B0D39FDF81B1758672D41DDC69398B0B7C81C819A39EFB96D9D4,5259,.md,governance_snapshot,excluded_governance_snapshot,copy-only historical governance snapshot; not an original planning or art source
sources/docs_governance/06_工程仓库docs参考/docs/audits/AUDIT_C2_TO_C1_HANDOFF_GODOT_LUA_PARITY_P0.md,6E8F7C7EDCDA6C30988436A508B7A227DF6CD267FC9219AE97A543BA8C9B110A,1548,.md,governance_snapshot,excluded_governance_snapshot,copy-only historical governance snapshot; not an original planning or art source
sources/docs_governance/06_工程仓库docs参考/docs/audits/AUDIT_G10_PROGRESS_ART_SMOKE_FOUNDATION.md,8C1140CD7AA98A409788A5E9EBF7185F246345BD7647D7CDE3C3D20F6F213C47,2120,.md,governance_snapshot,excluded_governance_snapshot,copy-only historical governance snapshot; not an original planning or art source
sources/docs_governance/06_工程仓库docs参考/docs/audits/AUDIT_G1_MAIN_LUA_BASELINE.md,7570EB774A5572B4A26AA3AF8F0334F819780A9A58DC1F5FB236D295538628C3,1394,.md,governance_snapshot,excluded_governance_snapshot,copy-only historical governance snapshot; not an original planning or art source
sources/docs_governance/06_工程仓库docs参考/docs/audits/AUDIT_G2_5_REPO_REMOTE_MAIN_AND_HANDOFF.md,3ADF34C346B363BE832B449C8EB982A553E1ACE60CE97A2238F2F15BFA103CD7,2906,.md,governance_snapshot,excluded_governance_snapshot,copy-only historical governance snapshot; not an original planning or art source
sources/docs_governance/06_工程仓库docs参考/docs/audits/AUDIT_G2_GODOT_PROTOTYPE_FOUNDATION.md,E8C54E4E304B9499667C663B2B459F4B1D54192A492E10AFEA18164AB3BFD726,2513,.md,governance_snapshot,excluded_governance_snapshot,copy-only historical governance snapshot; not an original planning or art source
sources/docs_governance/06_工程仓库docs参考/docs/audits/AUDIT_G3_GODOT_LUA_PARITY_P0.md,AEB35C4570EEE83158145C25BF407514F99F85F712FCED1F75FCCEAA06BA8576,2013,.md,governance_snapshot,excluded_governance_snapshot,copy-only historical governance snapshot; not an original planning or art source
sources/docs_governance/06_工程仓库docs参考/docs/audits/AUDIT_G3_PREP_LUA_AUDIT_IMPORT.md,370407AD2EED7501E497878C0BC1B1F5B9C9977DCCED0439EA7F8C9511C90212,1736,.md,governance_snapshot,excluded_governance_snapshot,copy-only historical governance snapshot; not an original planning or art source
sources/docs_governance/06_工程仓库docs参考/docs/audits/AUDIT_G4_PLAYABLE_GRAYBOX_V0_1.md,29002A3DCAC538643E1FAEA1F26036BC9AC0ED19661976794E12EF05D79B7217,1916,.md,governance_snapshot,excluded_governance_snapshot,copy-only historical governance snapshot; not an original planning or art source
sources/docs_governance/06_工程仓库docs参考/docs/audits/AUDIT_G8_1_ARCHITECTURE_HARDENING.md,58B4354A0AC57F6E5B9B34077AC0B961C022E1AEC137B01B6A7F66E3AD6A197A,1580,.md,governance_snapshot,excluded_governance_snapshot,copy-only historical governance snapshot; not an original planning or art source
sources/docs_governance/06_工程仓库docs参考/docs/audits/AUDIT_G8_2_KERNEL_PROTOCOL_HARDENING.md,5341E70A8EC358857047F1DC9AE393B4B37FB511BE021765AEE5BAC69FB663C1,3135,.md,governance_snapshot,excluded_governance_snapshot,copy-only historical governance snapshot; not an original planning or art source
sources/docs_governance/06_工程仓库docs参考/docs/audits/AUDIT_G8_ASSET_LEDGER_RULES_CORE.md,7E7027C786B334C8ACAB7AB6C565EA71BE6DE7CEFC15208B110897B1F12C5DA2,5218,.md,governance_snapshot,excluded_governance_snapshot,copy-only historical governance snapshot; not an original planning or art source
sources/docs_governance/06_工程仓库docs参考/docs/audits/AUDIT_G9_UI_FINAL_INTEGRATION.md,13B7C7669CDC6A8015F4FFAE1021BC9A14FD9A7B8A787227338B929A4E13F0F4,1986,.md,governance_snapshot,excluded_governance_snapshot,copy-only historical governance snapshot; not an original planning or art source
sources/docs_governance/06_工程仓库docs参考/docs/audits/AUDIT_G9_UI_PRESENTATION_LAYERING_REVISION.md,BF5420C596F3A364C31B5E0EB1BD53424C93AE9966D8F9982C231C635D42D47B,2433,.md,governance_snapshot,excluded_governance_snapshot,copy-only historical governance snapshot; not an original planning or art source
sources/docs_governance/06_工程仓库docs参考/docs/audits/G2_5_REPO_REMOTE_MAIN_AND_HANDOFF_REPORT.md,4A0DF93C14734F87A285C235E41517F3322A98E21AEA23FF19F2FF63D734E5B3,2703,.md,governance_snapshot,excluded_governance_snapshot,copy-only historical governance snapshot; not an original planning or art source
sources/docs_governance/06_工程仓库docs参考/docs/audits/G5_ASSET_UI_PARITY_AUDIT.md,00A219A9741C2DE1974DC23F8B69F5DE8388ADCD0012485478360EEE8FFF3DE4,838,.md,governance_snapshot,excluded_governance_snapshot,copy-only historical governance snapshot; not an original planning or art source
sources/docs_governance/06_工程仓库docs参考/docs/branch_changes/BRANCH_CHANGE_C2_TO_C1_HANDOFF_GODOT_LUA_PARITY_P0.md,D5D726FC5652A60D70EBC91FADA8636E5D6FDFD2B382E30622B810193BFED3F0,1376,.md,governance_snapshot,excluded_governance_snapshot,copy-only historical governance snapshot; not an original planning or art source
sources/docs_governance/06_工程仓库docs参考/docs/branch_changes/BRANCH_CHANGE_G1_MAIN_LUA_BASELINE.md,BB508F51BC9716EAC17E6890F643AF294FF79F785C401FC47A13ADA9B564FE43,745,.md,governance_snapshot,excluded_governance_snapshot,copy-only historical governance snapshot; not an original planning or art source
sources/docs_governance/06_工程仓库docs参考/docs/branch_changes/BRANCH_CHANGE_G2_5_LUA_BASELINE_SAFE_BRANCH.md,C787CD9CF8CE4537D6E89C8F6C5FD72F487F90D2354E1E921E75C8E710CA973C,1726,.md,governance_snapshot,excluded_governance_snapshot,copy-only historical governance snapshot; not an original planning or art source
sources/docs_governance/06_工程仓库docs参考/docs/branch_changes/BRANCH_CHANGE_G2_GODOT_PROTOTYPE_FOUNDATION.md,A401E3AD57731CAACABFF122F6B7FF9515A13A35C94A892DAAD0998148274AB9,2396,.md,governance_snapshot,excluded_governance_snapshot,copy-only historical governance snapshot; not an original planning or art source
sources/docs_governance/06_工程仓库docs参考/docs/branch_changes/BRANCH_CHANGE_G3_GODOT_LUA_PARITY_P0.md,B84228DCDD88991D5DC8933629479660E086AE5D9BCD4F9248F4E689BAB338AB,1354,.md,governance_snapshot,excluded_governance_snapshot,copy-only historical governance snapshot; not an original planning or art source
sources/docs_governance/06_工程仓库docs参考/docs/branch_changes/BRANCH_CHANGE_G3_PREP_LUA_AUDIT_IMPORT.md,D8081FDB4F1D917EA0C7C2056B70C141E90E055572464452713F09DCA6D3193D,1719,.md,governance_snapshot,excluded_governance_snapshot,copy-only historical governance snapshot; not an original planning or art source
sources/docs_governance/06_工程仓库docs参考/docs/branch_changes/BRANCH_CHANGE_G4_PLAYABLE_GRAYBOX_V0_1.md,2BB03BB093F048701ED887E930F0BB4C2D84B359B9F7FFA3FF4BE58B01052A86,1413,.md,governance_snapshot,excluded_governance_snapshot,copy-only historical governance snapshot; not an original planning or art source
sources/docs_governance/06_工程仓库docs参考/docs/branch_changes/G10_PROGRESS_ART_SMOKE_FOUNDATION_BRANCH.md,481D2556F15166A3F7E153AF6C3F1B3D550AED12FDDD70257E5065A878D33091,1641,.md,governance_snapshot,excluded_governance_snapshot,copy-only historical governance snapshot; not an original planning or art source
sources/docs_governance/06_工程仓库docs参考/docs/branch_changes/G5_ASSET_UI_PRESENTATION_BRANCH.md,7208A3AE2BEC46D893276175A5581EC5DA4ECD6ED4B29169EB5E163287117628,643,.md,governance_snapshot,excluded_governance_snapshot,copy-only historical governance snapshot; not an original planning or art source
sources/docs_governance/06_工程仓库docs参考/docs/branch_changes/G6_LUA_PLAYABLE_PARITY_P1_CORE_BRANCH.md,83AE0D12113F9959A6EA539FFEF15082E96BF87E26E53E42FAC0DB7E117EDA30,676,.md,governance_snapshot,excluded_governance_snapshot,copy-only historical governance snapshot; not an original planning or art source
sources/docs_governance/06_工程仓库docs参考/docs/branch_changes/G7_LUA_UX_FLOW_PARITY_P2_BRANCH.md,854346E5633FA28553EF41B38364A8484536DEC2F835F2637F4414BFC3510B53,1040,.md,governance_snapshot,excluded_governance_snapshot,copy-only historical governance snapshot; not an original planning or art source
sources/docs_governance/06_工程仓库docs参考/docs/branch_changes/G8_1_ARCHITECTURE_HARDENING_BRANCH.md,09765AB5E0D257D07C667D66759FC9597B99652B1AC0D12EFF0CDCB18A9FA34C,710,.md,governance_snapshot,excluded_governance_snapshot,copy-only historical governance snapshot; not an original planning or art source
sources/docs_governance/06_工程仓库docs参考/docs/branch_changes/G8_2_KERNEL_PROTOCOL_HARDENING_BRANCH.md,876C5EAF54B786EE7E699F67EF40F0B305190CCDD858DB9FFF99524B265FE28D,1839,.md,governance_snapshot,excluded_governance_snapshot,copy-only historical governance snapshot; not an original planning or art source
sources/docs_governance/06_工程仓库docs参考/docs/branch_changes/G8_RULES_ASSET_LEDGER_CORE_BRANCH.md,E993053C2B2317AA63A5D087C119A27B527F53675F6CEBCC795CDC2C8DF31E16,1545,.md,governance_snapshot,excluded_governance_snapshot,copy-only historical governance snapshot; not an original planning or art source
sources/docs_governance/06_工程仓库docs参考/docs/branch_changes/G9_UI_FINAL_INTEGRATION_BRANCH.md,CE50141E8845AC57A49DC19AED0E5C496302B811877CA747FFCB019448637EE1,1376,.md,governance_snapshot,excluded_governance_snapshot,copy-only historical governance snapshot; not an original planning or art source
sources/docs_governance/06_工程仓库docs参考/docs/branch_changes/G9_UI_PRESENTATION_LAYERING_REVISION_BRANCH.md,7863F4AC365930104E487D0B7C604995EA964ABA31F4D99924E1433C0582A295,1386,.md,governance_snapshot,excluded_governance_snapshot,copy-only historical governance snapshot; not an original planning or art source
sources/docs_governance/06_工程仓库docs参考/docs/bugs/G10_BASELINE_BUG_BACKLOG.md,B996E256BD3342C41F18573CD384DC0B51DDF2C07BA3CE1F2C11B47345FD6C7C,2928,.md,governance_snapshot,excluded_governance_snapshot,copy-only historical governance snapshot; not an original planning or art source
sources/docs_governance/06_工程仓库docs参考/docs/CODEX_TASKS.md,A97E0CB78495C8014CFD8A5C0165C9FF8396BF4B9CEAD35684CC972AD26334B0,11055,.md,governance_snapshot,excluded_governance_snapshot,copy-only historical governance snapshot; not an original planning or art source
sources/docs_governance/06_工程仓库docs参考/docs/design-integration-delta.md,78BBDC1CE12184D7D5BA07A08A939D98175206571CE377F6B1BF8F9B6657C6EA,19893,.md,governance_snapshot,excluded_governance_snapshot,copy-only historical governance snapshot; not an original planning or art source
sources/docs_governance/06_工程仓库docs参考/docs/design-integration-plan.md,7E5E4444B83EB381CEA25DBB6D1CC68B283A6390FFCDB15E94FBD2D28440271C,47668,.md,governance_snapshot,excluded_governance_snapshot,copy-only historical governance snapshot; not an original planning or art source
sources/docs_governance/06_工程仓库docs参考/docs/design/G10_FUTURE_CONTENT_PLANNING.md,73131D632740E1CF414BA06FF99EF81CD393E1CCBEBDF2A81AFE659B9FF5E4F1,1803,.md,governance_snapshot,excluded_governance_snapshot,copy-only historical governance snapshot; not an original planning or art source
sources/docs_governance/06_工程仓库docs参考/docs/design/G8_ASSET_LEDGER_INVENTORY_SETTLEMENT_CORE_PLAN.md,B624DDB2F93558384E979F8D92057D79850009F9A461FF1707769CEE3BF83620,8700,.md,governance_snapshot,excluded_governance_snapshot,copy-only historical governance snapshot; not an original planning or art source
sources/docs_governance/06_工程仓库docs参考/docs/design/G9_UI_PRESENTATION_LAYERING_ARCHITECTURE.md,5709B8BE95F5CF186EA70CC40E6B7CCAA27F5AC178CA2BE6CF1F4D0AD4CA2128,7538,.md,governance_snapshot,excluded_governance_snapshot,copy-only historical governance snapshot; not an original planning or art source
sources/docs_governance/06_工程仓库docs参考/docs/design_sources/architecture/G16_POST_ARCHITECTURE_DIRECTION_REFERENCE.md,CE9BF8668FA38F67A5E41F99E5D8F7877C5ADBA5E3EA85EFF09543A79EA6B024,45014,.md,governance_snapshot,excluded_governance_snapshot,copy-only historical governance snapshot; not an original planning or art source
sources/docs_governance/06_工程仓库docs参考/docs/design_sources/architecture/godot_future_plan.md,C9543FA184FBBAB04CEAA7CF7727269B6B949EEDD9814C56CD77ADDD9FAB34EA,33100,.md,governance_snapshot,excluded_governance_snapshot,copy-only historical governance snapshot; not an original planning or art source
sources/docs_governance/06_工程仓库docs参考/docs/design_sources/asset_model/item_asset_model_mapping.md,67CA56429F3CFB29A785F67CC3AB275BCF299E6B5F5109B4CC6EA992BE2AD98F,28195,.md,governance_snapshot,excluded_governance_snapshot,copy-only historical governance snapshot; not an original planning or art source
sources/docs_governance/06_工程仓库docs参考/docs/design_sources/DESIGN_SOURCE_INDEX.md,C8708ECC505BA9261E363E45082E5758752691958E05B86DC902E20D522FF8F3,6575,.md,governance_snapshot,excluded_governance_snapshot,copy-only historical governance snapshot; not an original planning or art source
sources/docs_governance/06_工程仓库docs参考/docs/design_sources/encounter_combat/combat_room_monster_rules.md,AB70C421109AB027C56A875F3358E4B9F23AEA2C1FA6A422023D5F1BD84920FC,37503,.md,governance_snapshot,excluded_governance_snapshot,copy-only historical governance snapshot; not an original planning or art source
sources/docs_governance/06_工程仓库docs参考/docs/design_sources/long_term/G18_LONG_TERM_UI_RULES_LEGACY.md,C6E9BBE4939DC360469B1CB8FA5F60BE9248F206422D5358859987DB09E2F5E6,21688,.md,governance_snapshot,excluded_governance_snapshot,copy-only historical governance snapshot; not an original planning or art source
sources/docs_governance/06_工程仓库docs参考/docs/design_sources/long_term/long_term_integration_asset_interface.md,B29269B52447F4F76A676ED9A4FD1986C9A3C9083DB248C8019F14CD7B5A0B47,27411,.md,governance_snapshot,excluded_governance_snapshot,copy-only historical governance snapshot; not an original planning or art source
sources/docs_governance/06_工程仓库docs参考/docs/design_sources/meta/difficulty_model_analysis.md,CCD21CD2E6E65287DFA20634142D9A906C4525F91FF87761127340AE514C990D,33448,.md,governance_snapshot,excluded_governance_snapshot,copy-only historical governance snapshot; not an original planning or art source
sources/docs_governance/06_工程仓库docs参考/docs/design_sources/meta/feasibility_analysis.md,375D8091955982252C599C11AA99BDB7BBD5475DE936554283E277FBDA088608,39197,.md,governance_snapshot,excluded_governance_snapshot,copy-only historical governance snapshot; not an original planning or art source
sources/docs_governance/06_工程仓库docs参考/docs/design_sources/README.md,7B79C3D20C8ECC6C38BFF74C70017DDB53B6A8F964755DD493357E07E6F211BD,925,.md,governance_snapshot,excluded_governance_snapshot,copy-only historical governance snapshot; not an original planning or art source
sources/docs_governance/06_工程仓库docs参考/docs/design_sources/run_flow/deploy_prep_rules.md,85531609E9D6CF7723BEC9F0AFE7814CDC31F66656FE27659C5417CA13935ABF,24016,.md,governance_snapshot,excluded_governance_snapshot,copy-only historical governance snapshot; not an original planning or art source
sources/docs_governance/06_工程仓库docs参考/docs/design_sources/run_flow/G10_CORE_MODULE_ASSET_SETTLEMENT_RULES.md,1C4E41B51E76C1449CC8E669818D93DC0AD849DDAE39841E64C2D2AEE97EF997,25073,.md,governance_snapshot,excluded_governance_snapshot,copy-only historical governance snapshot; not an original planning or art source
sources/docs_governance/06_工程仓库docs参考/docs/design_sources/settlement_history/run_report_history.md,045D172A2DA6C8C485F998581E16FCC1A828B7F33D72450FE72B5DA85378C35F,14396,.md,governance_snapshot,excluded_governance_snapshot,copy-only historical governance snapshot; not an original planning or art source
sources/docs_governance/06_工程仓库docs参考/docs/design_sources/ui_flow/G09_UI_INFORMATION_ARCHITECTURE.md,42CE3CE2C6346DAE8721B6604615A6CC3130A9A433099FBD96F9621FFC34954D,20638,.md,governance_snapshot,excluded_governance_snapshot,copy-only historical governance snapshot; not an original planning or art source
sources/docs_governance/06_工程仓库docs参考/docs/design_sources/ui_flow/main_menu_design.md,F9738188D2EB30175C458AFDDED0FEB0EA7E74B50D6957F69CC30E80622B7581,17227,.md,governance_snapshot,excluded_governance_snapshot,copy-only historical governance snapshot; not an original planning or art source
sources/docs_governance/06_工程仓库docs参考/docs/dev-plan.md,F039CC48081290C8416D5E731A65385A35C921A71E7F32B3000D9E00FCDD7B6F,12859,.md,governance_snapshot,excluded_governance_snapshot,copy-only historical governance snapshot; not an original planning or art source
sources/docs_governance/06_工程仓库docs参考/docs/DOCS_INDEX.md,62B6A6368B7FBAE78361BA2A0E91FAA5601A69332332BA68E5348A9096EC014B,23981,.md,governance_snapshot,excluded_governance_snapshot,copy-only historical governance snapshot; not an original planning or art source
sources/docs_governance/06_工程仓库docs参考/docs/ENGINEERING_STATUS.md,44289D4D1E6CEDDB3973518C2F0A5C9A0AC6A5B3D787534E60806316B4FF4401,46347,.md,governance_snapshot,excluded_governance_snapshot,copy-only historical governance snapshot; not an original planning or art source
sources/docs_governance/06_工程仓库docs参考/docs/game-design.md,CE81617727279CA7AC7A606D7CBE8AFD83F02738D03F42B3655CC2A355E20540,22041,.md,governance_snapshot,excluded_governance_snapshot,copy-only historical governance snapshot; not an original planning or art source
sources/docs_governance/06_工程仓库docs参考/docs/GAMEPLAY_LOGIC_MVP_STATUS.md,EE862F42BEB0792461FC03DEA9CA9B7197626C66D5F1C1878B5F3ADAAD153012,1384,.md,governance_snapshot,excluded_governance_snapshot,copy-only historical governance snapshot; not an original planning or art source
sources/docs_governance/06_工程仓库docs参考/docs/handoff/HANDOFF_C2_TO_C1_GODOT_LUA_PARITY_P0.md,BD5D349FCDA27264BD478259394FE189125430D3911D22897E37E91DCADE9689,4718,.md,governance_snapshot,excluded_governance_snapshot,copy-only historical governance snapshot; not an original planning or art source
sources/docs_governance/06_工程仓库docs参考/docs/handoff/HANDOFF_G10_PROGRESS_ART_SMOKE_FOUNDATION.md,59DA55B71DA398CFF1EC03E0D247ED523D7553E51ECB1EE2F718253AF62D074E,4720,.md,governance_snapshot,excluded_governance_snapshot,copy-only historical governance snapshot; not an original planning or art source
sources/docs_governance/06_工程仓库docs参考/docs/handoff/HANDOFF_G11_MAINLINE_UX_READABILITY.md,0CFB9145C57E25CCD0BFC357EFA1D8F688236DEBED33A73254AE69F9A5E6CD2B,4090,.md,governance_snapshot,excluded_governance_snapshot,copy-only historical governance snapshot; not an original planning or art source
sources/docs_governance/06_工程仓库docs参考/docs/handoff/HANDOFF_G12_LEGACY_DEMO_CORE_LOOP_PARITY.md,4B7E6BFE46A9917F97373EB3F5D6C74E25FC49CD322A3F1D46B1307795909E53,3740,.md,governance_snapshot,excluded_governance_snapshot,copy-only historical governance snapshot; not an original planning or art source
sources/docs_governance/06_工程仓库docs参考/docs/handoff/HANDOFF_G13_RESOLUTION_LAYOUT_ADAPTATION.md,9E34964AF779B3754AF0CAEEFEFD86DAA7736D7F933CC7047EFD66A82F7F54AA,2921,.md,governance_snapshot,excluded_governance_snapshot,copy-only historical governance snapshot; not an original planning or art source
sources/docs_governance/06_工程仓库docs参考/docs/handoff/HANDOFF_G14_LEGACY_DEMO_UI_SURFACE.md,A35AFF1D84A17EB7E88CE2179A9B5715C2D547FF96349FDF6156909CB97902E8,5887,.md,governance_snapshot,excluded_governance_snapshot,copy-only historical governance snapshot; not an original planning or art source
sources/docs_governance/06_工程仓库docs参考/docs/handoff/HANDOFF_G15_ENCOUNTER_FRAMEWORK.md,D887EF2CFD2DA48381E877A72DCF86A6AFAAD543A07A110A46A6D7F0F137531F,5781,.md,governance_snapshot,excluded_governance_snapshot,copy-only historical governance snapshot; not an original planning or art source
sources/docs_governance/06_工程仓库docs参考/docs/handoff/HANDOFF_G16_COMBAT_ENCOUNTER_FOUNDATION.md,71660AF9C546080046B320ACEF85F20098471DF1648C18ACAA6E444FC0F6B5A3,2950,.md,governance_snapshot,excluded_governance_snapshot,copy-only historical governance snapshot; not an original planning or art source
sources/docs_governance/06_工程仓库docs参考/docs/handoff/HANDOFF_G17_APP_SHELL_MAIN_MENU.md,FC74F192022083DEFB4136B256A21261E9E95618EEFB3903AF2CADED6CE47A94,3917,.md,governance_snapshot,excluded_governance_snapshot,copy-only historical governance snapshot; not an original planning or art source
sources/docs_governance/06_工程仓库docs参考/docs/handoff/HANDOFF_G18_ALIGN_DEPLOY_PREP_ASSET_VIEW.md,E458B4CE7350AB5A2642D5E10AC613A9FAF88ADE6ED8C37F68A617FDEE3EFD65,3961,.md,governance_snapshot,excluded_governance_snapshot,copy-only historical governance snapshot; not an original planning or art source
sources/docs_governance/06_工程仓库docs参考/docs/handoff/HANDOFF_G18_DEPLOY_PREP_FOUNDATION.md,6C7721203AC40BF06E676ADBA9BED2F9B00DB0FFDB444124200CE078489104EE,4132,.md,governance_snapshot,excluded_governance_snapshot,copy-only historical governance snapshot; not an original planning or art source
sources/docs_governance/06_工程仓库docs参考/docs/handoff/HANDOFF_G19_LONG_TERM_SHELL_FOUNDATION.md,08F75E7F7CE50F0E8245F780685B86B75716297A528B9EB65759759E29A0915E,3136,.md,governance_snapshot,excluded_governance_snapshot,copy-only historical governance snapshot; not an original planning or art source
sources/docs_governance/06_工程仓库docs参考/docs/handoff/HANDOFF_G20_PROJECT_KNOWLEDGE_GOVERNANCE.md,2A5D36A730026D67B76A4055A69D7F28B52AB4C37494B865050520EBC4FDC34C,3112,.md,governance_snapshot,excluded_governance_snapshot,copy-only historical governance snapshot; not an original planning or art source
sources/docs_governance/06_工程仓库docs参考/docs/handoff/HANDOFF_G21_ASSET_ITEM_FLOW_CONTRACT.md,2B177E14F4C38A2E2B2DEB13E520260893C7E4396549E2C7C2AC5392EB7E423B,3695,.md,governance_snapshot,excluded_governance_snapshot,copy-only historical governance snapshot; not an original planning or art source
sources/docs_governance/06_工程仓库docs参考/docs/handoff/HANDOFF_G22_DEPLOY_PREP_FULL_MODULE_CONTENT_PREVIEW.md,0049A995340375FF49C9BE85E094C50D6F02B5020BC0754500FF3A49E9C5C7C1,1304,.md,governance_snapshot,excluded_governance_snapshot,copy-only historical governance snapshot; not an original planning or art source
sources/docs_governance/06_工程仓库docs参考/docs/handoff/HANDOFF_G23_SETTLEMENT_HISTORY_SNAPSHOT_FOUNDATION.md,CDD3D2B718E14A07817BA537D443D9354F2B861B2594AB80899935CBEB1D2C20,1014,.md,governance_snapshot,excluded_governance_snapshot,copy-only historical governance snapshot; not an original planning or art source
sources/docs_governance/06_工程仓库docs参考/docs/handoff/HANDOFF_G24_LONG_TERM_CONTENT_FRAMEWORK_FOUNDATION.md,A3BE76660AE8CC6326AF25DB81B5DCC9A0D2774E7C5B4A9B3758D00AF074FF75,1866,.md,governance_snapshot,excluded_governance_snapshot,copy-only historical governance snapshot; not an original planning or art source
sources/docs_governance/06_工程仓库docs参考/docs/handoff/HANDOFF_G25_UI_STRUCTURE_PLAYABLE_ROUTE.md,FC2C4A82B57434EF52F1E3351E2A136BF872B533B50D60807AF19D33F985D1CE,1500,.md,governance_snapshot,excluded_governance_snapshot,copy-only historical governance snapshot; not an original planning or art source
sources/docs_governance/06_工程仓库docs参考/docs/handoff/HANDOFF_G5_ASSET_UI_PRESENTATION.md,7E33688C74E3B2886993E21AB284079E6ECEE20FCDB83194862455BACC57AD45,1249,.md,governance_snapshot,excluded_governance_snapshot,copy-only historical governance snapshot; not an original planning or art source
sources/docs_governance/06_工程仓库docs参考/docs/handoff/HANDOFF_G6_LUA_PLAYABLE_PARITY_P1_CORE.md,AA9CDC2CD9B3ED143245CBCE5409F76874A8C6D8ED26D6C11F7E2DBF55237548,1782,.md,governance_snapshot,excluded_governance_snapshot,copy-only historical governance snapshot; not an original planning or art source
sources/docs_governance/06_工程仓库docs参考/docs/handoff/HANDOFF_G7_LUA_UX_FLOW_PARITY_P2.md,0858351387D0DD043CD0316B0B8F2852CAB1D2F3F177F800846054C5E8F453A4,1919,.md,governance_snapshot,excluded_governance_snapshot,copy-only historical governance snapshot; not an original planning or art source
sources/docs_governance/06_工程仓库docs参考/docs/handoff/HANDOFF_G8_1_ARCHITECTURE_HARDENING.md,5E03F777B9E18783975AF5F740F75B04557BA3E05628B192CEB77E2ABA7B2E5A,2107,.md,governance_snapshot,excluded_governance_snapshot,copy-only historical governance snapshot; not an original planning or art source
sources/docs_governance/06_工程仓库docs参考/docs/handoff/HANDOFF_G8_2_KERNEL_PROTOCOL_HARDENING.md,D4B28342D58EAB0A8964387E428B23C2C7684DBE15D3367932A607C518080FC3,3365,.md,governance_snapshot,excluded_governance_snapshot,copy-only historical governance snapshot; not an original planning or art source
sources/docs_governance/06_工程仓库docs参考/docs/handoff/HANDOFF_G8_ASSET_LEDGER_RULES_CORE.md,A6CD6BB8DD20AF5CE5CAE51EEB2C02ECE37534ADEB540CDD70B4B0D39204DE63,2764,.md,governance_snapshot,excluded_governance_snapshot,copy-only historical governance snapshot; not an original planning or art source
sources/docs_governance/06_工程仓库docs参考/docs/handoff/HANDOFF_G9_UI_FINAL_INTEGRATION.md,23D2E9BF715AC8946632872C059C245BA3DBAC718492BF6484A1462B8FA94BB9,1981,.md,governance_snapshot,excluded_governance_snapshot,copy-only historical governance snapshot; not an original planning or art source
sources/docs_governance/06_工程仓库docs参考/docs/handoff/HANDOFF_G9_UI_PRESENTATION_LAYERING_REVISION.md,E01DC291E8B0D171580BA585FDB29E022D00E733DCC077FEF76573B466F30899,3388,.md,governance_snapshot,excluded_governance_snapshot,copy-only historical governance snapshot; not an original planning or art source
sources/docs_governance/06_工程仓库docs参考/docs/handoff/HANDOFF_POST_G16_ARCHITECTURE_DIRECTION.md,36994CFD400301EBA0453213CAC926BBE0EA8A078D7C63B2F525AB28AB25DCAE,6691,.md,governance_snapshot,excluded_governance_snapshot,copy-only historical governance snapshot; not an original planning or art source
sources/docs_governance/06_工程仓库docs参考/docs/handoff/HANDOFF_TEMPLATE.md,88A3DC9D7A72BBF99EC58D961AE54356ABD96ED83F5B4C6DB22D34173CBAB469,2776,.md,governance_snapshot,excluded_governance_snapshot,copy-only historical governance snapshot; not an original planning or art source
sources/docs_governance/06_工程仓库docs参考/docs/HANDOFF_TWO_PC.md,778A7DA2F695A04FE9DFCD23BC252F7FDB8BEB268F34589571B96E2F5F29085A,1684,.md,governance_snapshot,excluded_governance_snapshot,copy-only historical governance snapshot; not an original planning or art source
sources/docs_governance/06_工程仓库docs参考/docs/HANDOFF_TWO_PC_CURRENT_BRANCHES.md,B275A18B215237E69A681BF95E2D85B1B19AEDD28C0C0A91D9AF13D001886C13,814,.md,governance_snapshot,excluded_governance_snapshot,copy-only historical governance snapshot; not an original planning or art source
sources/docs_governance/06_工程仓库docs参考/docs/HANDOFF_TWO_PC_GODOT_BRANCH.md,FF239E51157D80093AA0053F20B44483F1ACBA054B9BF7E4F30FFF0A8D5DE4BC,3508,.md,governance_snapshot,excluded_governance_snapshot,copy-only historical governance snapshot; not an original planning or art source
sources/docs_governance/06_工程仓库docs参考/docs/HANDOFF_TWO_PC_GODOT_LUA_PARITY_P0.md,DC2774F0C5DCBA2DB15E358DC4A2EA0493367F0F295A2369E278B9CF228C4A93,1476,.md,governance_snapshot,excluded_governance_snapshot,copy-only historical governance snapshot; not an original planning or art source
sources/docs_governance/06_工程仓库docs参考/docs/HANDOFF_TWO_PC_GODOT_PLAYABLE_GRAYBOX.md,B998D66A7E957DAC292B5772623341FCAFF2118EF6327913392BF98F2D78E074,1395,.md,governance_snapshot,excluded_governance_snapshot,copy-only historical governance snapshot; not an original planning or art source
sources/docs_governance/06_工程仓库docs参考/docs/integration-self-check.md,E9C6B170D64A65F1F315C6400077938FCE133821075D57A9450D03D1A16DA090,3887,.md,governance_snapshot,excluded_governance_snapshot,copy-only historical governance snapshot; not an original planning or art source
sources/docs_governance/06_工程仓库docs参考/docs/lua_audit/LUA_DEEP_AUDIT_REPORT.md,BE68EAB66CE70C42269882A7798AAA2B9B62D2A92C1C9964E80BA2B59E839194,25064,.md,governance_snapshot,excluded_governance_snapshot,copy-only historical governance snapshot; not an original planning or art source
sources/docs_governance/06_工程仓库docs参考/docs/lua_audit/LUA_PARITY_TASKS_FOR_GODOT.csv,0D244294B69333FDF7AF4B391BF0AA6C5486D7492134C170F28A32452AB74DF3,8705,.csv,governance_snapshot,excluded_governance_snapshot,copy-only historical governance snapshot; not an original planning or art source
sources/docs_governance/06_工程仓库docs参考/docs/lua_audit/LUA_SYSTEM_CALLGRAPH.md,E474EC07EBC03FFFB1F0222853902A2A174B17AE85742A9C2703CB6288F93B52,14658,.md,governance_snapshot,excluded_governance_snapshot,copy-only historical governance snapshot; not an original planning or art source
sources/docs_governance/06_工程仓库docs参考/docs/lua_audit/LUA_TO_GODOT_PARITY_SPEC.md,2DCE24A6EAD8E1731AA3B33B0FAFA9F12695C98E8DE1DEE6EA6713630BD46784,15114,.md,governance_snapshot,excluded_governance_snapshot,copy-only historical governance snapshot; not an original planning or art source
sources/docs_governance/06_工程仓库docs参考/docs/LUA_BASELINE_STATUS.md,4EFE57D5FBC18DFAA9828C9C2157F6ACCFCF26E4EA6499E4F366A3C0E8F87FDF,2849,.md,governance_snapshot,excluded_governance_snapshot,copy-only historical governance snapshot; not an original planning or art source
sources/docs_governance/06_工程仓库docs参考/docs/MILESTONES.md,032DFC5F3DBFFC16B922A57128BCDAED5A9C5402BAC6E58C74908C80700FAF81,9871,.md,governance_snapshot,excluded_governance_snapshot,copy-only historical governance snapshot; not an original planning or art source
sources/docs_governance/06_工程仓库docs参考/docs/NEXT_HANDOFF.md,AC771AE88ACA1BDB9D75FAB1ADFFFF2CBDA65E961F26BA25BDD60EC66881CA3F,29463,.md,governance_snapshot,excluded_governance_snapshot,copy-only historical governance snapshot; not an original planning or art source
sources/docs_governance/06_工程仓库docs参考/docs/PROJECT_BASELINE.md,F4BE7721A0878FA7B3251D533F666D993218B78141E730E0C94748D0C5B1D402,40482,.md,governance_snapshot,excluded_governance_snapshot,copy-only historical governance snapshot; not an original planning or art source
sources/docs_governance/06_工程仓库docs参考/docs/project_governance/BRANCH_INVENTORY.md,706985FCCE05A40ED7D86D6D1298B6E2D92C4784F1B73228F05C008AA33368B2,9225,.md,governance_snapshot,excluded_governance_snapshot,copy-only historical governance snapshot; not an original planning or art source
sources/docs_governance/06_工程仓库docs参考/docs/project_governance/COMMIT_MILESTONE_MAP.md,BD4D37ADF06E083E0B7B3F2AE6656598E4164194B8FF0BBF25C5061253746B8F,11023,.md,governance_snapshot,excluded_governance_snapshot,copy-only historical governance snapshot; not an original planning or art source
sources/docs_governance/06_工程仓库docs参考/docs/project_governance/DECISION_LOG.md,9EC61AB4B6B9089D7FFEEFEE342D8004C1E15FFEE7805C3E4577E594DBAC5A62,12606,.md,governance_snapshot,excluded_governance_snapshot,copy-only historical governance snapshot; not an original planning or art source
sources/docs_governance/06_工程仓库docs参考/docs/project_governance/DOCUMENT_LIFECYCLE.md,2625981FB00FE46C51D2F65906E791F8EA21D3FDBF68B49CB3315D582FE3A45C,2152,.md,governance_snapshot,excluded_governance_snapshot,copy-only historical governance snapshot; not an original planning or art source
sources/docs_governance/06_工程仓库docs参考/docs/project_governance/EXECUTION_ENVIRONMENT.md,359CBC5828DA34090B3A8C290B8CA4CA5B76A942ACE12A5308AB8C70B6B522D2,1801,.md,governance_snapshot,excluded_governance_snapshot,copy-only historical governance snapshot; not an original planning or art source
sources/docs_governance/06_工程仓库docs参考/docs/project_governance/GLOSSARY.md,7D4482A369847471BBF092E6CC48530A34E0251DC6E7C0619E144125CA477297,10563,.md,governance_snapshot,excluded_governance_snapshot,copy-only historical governance snapshot; not an original planning or art source
sources/docs_governance/06_工程仓库docs参考/docs/project_governance/HANDOFF_TEMPLATE.md,6EFE65E4D1712510FA0B7954C73DA1F8AB15661B0EA23C11BB56186EF66A80F4,802,.md,governance_snapshot,excluded_governance_snapshot,copy-only historical governance snapshot; not an original planning or art source
sources/docs_governance/06_工程仓库docs参考/docs/project_governance/NAMING_CONVENTIONS.md,D2653C4A91C61A78DEA489A972E843915DB164BF57F920F0AE145A8BD05A2C97,990,.md,governance_snapshot,excluded_governance_snapshot,copy-only historical governance snapshot; not an original planning or art source
sources/docs_governance/06_工程仓库docs参考/docs/project_governance/SOURCE_OF_TRUTH_POLICY.md,1894CBCD3937B93D9BCA974053C6A3D416903AF065EE14202346F42731CCCA40,1715,.md,governance_snapshot,excluded_governance_snapshot,copy-only historical governance snapshot; not an original planning or art source
sources/docs_governance/06_工程仓库docs参考/docs/project_governance/SOURCE_REGISTRY.md,2D312578EDBCE193EE500F5C2576B59D3DB8376B542EB2AED1CCCC8B968D4E33,6627,.md,governance_snapshot,excluded_governance_snapshot,copy-only historical governance snapshot; not an original planning or art source
sources/docs_governance/06_工程仓库docs参考/docs/project_governance/STAGE_SUMMARY_TEMPLATE.md,8CD72F42F250A2E70797FCFE2B226B395A1CB6CD028AD246BC7FAAE9B4F8B555,556,.md,governance_snapshot,excluded_governance_snapshot,copy-only historical governance snapshot; not an original planning or art source
sources/docs_governance/06_工程仓库docs参考/docs/project_governance/TEMP_AND_DEPRECATED_INVENTORY.md,C2EAA7C02D1783A46C6DAA1A31F15DDC15450592F550DC926590B545F50F68EE,11549,.md,governance_snapshot,excluded_governance_snapshot,copy-only historical governance snapshot; not an original planning or art source
sources/docs_governance/06_工程仓库docs参考/docs/project_governance/VALIDATION_STATUS_MATRIX.md,2399C2CA2E25D8CD32A48C58513A70EB89E1BD982BC15D243701F90FEFD73A31,9308,.md,governance_snapshot,excluded_governance_snapshot,copy-only historical governance snapshot; not an original planning or art source
sources/docs_governance/06_工程仓库docs参考/docs/project_governance/VALIDATION_TEMPLATE.md,002C057B2456951D0722D239A7078664CD8EA0F128018229B34D96DB8B90503D,826,.md,governance_snapshot,excluded_governance_snapshot,copy-only historical governance snapshot; not an original planning or art source
sources/docs_governance/06_工程仓库docs参考/docs/REFACTOR_ARCHITECTURE.md,66ED52A4D133ACFB97244643B0FABF5559A8DDA457726299374A70E05A0CD658,11520,.md,governance_snapshot,excluded_governance_snapshot,copy-only historical governance snapshot; not an original planning or art source
sources/docs_governance/06_工程仓库docs参考/docs/REPO_POLICY.md,0BF42691A1205A386EFC50D1DCF0EE88B26B38F50839023E1E507D10CA3AEAC5,1981,.md,governance_snapshot,excluded_governance_snapshot,copy-only historical governance snapshot; not an original planning or art source
sources/docs_governance/06_工程仓库docs参考/docs/route_analysis/ROADMAP_G20_PLUS.md,4A96EB8C01F7177558F06CFE4F5A4A74E177FA96C5CB4325A4C4E0E71A87184E,12178,.md,governance_snapshot,excluded_governance_snapshot,copy-only historical governance snapshot; not an original planning or art source
sources/docs_governance/06_工程仓库docs参考/docs/route_analysis/ROUTE_ANALYSIS_G10_TO_G19.md,D8E4149384FA9822535F1ECBE75B09DDBC6E18EDD939C8059E9A5663C9FA0F6F,5551,.md,governance_snapshot,excluded_governance_snapshot,copy-only historical governance snapshot; not an original planning or art source
sources/docs_governance/06_工程仓库docs参考/docs/route_analysis/STAGE_DEPENDENCY_MAP.md,0BE79DAEEB93DDBAA0DD2F9C599FFE6034BE5F154767F4B271F5B173F6903F88,4373,.md,governance_snapshot,excluded_governance_snapshot,copy-only historical governance snapshot; not an original planning or art source
sources/docs_governance/06_工程仓库docs参考/docs/route_analysis/SYSTEM_BOUNDARY_MAP.md,4D0EB1C1695E01B49B63CE0063C9514F3852D1D30D1B2120D2FEAF00F46AD5E0,11242,.md,governance_snapshot,excluded_governance_snapshot,copy-only historical governance snapshot; not an original planning or art source
sources/docs_governance/06_工程仓库docs参考/docs/stage_summaries/G10_SUMMARY.md,9CA0F09B611959D75A0E48AE986747752BB125FC9C69B3CB49D7D9C2F8546F75,3179,.md,governance_snapshot,excluded_governance_snapshot,copy-only historical governance snapshot; not an original planning or art source
sources/docs_governance/06_工程仓库docs参考/docs/stage_summaries/G11_SUMMARY.md,454DBF8B6B80ACB3C9793618AA42C311E90FB241351ACDB57DEBE63FE3ED974B,2557,.md,governance_snapshot,excluded_governance_snapshot,copy-only historical governance snapshot; not an original planning or art source
sources/docs_governance/06_工程仓库docs参考/docs/stage_summaries/G12_SUMMARY.md,B5561A4C89B7BDAD5EF06DD7BB0B9AA9D861857054315F46E701895D8B4499E2,2641,.md,governance_snapshot,excluded_governance_snapshot,copy-only historical governance snapshot; not an original planning or art source
sources/docs_governance/06_工程仓库docs参考/docs/stage_summaries/G13_SUMMARY.md,2924E0E22E352CCEDB6C600CF624304889B891CAF1689AC7D1C2EBC0ACCE9A55,2691,.md,governance_snapshot,excluded_governance_snapshot,copy-only historical governance snapshot; not an original planning or art source
sources/docs_governance/06_工程仓库docs参考/docs/stage_summaries/G14_SUMMARY.md,D23AE4C61E485618D8BFBB6BA57D23405179373B46635C6F7286C5E329E7535F,3478,.md,governance_snapshot,excluded_governance_snapshot,copy-only historical governance snapshot; not an original planning or art source
sources/docs_governance/06_工程仓库docs参考/docs/stage_summaries/G15_SUMMARY.md,0400E7A5901E7617DCA7A99B699164857E769DB46DFE643110C56D599F1D4EDB,3260,.md,governance_snapshot,excluded_governance_snapshot,copy-only historical governance snapshot; not an original planning or art source
sources/docs_governance/06_工程仓库docs参考/docs/stage_summaries/G16_SUMMARY.md,F08DE9F91CF12FE1CBD49E1805A89DA01D041D7D84BE8A981730244A69254F0B,3497,.md,governance_snapshot,excluded_governance_snapshot,copy-only historical governance snapshot; not an original planning or art source
sources/docs_governance/06_工程仓库docs参考/docs/stage_summaries/G17_SUMMARY.md,6B2A5FB4060104E97D63926C5D69216C58CCA6DDB4772A437273EB365CEF61BA,2702,.md,governance_snapshot,excluded_governance_snapshot,copy-only historical governance snapshot; not an original planning or art source
sources/docs_governance/06_工程仓库docs参考/docs/stage_summaries/G18_SUMMARY.md,CBB257A8D192C34F6D469A7C89E8CC1D3DC9FA466458D8DC89C331B96C29025C,3006,.md,governance_snapshot,excluded_governance_snapshot,copy-only historical governance snapshot; not an original planning or art source
sources/docs_governance/06_工程仓库docs参考/docs/stage_summaries/G19_SUMMARY.md,6CC94626A69A4AC6B5A03D01AB7D9E9D1528381AA7194B90DF3D17D237AF6178,3418,.md,governance_snapshot,excluded_governance_snapshot,copy-only historical governance snapshot; not an original planning or art source
sources/docs_governance/06_工程仓库docs参考/docs/stage_summaries/STAGE_SUMMARY_INDEX.md,73BA53BD0D1D6D7E698F4E120E3F05206BF4C827E6881381BCBDCBC7E6C9E29A,3283,.md,governance_snapshot,excluded_governance_snapshot,copy-only historical governance snapshot; not an original planning or art source
sources/docs_governance/06_工程仓库docs参考/docs/UE_FOUNDATION_STATUS.md,CEBA5FF908AA34D4D89D034771AC43D9DABBF6CA26AE04DB9D30C497729EE4CF,1202,.md,governance_snapshot,excluded_governance_snapshot,copy-only historical governance snapshot; not an original planning or art source
sources/docs_governance/06_工程仓库docs参考/docs/UE_REFACTOR_IMPLEMENTATION.md,6113B65C75C945B17E126F087E87F67627F0861286EDCF21C6C0F72964D0F5CA,9095,.md,governance_snapshot,excluded_governance_snapshot,copy-only historical governance snapshot; not an original planning or art source
sources/docs_governance/06_工程仓库docs参考/docs/ui-layout-implementation-plan.md,F54BECBC88602DBA7FC755DFE448AACECB39161CE12E12F1846BC06E0D17319D,13864,.md,governance_snapshot,excluded_governance_snapshot,copy-only historical governance snapshot; not an original planning or art source
sources/docs_governance/06_工程仓库docs参考/docs/v0.3-progress-assessment.md,4C1286ECB1794C70105151601FF0966143552089DFB1D49AAD2209028749A2CA,8210,.md,governance_snapshot,excluded_governance_snapshot,copy-only historical governance snapshot; not an original planning or art source
sources/docs_governance/06_工程仓库docs参考/docs/v03-balance-port-self-check.md,0BCF56541C910EEC62AB69ADDA7396462D0780EF9933EC7CD533049A66D83003,3105,.md,governance_snapshot,excluded_governance_snapshot,copy-only historical governance snapshot; not an original planning or art source
sources/docs_governance/06_工程仓库docs参考/docs/validation/FIRST_REAL_ENGINEERING_WORK_BUNDLE_VALIDATION.md,7AB3DB81284B5A48FC46AC95ABA2AA7A1E7BE607804A10DFCAEBE629869DE133,2660,.md,governance_snapshot,excluded_governance_snapshot,copy-only historical governance snapshot; not an original planning or art source
sources/docs_governance/06_工程仓库docs参考/docs/validation/G10_CLOSEOUT_REMOTE_CONFIRMATION_FOLLOWUP.md,DB0264E8341D0EE92FC005A310FB1DF83A90C9CE31F07A178A29FCDCFAD8E0FF,1824,.md,governance_snapshot,excluded_governance_snapshot,copy-only historical governance snapshot; not an original planning or art source
sources/docs_governance/06_工程仓库docs参考/docs/validation/G10_CLOSEOUT_VALIDATION_TRANSCRIPT.md,6419970AB7B0BBC4429C0209C7CF3831BD0EF2437EEB821F83BB84985F8713DA,4657,.md,governance_snapshot,excluded_governance_snapshot,copy-only historical governance snapshot; not an original planning or art source
sources/docs_governance/06_工程仓库docs参考/docs/validation/G11_MAINLINE_UX_READABILITY_VALIDATION.md,819DFCF8DADD65FEB624EB113B709EF04316BCA5E904DF2B35A522C8EC8E5032,3032,.md,governance_snapshot,excluded_governance_snapshot,copy-only historical governance snapshot; not an original planning or art source
sources/docs_governance/06_工程仓库docs参考/docs/validation/G12_LEGACY_DEMO_CORE_LOOP_PARITY_VALIDATION.md,EA3B51D2260C7610A947009F21507E8D10BBFA8FB6086C05DE98CBD3716897A3,4438,.md,governance_snapshot,excluded_governance_snapshot,copy-only historical governance snapshot; not an original planning or art source
sources/docs_governance/06_工程仓库docs参考/docs/validation/G13_RESOLUTION_LAYOUT_ADAPTATION_VALIDATION.md,D2225528B17E0BCA0512A94B79B07EB056B0146E2F51A41432ED46D477E98A3E,4714,.md,governance_snapshot,excluded_governance_snapshot,copy-only historical governance snapshot; not an original planning or art source
sources/docs_governance/06_工程仓库docs参考/docs/validation/G14_LEGACY_DEMO_UI_SURFACE_VALIDATION.md,563A4726FB4755E9E998A9A6DDAA341BB862042CC1826804C85CCF3E53247C03,8141,.md,governance_snapshot,excluded_governance_snapshot,copy-only historical governance snapshot; not an original planning or art source
sources/docs_governance/06_工程仓库docs参考/docs/validation/G15_ENCOUNTER_CONTRACT_VALIDATION.md,910D85630C494BDFFD9DB0A47C34B79FA316FDD423FCCCFBC36EA873E7775C1A,9529,.md,governance_snapshot,excluded_governance_snapshot,copy-only historical governance snapshot; not an original planning or art source
sources/docs_governance/06_工程仓库docs参考/docs/validation/G16_COMBAT_ENCOUNTER_FOUNDATION_VALIDATION.md,553A209F63F613648EDF8EC983C2559C907266E46D13EB6323C06DCC8EC96A3A,5847,.md,governance_snapshot,excluded_governance_snapshot,copy-only historical governance snapshot; not an original planning or art source
sources/docs_governance/06_工程仓库docs参考/docs/validation/G17_APP_SHELL_MAIN_MENU_VALIDATION.md,E5CE46971F34D617141AAB7855860AC510896A9A6E1ABBFD9DA6F97C3EDD2DA5,3466,.md,governance_snapshot,excluded_governance_snapshot,copy-only historical governance snapshot; not an original planning or art source
sources/docs_governance/06_工程仓库docs参考/docs/validation/G18_ALIGN_DEPLOY_PREP_ASSET_VIEW_VALIDATION.md,8C7BF89E471F0A41211D5FA30B296279A289FA83F62D0C713CDA8007CDB95240,5047,.md,governance_snapshot,excluded_governance_snapshot,copy-only historical governance snapshot; not an original planning or art source
sources/docs_governance/06_工程仓库docs参考/docs/validation/G18_DEPLOY_PREP_FOUNDATION_VALIDATION.md,0239933E730DA4E1B7A0144219BA1B8CD1F66649777BB58DBF9E46A839FCCCA7,3680,.md,governance_snapshot,excluded_governance_snapshot,copy-only historical governance snapshot; not an original planning or art source
sources/docs_governance/06_工程仓库docs参考/docs/validation/G19_LONG_TERM_SHELL_FOUNDATION_VALIDATION.md,FDE898BD6DAA9408670D4E6225934263C4E115152E92C2AA5AB167A9A4602B0F,4503,.md,governance_snapshot,excluded_governance_snapshot,copy-only historical governance snapshot; not an original planning or art source
sources/docs_governance/06_工程仓库docs参考/docs/validation/G20_PROJECT_KNOWLEDGE_GOVERNANCE_VALIDATION.md,E138D561ECF11950EEB2DDF4DC47F45FD401259FE811853CD2AEF120ED3FA331,2381,.md,governance_snapshot,excluded_governance_snapshot,copy-only historical governance snapshot; not an original planning or art source
sources/docs_governance/06_工程仓库docs参考/docs/validation/G21_ASSET_ITEM_FLOW_CONTRACT_VALIDATION.md,93BC92335D638921105171B2CE726EB116011082F0F2B9FFD765B4FD21A01AF3,4166,.md,governance_snapshot,excluded_governance_snapshot,copy-only historical governance snapshot; not an original planning or art source
sources/docs_governance/06_工程仓库docs参考/docs/validation/G22_DEPLOY_PREP_FULL_MODULE_CONTENT_PREVIEW_VALIDATION.md,2F8F9832B461F8DA093BC7434CC2A4B469A454C35BA2534639760EF1BE73EBC6,1603,.md,governance_snapshot,excluded_governance_snapshot,copy-only historical governance snapshot; not an original planning or art source
sources/docs_governance/06_工程仓库docs参考/docs/validation/G23_SETTLEMENT_HISTORY_SNAPSHOT_FOUNDATION_VALIDATION.md,08654C740C397037510387D4712E63C174FC9A3DEFE09B724F2D3FC2E8087A09,1147,.md,governance_snapshot,excluded_governance_snapshot,copy-only historical governance snapshot; not an original planning or art source
sources/docs_governance/06_工程仓库docs参考/docs/validation/G24_LONG_TERM_CONTENT_FRAMEWORK_FOUNDATION_VALIDATION.md,9B05B88F898B05C94AF8505728E31B8386488CE13E47DEF9198DDEB5325FA464,1573,.md,governance_snapshot,excluded_governance_snapshot,copy-only historical governance snapshot; not an original planning or art source
sources/docs_governance/06_工程仓库docs参考/docs/validation/G25_UI_STRUCTURE_PLAYABLE_ROUTE_VALIDATION.md,324D6503964F3103FD2F8350331E26F685D3A44BF97F2725719D562041280057,1703,.md,governance_snapshot,excluded_governance_snapshot,copy-only historical governance snapshot; not an original planning or art source
sources/docs_governance/06_工程仓库docs参考/README.md,A8CE07716190555DE6FEBE48B338671FA015EDE75776C5FE1C006767F392A701,757,.md,governance_snapshot,excluded_governance_snapshot,copy-only historical governance snapshot; not an original planning or art source
sources/docs_governance/99_整理清单/COPY_LOG.md,F7AFB5E630B76335C6CFF7A822C1E6D2B9DCA86171F50F877B0FB01EA09C0A5E,3284,.md,governance_snapshot,excluded_governance_snapshot,copy-only historical governance snapshot; not an original planning or art source
sources/docs_governance/99_整理清单/REPO_DOCS_COPY_LOG.md,E101C59827AF2FC75346F2E7EEA82C57FB271552ED99D4209EA38A74E666F068,1443,.md,governance_snapshot,excluded_governance_snapshot,copy-only historical governance snapshot; not an original planning or art source
sources/docs_governance/99_整理清单/REPO_DOCS_SOURCE_MANIFEST.md,5D462F0B57FEB6606B92C5E7B26B2F1BA51BCF785D84D2540EE03AAFC73A2FDE,51910,.md,governance_snapshot,excluded_governance_snapshot,copy-only historical governance snapshot; not an original planning or art source
sources/docs_governance/99_整理清单/SOURCE_MANIFEST.md,3AE2F93588BD59A53C6726801532850B6A9B0BB45273B9A8A77458009261613E,7149,.md,governance_snapshot,excluded_governance_snapshot,copy-only historical governance snapshot; not an original planning or art source
sources/docs_governance/README.md,F80787CE5188D28782429F42BF8520ECA09342B9B078CDEC489CB12288C49606,1005,.md,governance_snapshot,excluded_governance_snapshot,copy-only historical governance snapshot; not an original planning or art source
sources/draw/00_raw/characters/Huanxiong.png,8EBD8B6D4E93CC9E84437E193902A1143F1D0DCF1F0D5CC3B019354300AFFF76,1461837,.png,art_source,registered_exact_duplicate_alias,art/draw baseline deduplicated by SHA-256
sources/draw/00_raw/characters/Huli.png,E5F64DF977224B816346E1C476F6C49F5A208DAD031272D7460E6A490D4E8D61,1443623,.png,art_source,registered_exact_duplicate_alias,art/draw baseline deduplicated by SHA-256
sources/draw/00_raw/characters/Mao.png,DD4FD3CCE358E8FA797E496D40E127057B22C3C193DA18197D6587737CFDB949,1420331,.png,art_source,registered_exact_duplicate_alias,art/draw baseline deduplicated by SHA-256
sources/draw/00_raw/characters/Tuzi.png,0F6E2C29A5F8BE67E72ACF1D8381A57104499D015E2DC171A477B00DA16ADAFB,1384327,.png,art_source,registered_exact_duplicate_alias,art/draw baseline deduplicated by SHA-256
sources/draw/1.png,9880C4BEBF50D3BE1DC028907F488C4342D3D137016B64FEFA05CA605B7756CA,2235638,.png,art_source,imported_canonical_content_object,art/draw baseline deduplicated by SHA-256
sources/draw/10_working/candidates/1/1_candidate_001.png,CA165ECA9AA86F265CE51EA6DD6FC7432D347921DF863CE112D565C6697FCB68,1301,.png,art_source,imported_canonical_content_object,art/draw baseline deduplicated by SHA-256
sources/draw/10_working/candidates/1/1_candidate_002.png,74FA48D166F0DD00EE10480049078CCE74E0C07669A8F16D033F748AC15D40BA,124409,.png,art_source,imported_canonical_content_object,art/draw baseline deduplicated by SHA-256
sources/draw/10_working/candidates/1/1_candidate_003.png,1B1917702EA20C80F87F132EC2FDA6230FA6225E4BB306CEE29497BAE8D70FC5,139063,.png,art_source,imported_canonical_content_object,art/draw baseline deduplicated by SHA-256
sources/draw/10_working/candidates/1/1_candidate_004.png,243D600876EE1064AE62E5ADBE3A1D972FA78DC9431C8A28A8B57892C4718E78,134692,.png,art_source,imported_canonical_content_object,art/draw baseline deduplicated by SHA-256
sources/draw/10_working/candidates/1/1_candidate_005.png,55E5163046C1BE7C15B2B53730E4A62590545388330AC6F50EBFB23BE2A8C206,468993,.png,art_source,imported_canonical_content_object,art/draw baseline deduplicated by SHA-256
sources/draw/10_working/candidates/1/1_candidate_006.png,32AFBE783A638122C3E328231F615BF605ED72FDC393DBA31CA4399660EC9946,12028,.png,art_source,imported_canonical_content_object,art/draw baseline deduplicated by SHA-256
sources/draw/10_working/candidates/1/1_candidate_007.png,7A8A8A6AB7B968FAE3A5D30AC06189E2453ED76702062344887F35CBB23E7038,9184,.png,art_source,imported_canonical_content_object,art/draw baseline deduplicated by SHA-256
sources/draw/10_working/candidates/1/1_candidate_008.png,67252DA156B5AF884C9213B63C7AFC6A1B2E24417BFE9D83C39E7AC584C90F87,7352,.png,art_source,imported_canonical_content_object,art/draw baseline deduplicated by SHA-256
sources/draw/10_working/candidates/1/1_candidate_009.png,168732528CB847079FD5FC44A191BE2C548AFDEF7BB13D92E348A8FF4D56383C,6764,.png,art_source,imported_canonical_content_object,art/draw baseline deduplicated by SHA-256
sources/draw/10_working/candidates/1/1_candidate_010.png,BCB097438CD774624B5A6568E9BA98942CDD57A238AC9AA988A6D67258A97081,50278,.png,art_source,imported_canonical_content_object,art/draw baseline deduplicated by SHA-256
sources/draw/10_working/candidates/1/1_candidate_011.png,8759FD90B1B3D67887F849E85EC22F6451120537E16734CE75EE050056F27C65,146368,.png,art_source,imported_canonical_content_object,art/draw baseline deduplicated by SHA-256
sources/draw/10_working/candidates/1/1_candidate_012.png,06E6C7758E3162F16896E11D4753DA589ED711483EE6527A13866EA9B87CE4EF,303989,.png,art_source,imported_canonical_content_object,art/draw baseline deduplicated by SHA-256
sources/draw/10_working/candidates/1/1_candidate_013.png,F2713025387824966C9EF1C45C89E3956A10C9818F28C682A0479B6FD8CA530E,65887,.png,art_source,imported_canonical_content_object,art/draw baseline deduplicated by SHA-256
sources/draw/10_working/candidates/1/1_candidate_014.png,041C5C3E20F6D3F88A70F147AF3A89A7A42EC2F824DFB04F2E5E6644FD6CF225,162108,.png,art_source,imported_canonical_content_object,art/draw baseline deduplicated by SHA-256
sources/draw/10_working/candidates/1/1_candidate_015.png,8241B855330EAB70DFE90BBB80BDF8F9B150B359980A5B1BB19BDBC1C3D6A58B,71465,.png,art_source,imported_canonical_content_object,art/draw baseline deduplicated by SHA-256
sources/draw/10_working/candidates/1/1_candidate_016.png,3F330B0AD1681D0752A92732B3D9B11FCB780C30D73224C3303BB03D097A042C,6741,.png,art_source,imported_canonical_content_object,art/draw baseline deduplicated by SHA-256
sources/draw/10_working/candidates/1/1_candidate_017.png,DE55D275DFAF6884979FAD98FBFFFDC1D40F2844C2A8B02223311537A9CB6E00,3132,.png,art_source,imported_canonical_content_object,art/draw baseline deduplicated by SHA-256
sources/draw/10_working/candidates/1/1_candidate_018.png,4D663ADDAA4B4B9AF4F50678B3AC158B0AFDD8E7A67F9FC9D22D382CB980B6E7,55329,.png,art_source,imported_canonical_content_object,art/draw baseline deduplicated by SHA-256
sources/draw/10_working/candidates/1/1_candidate_019.png,2B3E7A1742C7BE4A9B5D46E7012E0A8DC8FFA170E538DAE4F63FF96045B0EC73,86534,.png,art_source,imported_canonical_content_object,art/draw baseline deduplicated by SHA-256
sources/draw/10_working/candidates/1/1_candidate_020.png,9D4A76F51B7DB75CB4CA88AED84DD2D046B1460C8B6C9753D2D57CD3D8D54005,4730,.png,art_source,imported_canonical_content_object,art/draw baseline deduplicated by SHA-256
sources/draw/10_working/candidates/1/1_candidate_021.png,1F4D635492D2ECA5BDE21F2D10AC0C079306F72988FF3328B723EB8D086C0126,5296,.png,art_source,imported_canonical_content_object,art/draw baseline deduplicated by SHA-256
sources/draw/10_working/candidates/1/1_candidate_022.png,9C55ACE9C7325BF6C8C75AF1D7B293A52D1E940E98D502075714946E99F86289,4723,.png,art_source,imported_canonical_content_object,art/draw baseline deduplicated by SHA-256
sources/draw/10_working/candidates/1/1_candidate_023.png,87F8DEA82CAC5C90614AE6938A6EB0F9C2CA6BCB10AAFA695938DAA5D0A0D0CD,5011,.png,art_source,imported_canonical_content_object,art/draw baseline deduplicated by SHA-256
sources/draw/10_working/candidates/1/1_candidate_024.png,D0A412BB6B64AA68F24C4D146D8C35EC2A4460C1642F9149C3B607C2C148F5C9,4556,.png,art_source,imported_canonical_content_object,art/draw baseline deduplicated by SHA-256
sources/draw/10_working/candidates/1/1_candidate_025.png,D336A7E98B3540DADE7DF1ABBEF936AC4CA1A86901347EC07064FE1E9C822357,5484,.png,art_source,imported_canonical_content_object,art/draw baseline deduplicated by SHA-256
sources/draw/10_working/candidates/1/1_candidate_026.png,5004140F12AC9DF603E6A40D275B4A613C71243E1E18B0FFA13549574461E213,14157,.png,art_source,imported_canonical_content_object,art/draw baseline deduplicated by SHA-256
sources/draw/10_working/candidates/1/1_candidate_027.png,398C1AC14CCD2E51E50EA7F13658C4225A3F9C1FD12EB1048FFFB4A6A2509F68,13967,.png,art_source,imported_canonical_content_object,art/draw baseline deduplicated by SHA-256
sources/draw/10_working/candidates/1/1_candidate_028.png,2E09EAD238EE0EF0461191FC8A0005607AA2A6A7215CB9EB81939F231563E7CF,14356,.png,art_source,imported_canonical_content_object,art/draw baseline deduplicated by SHA-256
sources/draw/10_working/candidates/1/1_candidate_029.png,6D1F80DE45988CF46D83A283B5E9FC18CC664275C542A45AD7AC05992E093CC1,14247,.png,art_source,imported_canonical_content_object,art/draw baseline deduplicated by SHA-256
sources/draw/10_working/candidates/1/1_candidate_030.png,6E4335565B4AA909F595A2DF54A9542B0ED11227A37B0D53B289620C89BA6ECA,13760,.png,art_source,imported_canonical_content_object,art/draw baseline deduplicated by SHA-256
sources/draw/10_working/candidates/1/1_candidate_031.png,99A49393CA1DDFCF4BBD47CDE6F274DE82EC808BEFDDBC33D0D44CEB93594CE7,77938,.png,art_source,imported_canonical_content_object,art/draw baseline deduplicated by SHA-256
sources/draw/10_working/candidates/1/1_candidate_032.png,6C8F8A916EA2AB4C3F38C9E5F8239F78D3B31F69DAA19F6B8D339E0A1687DF9E,4261,.png,art_source,imported_canonical_content_object,art/draw baseline deduplicated by SHA-256
sources/draw/10_working/candidates/1/1_candidate_033.png,ECEA1FAEE29E71A7E6DD9E5C19F50A321E651D5C6104E403C63F7187AAF550DF,3999,.png,art_source,imported_canonical_content_object,art/draw baseline deduplicated by SHA-256
sources/draw/10_working/candidates/1/1_candidate_034.png,5ECE67F8AC4CED019E71DCFB256C961F670A1B947422DE175038B75892E66B9A,6392,.png,art_source,imported_canonical_content_object,art/draw baseline deduplicated by SHA-256
sources/draw/10_working/candidates/1/1_candidate_035.png,2DBB12E9DEB380A1C8A0BC39487ED91B06C12F7139D2ED5C9EA97B6BDC369A6A,4344,.png,art_source,imported_canonical_content_object,art/draw baseline deduplicated by SHA-256
sources/draw/10_working/candidates/1/1_candidate_036.png,FDF8185814A338336B4DB741DE1F634B48346787F5B93C34167320F378F7DB21,6229,.png,art_source,imported_canonical_content_object,art/draw baseline deduplicated by SHA-256
sources/draw/10_working/candidates/1/1_candidate_037.png,3E0CD9B7C4225662584EA5F997285D1AF67741D8FFCE7F2770335B603E57B306,3577,.png,art_source,imported_canonical_content_object,art/draw baseline deduplicated by SHA-256
sources/draw/10_working/candidates/1/1_candidate_038.png,FA8D92533E7B48933EF6961F5C484B8E058B50E611C2D9F9C48D49B256173CD7,5969,.png,art_source,imported_canonical_content_object,art/draw baseline deduplicated by SHA-256
sources/draw/10_working/candidates/1/1_candidate_039.png,4C3A391D8FEA1EC1833F26C900420DEC1410D802C7117C2A7CB10F73F6443C2F,5122,.png,art_source,imported_canonical_content_object,art/draw baseline deduplicated by SHA-256
sources/draw/10_working/candidates/1/1_candidate_040.png,ED83D60A90E58685D20F7D096AD9219CACDAB0D209CC32283B0048087FB7F97D,4319,.png,art_source,imported_canonical_content_object,art/draw baseline deduplicated by SHA-256
sources/draw/10_working/candidates/1/1_candidate_041.png,88351FD9B24C8FB5D538D0EA20A5C0C0AB292167D69514E548C98E5CCA8A7C83,10945,.png,art_source,imported_canonical_content_object,art/draw baseline deduplicated by SHA-256
sources/draw/10_working/candidates/1/1_candidate_042.png,BA0C6FB50427B88645EB8BF00ACE6BAF755324A56963E8C8D06D2BCDECDFAA2F,9968,.png,art_source,imported_canonical_content_object,art/draw baseline deduplicated by SHA-256
sources/draw/10_working/candidates/1/1_candidate_043.png,2231ECDC86A25A72AC5E9425A02DF3C69207629F6A2AE109171D444FB11642EC,6596,.png,art_source,imported_canonical_content_object,art/draw baseline deduplicated by SHA-256
sources/draw/10_working/candidates/1/1_candidate_044.png,8E70437B2CA34CF9994D5FFE37458FF8D3D3BB4BBDC38D5051E63260E262370E,9880,.png,art_source,imported_canonical_content_object,art/draw baseline deduplicated by SHA-256
sources/draw/10_working/candidates/1/1_candidate_045.png,589F3BA31F78DCF07812080FA840BE844E0F33ABCD0D5ACFE19485B729DAF4FA,9982,.png,art_source,imported_canonical_content_object,art/draw baseline deduplicated by SHA-256
sources/draw/10_working/candidates/1/1_candidate_046.png,D486E0CC8A7EBDF80F334B6BDD9A4EF5C5F3124D3C3EA74BD91B3E89692D03C7,9765,.png,art_source,imported_canonical_content_object,art/draw baseline deduplicated by SHA-256
sources/draw/10_working/candidates/1/1_candidate_047.png,882D742B72E38BB6301BB27C1F71C089FF6358187A806D13C8EDF68F43994181,8321,.png,art_source,imported_canonical_content_object,art/draw baseline deduplicated by SHA-256
sources/draw/10_working/candidates/1/1_candidate_048.png,466663F534496F74CE229F7DF3F19298330510B909B1C40EA4602DD11070976D,4566,.png,art_source,imported_canonical_content_object,art/draw baseline deduplicated by SHA-256
sources/draw/10_working/candidates/1/1_candidate_049.png,D5F3B8923BD264E5C7BB4EFFF9336E4FB189747C563173388FA24FD25A7DA084,10007,.png,art_source,imported_canonical_content_object,art/draw baseline deduplicated by SHA-256
sources/draw/10_working/candidates/1/1_candidate_050.png,A785CFFA329B6911A2D99880550B4C9060DC91A16A1DAD31A0530EB9DD6C4733,10185,.png,art_source,imported_canonical_content_object,art/draw baseline deduplicated by SHA-256
sources/draw/10_working/candidates/1/1_candidate_051.png,B6BDED899B04BE140F7ED0017637AE5BA3976FBCF156CCA5C2A75D191E1A12CC,9374,.png,art_source,imported_canonical_content_object,art/draw baseline deduplicated by SHA-256
sources/draw/10_working/candidates/1/1_candidate_052.png,BED072F7AFDAB54EDB948F861BD0313A1D7CDAA34C0DED887E6E5CE23DD801ED,7694,.png,art_source,imported_canonical_content_object,art/draw baseline deduplicated by SHA-256
sources/draw/10_working/candidates/1/1_candidate_053.png,8F81419B6B636AB081FB9CD21442098D0475B45C1DF2777C80A465B4E92FB1A2,8375,.png,art_source,imported_canonical_content_object,art/draw baseline deduplicated by SHA-256
sources/draw/10_working/candidates/1/1_candidate_054.png,5B46FD73EE147E3C1C401B501FDFD065B4C37AFA5A09ED89D739AF0D26840E21,8297,.png,art_source,imported_canonical_content_object,art/draw baseline deduplicated by SHA-256
sources/draw/10_working/candidates/1/1_candidate_055.png,983D528CD4AA59313BD5C1EE72AA7A99D03012621A2EED5FA5FA068C3FA4CDE9,7617,.png,art_source,imported_canonical_content_object,art/draw baseline deduplicated by SHA-256
sources/draw/10_working/candidates/1/1_candidate_056.png,E314535B5A9AB043B206CAD89BCECDFCF7A89A807F46EB3241C943026BBF67DD,7549,.png,art_source,imported_canonical_content_object,art/draw baseline deduplicated by SHA-256
sources/draw/10_working/candidates/2/2_candidate_001.png,1811467EB4E44FB0CD7ACE06539A81D9B075517AF60718F8982C695B740A241B,2162,.png,art_source,imported_canonical_content_object,art/draw baseline deduplicated by SHA-256
sources/draw/10_working/candidates/2/2_candidate_002.png,16B3CF78EC2152910823FDB05D70053115461C9773F72AC0B62A538AA737FD73,73631,.png,art_source,imported_canonical_content_object,art/draw baseline deduplicated by SHA-256
sources/draw/10_working/candidates/2/2_candidate_003.png,0A5D7AC41FB2302BB1B9E5F38351F67F97ABB6F12D53E4A4DD7EF046637CC16A,159391,.png,art_source,imported_canonical_content_object,art/draw baseline deduplicated by SHA-256
sources/draw/10_working/candidates/2/2_candidate_004.png,42D3089AC6938D5787A75D1A38855A693DE4A3941B793D5EC5AF2641815ADFCE,142007,.png,art_source,imported_canonical_content_object,art/draw baseline deduplicated by SHA-256
sources/draw/10_working/candidates/2/2_candidate_005.png,744AB3B9BB8430D8B8E8A18F8606D1E9483348A3B9F23B221227BE289CD16F2C,73897,.png,art_source,imported_canonical_content_object,art/draw baseline deduplicated by SHA-256
sources/draw/10_working/candidates/2/2_candidate_006.png,AEFB0C25DE062DCABD1BAEDCFA83FEDF7B205025294B0CF732B6F8F1BEF60303,138250,.png,art_source,imported_canonical_content_object,art/draw baseline deduplicated by SHA-256
sources/draw/10_working/candidates/2/2_candidate_007.png,D8835DEF2FC21BDAA1D014CD320344F5B1091353152CFA50D1DA561AF66B4044,47603,.png,art_source,imported_canonical_content_object,art/draw baseline deduplicated by SHA-256
sources/draw/10_working/candidates/2/2_candidate_008.png,29F5314FB1A23A4EFAC2F30FD70E7CB6F8D6E5FB43928E085E96E70363B58816,37396,.png,art_source,imported_canonical_content_object,art/draw baseline deduplicated by SHA-256
sources/draw/10_working/candidates/2/2_candidate_009.png,7969266959457C83807B117F548DCC1C0796D4E6F7AA70C8DEB60410040CDDB7,61641,.png,art_source,imported_canonical_content_object,art/draw baseline deduplicated by SHA-256
sources/draw/10_working/candidates/2/2_candidate_010.png,E8F9A2D01102CB9623FA5EF2495914CD3D4D207E7BD2E19E1E0D0975CD3AB24B,139547,.png,art_source,imported_canonical_content_object,art/draw baseline deduplicated by SHA-256
sources/draw/10_working/candidates/2/2_candidate_011.png,873E7E664B5CA870D41E23F67FB30FF21CE4F05DFACDEFD224B5B3598945836A,7712,.png,art_source,imported_canonical_content_object,art/draw baseline deduplicated by SHA-256
sources/draw/10_working/candidates/2/2_candidate_012.png,1F778C00488523975CCB1E140745737EC9D0B55F45E25F8C36C801837BFB242B,52464,.png,art_source,imported_canonical_content_object,art/draw baseline deduplicated by SHA-256
sources/draw/10_working/candidates/2/2_candidate_013.png,63A62BF0306BCB6727C596857D1CAB838E09768CADAFD8A80A67261930BC97DB,7709,.png,art_source,imported_canonical_content_object,art/draw baseline deduplicated by SHA-256
sources/draw/10_working/candidates/2/2_candidate_014.png,E402A0385272C2F8F3E139C381A0C12DFA415294269EF714598CB3F0A356627F,61486,.png,art_source,imported_canonical_content_object,art/draw baseline deduplicated by SHA-256
sources/draw/10_working/candidates/2/2_candidate_015.png,EC7FAC4C5E0D85BDCBC52C5DC98AD300978C3488A0A0C65FA639A4E6646AA5DE,21600,.png,art_source,imported_canonical_content_object,art/draw baseline deduplicated by SHA-256
sources/draw/10_working/candidates/2/2_candidate_016.png,9B26ABE59604B2F065E31FD7D1998E08A9BD96FFF6F02520161A9B32C348309C,3404,.png,art_source,imported_canonical_content_object,art/draw baseline deduplicated by SHA-256
sources/draw/10_working/candidates/2/2_candidate_017.png,8968C966B40AB92B4D0296FFD1D08F1C2FC81D638EE62A8F70A56893A37242E5,27611,.png,art_source,imported_canonical_content_object,art/draw baseline deduplicated by SHA-256
sources/draw/10_working/candidates/2/2_candidate_018.png,BB4DD16DA292F5C5D554315E1B294AECF7A36601606B49846CF85898050DA162,7521,.png,art_source,imported_canonical_content_object,art/draw baseline deduplicated by SHA-256
sources/draw/10_working/candidates/2/2_candidate_019.png,A6BEB4E3E6C7549FB6FFC8938089C6F2AE3EE3B51BD60BC772D1D195C3CFA31B,7448,.png,art_source,imported_canonical_content_object,art/draw baseline deduplicated by SHA-256
sources/draw/10_working/candidates/2/2_candidate_020.png,8E3F8410997A6F02A74C49C8C81031C7AC95B8815AA23D7934AAAA479864A702,182694,.png,art_source,imported_canonical_content_object,art/draw baseline deduplicated by SHA-256
sources/draw/10_working/candidates/2/2_candidate_021.png,7CE29DE54DA9EED223E135CFDED74F32BD9B9A373457BFC311B1EC7EEDB96CEB,24252,.png,art_source,imported_canonical_content_object,art/draw baseline deduplicated by SHA-256
sources/draw/10_working/candidates/2/2_candidate_022.png,6E12AB4680ACD24FA838297698B16283A819A42C620D3ABC8D0F6CA3F4ABDEEB,54609,.png,art_source,imported_canonical_content_object,art/draw baseline deduplicated by SHA-256
sources/draw/10_working/candidates/2/2_candidate_023.png,309908BC49A303CC3A5D7D448B433F41FBAFB6F5B8517CE9F8525C181554C202,31852,.png,art_source,imported_canonical_content_object,art/draw baseline deduplicated by SHA-256
sources/draw/10_working/candidates/2/2_candidate_024.png,34DB91EC2128CD00E57CDB72B5CBF15A5507755DC23293AC93B48E7D021DAD85,37665,.png,art_source,imported_canonical_content_object,art/draw baseline deduplicated by SHA-256
sources/draw/10_working/candidates/2/2_candidate_025.png,D6B46FCD54D4DB89B57CC361D87FBC3F2265001F470B5FFC4D0E6D840AA59743,33743,.png,art_source,imported_canonical_content_object,art/draw baseline deduplicated by SHA-256
sources/draw/10_working/candidates/2/2_candidate_026.png,594862B569F0D9DFBA88FE14A9CABAA4838B153BFB99AA9C80845B63843FF501,35789,.png,art_source,imported_canonical_content_object,art/draw baseline deduplicated by SHA-256
sources/draw/10_working/candidates/2/2_candidate_027.png,B8ACA78ABA67D74E785E98CD2AAC6CD674AA21D63C8E2EF8489E28910646CFB5,35117,.png,art_source,imported_canonical_content_object,art/draw baseline deduplicated by SHA-256
sources/draw/10_working/candidates/2/2_candidate_028.png,4676D02596C2FB4947AC210423FB7265A397B84CADB693073A2E855CFE753873,33924,.png,art_source,imported_canonical_content_object,art/draw baseline deduplicated by SHA-256
sources/draw/10_working/candidates/2/2_candidate_029.png,825797EA3763625059C080C437D3784F849F73C756E6E7DCB8E2CE907916F41D,101113,.png,art_source,imported_canonical_content_object,art/draw baseline deduplicated by SHA-256
sources/draw/10_working/candidates/2/2_candidate_030.png,6AD6202046585DFBBD5D8EF6CB671C117A5A79F3C89A75A94AF507E3BDB08E86,85656,.png,art_source,imported_canonical_content_object,art/draw baseline deduplicated by SHA-256
sources/draw/10_working/candidates/2/2_candidate_031.png,8201D9590ACD5C64DA4FF48141160FBB41873FCBBE8260699C47D6B55207D7ED,75806,.png,art_source,imported_canonical_content_object,art/draw baseline deduplicated by SHA-256
sources/draw/10_working/candidates/2/2_candidate_032.png,854B68BC8BBB712F18C96052B2A8E5F75605BE528DCF8802889E92246D14CA5C,3928,.png,art_source,imported_canonical_content_object,art/draw baseline deduplicated by SHA-256
sources/draw/10_working/candidates/2/2_candidate_033.png,DC44D765823793151B90B6FC134A47B05193D36BC6AB784BC191B7AEE70035CF,21710,.png,art_source,imported_canonical_content_object,art/draw baseline deduplicated by SHA-256
sources/draw/10_working/candidates/2/2_candidate_034.png,D58D7EC3B8B8C774CEDFD767390F06B71DF4C56C3D435280ACDF8FF6054FF8E9,5021,.png,art_source,imported_canonical_content_object,art/draw baseline deduplicated by SHA-256
sources/draw/10_working/candidates/2/2_candidate_035.png,0ECCE6A7021AF90BA606977E1B392AC4B37C1105BF67EB8633178861A71D3CAC,4422,.png,art_source,imported_canonical_content_object,art/draw baseline deduplicated by SHA-256
sources/draw/10_working/candidates/2/2_candidate_036.png,79CF1F6CC521B9A1495F994F7F51252D34B5A08DC8B8A29C5C327F00EB7D264C,4847,.png,art_source,imported_canonical_content_object,art/draw baseline deduplicated by SHA-256
sources/draw/10_working/candidates/2/2_candidate_037.png,A66094D5BE2DCBF26644857CE18EC4554BA3142CF9F6657661EF59EC97D56085,5374,.png,art_source,imported_canonical_content_object,art/draw baseline deduplicated by SHA-256
sources/draw/10_working/candidates/2/2_candidate_038.png,574F617B925C4B03A76F465F00BE16F5B24948E382AA0C60392D9C5D3EE7FC93,3627,.png,art_source,imported_canonical_content_object,art/draw baseline deduplicated by SHA-256
sources/draw/10_working/candidates/2/2_candidate_039.png,C8A42193140883C567C2725C4AB92BFFDA8F16FF655EE78C65FB4060A4A6454D,4601,.png,art_source,imported_canonical_content_object,art/draw baseline deduplicated by SHA-256
sources/draw/10_working/candidates/2/2_candidate_040.png,FD298A650EF3B1D9E05DA62BC90C49CC0B171637A7EAFC16E8608CCE65604A5D,5655,.png,art_source,imported_canonical_content_object,art/draw baseline deduplicated by SHA-256
sources/draw/10_working/candidates/2/2_candidate_041.png,DBC9BD8535E125855AAC99DB8AA7BA102EC33814064621CE0097BFDA7A8FC6EF,3316,.png,art_source,imported_canonical_content_object,art/draw baseline deduplicated by SHA-256
sources/draw/10_working/candidates/2/2_candidate_042.png,08D5B21481E7B6B995506308297FFC604162B7BDE5AF15FD086A59BCCFD9BBBF,3657,.png,art_source,imported_canonical_content_object,art/draw baseline deduplicated by SHA-256
sources/draw/10_working/candidates/2/2_candidate_043.png,19D29FD3FE904ED3AD1060BEACD995FC39C504EBE4F3636ADB0228EAD004B432,3935,.png,art_source,imported_canonical_content_object,art/draw baseline deduplicated by SHA-256
sources/draw/10_working/candidates/2/2_candidate_044.png,210E05477508FECC45EC20E6E5CD39A5F5FC6945F2B5B30652FECC6036A35D62,2909,.png,art_source,imported_canonical_content_object,art/draw baseline deduplicated by SHA-256
sources/draw/10_working/candidates/2/2_candidate_045.png,7362F437EA5276FB3686FFAB476AC0CAE1CDB65CBD4DBE1507D800246BC09DDF,4367,.png,art_source,imported_canonical_content_object,art/draw baseline deduplicated by SHA-256
sources/draw/10_working/candidates/2/2_candidate_046.png,EC514BF2279EB8D87461673A73A9FBEEA76B1AA521BA8CDFDFD627E6EF350B4E,3447,.png,art_source,imported_canonical_content_object,art/draw baseline deduplicated by SHA-256
sources/draw/10_working/candidates/2/2_candidate_047.png,867F0D20CD268E51E017C47ED49CFB1306E73D480DFB93A4640640C9BA627825,4630,.png,art_source,imported_canonical_content_object,art/draw baseline deduplicated by SHA-256
sources/draw/10_working/candidates/2/2_candidate_048.png,DCB6E21C699E25EA638445D6EB108FDC01E2A7EED59986F1E50240C2C569CCB2,17586,.png,art_source,imported_canonical_content_object,art/draw baseline deduplicated by SHA-256
sources/draw/10_working/candidates/2/2_candidate_049.png,FD0E76C2F5D0DE744712A5FCB73586B0FC37B517DCF1C9DF43AFA40E8FBE7050,5866,.png,art_source,imported_canonical_content_object,art/draw baseline deduplicated by SHA-256
sources/draw/10_working/candidates/2/2_candidate_050.png,D179B8F4C5B471BB61FA825F18E855048D545C0903829CFE81F47DCEBAE83C6B,23985,.png,art_source,imported_canonical_content_object,art/draw baseline deduplicated by SHA-256
sources/draw/10_working/candidates/2/2_candidate_051.png,F0852BE85ADF1CA57F4E6BFAB99C505290C27745F91DC886E843700170150D8A,13193,.png,art_source,imported_canonical_content_object,art/draw baseline deduplicated by SHA-256
sources/draw/10_working/candidates/2/2_candidate_052.png,76C578F40164F9E0DE747BB984EEB792CE3EF2A7EEA543785EB76747268EB3DF,7051,.png,art_source,imported_canonical_content_object,art/draw baseline deduplicated by SHA-256
sources/draw/10_working/candidates/2/2_candidate_053.png,4E3F6FF73612B468D42383F57A82AD456558F602ABD0DE12B41293C5449BADE1,13635,.png,art_source,imported_canonical_content_object,art/draw baseline deduplicated by SHA-256
sources/draw/10_working/candidates/2/2_candidate_054.png,254F770EAB102920012E433A79B48745A294EACFB292D7532ACFE291A7481CC2,12911,.png,art_source,imported_canonical_content_object,art/draw baseline deduplicated by SHA-256
sources/draw/10_working/candidates/2/2_candidate_055.png,368FE74A54156EC4E31DD517BE74C0569F8233831F824081C03F96ADC52BBB78,7553,.png,art_source,imported_canonical_content_object,art/draw baseline deduplicated by SHA-256
sources/draw/10_working/candidates/2/2_candidate_056.png,B073E83F9FB9AD4B4D22C41A4354CE1B7E947F688620A25A20C3FA77CBDFAD4A,7269,.png,art_source,imported_canonical_content_object,art/draw baseline deduplicated by SHA-256
sources/draw/10_working/candidates/2/2_candidate_057.png,FC812C5C06C17EB51709538BD73A56D4FD8A728C343BCACCBBE175C4F2000110,7127,.png,art_source,imported_canonical_content_object,art/draw baseline deduplicated by SHA-256
sources/draw/10_working/candidates/2/2_candidate_058.png,BEACEB170EB148D76470E4D8049847C4FE8288732A336FF85F8F15C10A09EC3C,7165,.png,art_source,imported_canonical_content_object,art/draw baseline deduplicated by SHA-256
sources/draw/10_working/candidates/2/2_candidate_059.png,33CACC66B431646E6159434F61EFFBDE04F3FFDDE638F142477C4D53C5E0774C,7247,.png,art_source,imported_canonical_content_object,art/draw baseline deduplicated by SHA-256
sources/draw/10_working/candidates/3/3_candidate_001.png,82C5E1FC98197AA323D37BD96E08C3640E61AE1478C4D0267879E1F296E8CA0D,1296,.png,art_source,imported_canonical_content_object,art/draw baseline deduplicated by SHA-256
sources/draw/10_working/candidates/3/3_candidate_002.png,ACC8080ADE4092FC3660725814DFD18A7053F7D2FC56BED81BB66DC29CBA09AE,46061,.png,art_source,imported_canonical_content_object,art/draw baseline deduplicated by SHA-256
sources/draw/10_working/candidates/3/3_candidate_003.png,8656BEECA8ECAB561495B5B44D0A77DF203A83C66E39453958748EDDA3261721,46939,.png,art_source,imported_canonical_content_object,art/draw baseline deduplicated by SHA-256
sources/draw/10_working/candidates/3/3_candidate_004.png,8F7FCAEF357D13D47D4F214EAEF128F7B146018CF047E942F15EBD76A2F8DE6F,49164,.png,art_source,imported_canonical_content_object,art/draw baseline deduplicated by SHA-256
sources/draw/10_working/candidates/3/3_candidate_005.png,B46FC991F31635066FEC4DE8D94ED498CE451C42D7909C8193145E32A137D461,63367,.png,art_source,imported_canonical_content_object,art/draw baseline deduplicated by SHA-256
sources/draw/10_working/candidates/3/3_candidate_006.png,616012A5B050C88A3E7CAA5E5106D95DE5C08D054B4AFDDCD643150F75A2506D,60764,.png,art_source,imported_canonical_content_object,art/draw baseline deduplicated by SHA-256
sources/draw/10_working/candidates/3/3_candidate_007.png,3925829A2BB88C732FAF2231FA09BBAF73883A509391F3366E194C8B29D09B5D,59962,.png,art_source,imported_canonical_content_object,art/draw baseline deduplicated by SHA-256
sources/draw/10_working/candidates/3/3_candidate_008.png,9FF672FCA332FA0E6280944AA695C5C0EBC1BAF585A406148C760307C1076B5F,33271,.png,art_source,imported_canonical_content_object,art/draw baseline deduplicated by SHA-256
sources/draw/10_working/candidates/3/3_candidate_009.png,784E0E39E43409ED34ADD70C9C6DF8DBBF1315905674D4F24C32123054598180,32769,.png,art_source,imported_canonical_content_object,art/draw baseline deduplicated by SHA-256
sources/draw/10_working/candidates/3/3_candidate_010.png,490B0F19221B68CFE049D9ADBB1739528E78405D8D791FC2CE8A0EA11C3D886A,33229,.png,art_source,imported_canonical_content_object,art/draw baseline deduplicated by SHA-256
sources/draw/10_working/candidates/3/3_candidate_011.png,EDA61D8F76205EB65BD2F30E9F13B3F044D0C8F5D4E94368D2F67101E6589176,17676,.png,art_source,imported_canonical_content_object,art/draw baseline deduplicated by SHA-256
sources/draw/10_working/candidates/3/3_candidate_012.png,77DE0999B1C5B924A4676F3294B4E7C0008B60AEB64988D34356424A01ED5E3F,11409,.png,art_source,imported_canonical_content_object,art/draw baseline deduplicated by SHA-256
sources/draw/10_working/candidates/3/3_candidate_013.png,46659E8ABC0A48180AF49A827FDE3C4F04E8EC7D3DEF55EA734AD2F5313311F0,11600,.png,art_source,imported_canonical_content_object,art/draw baseline deduplicated by SHA-256
sources/draw/10_working/candidates/3/3_candidate_014.png,AEEF39ABBB16EA607E0B9D3C1B1A4B3323AA246613EB354CC1376B57871280D8,11704,.png,art_source,imported_canonical_content_object,art/draw baseline deduplicated by SHA-256
sources/draw/10_working/candidates/3/3_candidate_015.png,644D9A5625BB7036F21CB2E145BDCADBE4D85584E1C9B0D764B668DCC8721401,11608,.png,art_source,imported_canonical_content_object,art/draw baseline deduplicated by SHA-256
sources/draw/10_working/candidates/3/3_candidate_016.png,10B06B8D54036DC54EAA63E31097832B02A9646B95C3E52EEB267C5BE2D58267,33759,.png,art_source,imported_canonical_content_object,art/draw baseline deduplicated by SHA-256
sources/draw/10_working/candidates/3/3_candidate_017.png,BDB62BF80BBF49EA2434CB332110EF028ED45F6BC952E91020A079F47FE7E50D,32347,.png,art_source,imported_canonical_content_object,art/draw baseline deduplicated by SHA-256
sources/draw/10_working/candidates/3/3_candidate_018.png,F1A2DD8066BEC30CB3F7AABB1C84CE0DB02A3115EEF261A1990F40A83C12ED2F,35002,.png,art_source,imported_canonical_content_object,art/draw baseline deduplicated by SHA-256
sources/draw/10_working/candidates/3/3_candidate_019.png,870DA709448824410050F53CAC4698CF5A8E614BF0CB1427D803E56193E1CE3E,17899,.png,art_source,imported_canonical_content_object,art/draw baseline deduplicated by SHA-256
sources/draw/10_working/candidates/3/3_candidate_020.png,924C1A469C6EAF05FD3F0C8EDFBCC90A4E5FAE1B86A77B92A605FD7B641A34BF,20224,.png,art_source,imported_canonical_content_object,art/draw baseline deduplicated by SHA-256
sources/draw/10_working/candidates/3/3_candidate_021.png,485FC36C7B000D77C710AD9E04E23FD8E380DB1167D394FB1F29590C2521EE6B,21003,.png,art_source,imported_canonical_content_object,art/draw baseline deduplicated by SHA-256
sources/draw/10_working/candidates/3/3_candidate_022.png,DB2FDDE7799159393A9B92EE0B73D16EF09B10AB4A24C232820ADE0E50DEB69B,20534,.png,art_source,imported_canonical_content_object,art/draw baseline deduplicated by SHA-256
sources/draw/10_working/candidates/3/3_candidate_023.png,CAC3DB3B8131F3FB5D2CBCC726D3BC39AECC9CBF9932506E32B47C7C2616AFFD,18256,.png,art_source,imported_canonical_content_object,art/draw baseline deduplicated by SHA-256
sources/draw/10_working/candidates/3/3_candidate_024.png,2DD8216700B9A63BED850FA883ECDB326666CDCC1DF3B1A8DCAB423E4EC5E1DA,13603,.png,art_source,imported_canonical_content_object,art/draw baseline deduplicated by SHA-256
sources/draw/10_working/candidates/3/3_candidate_025.png,10C8EE749FAB6CDE8CC2D8439AC696DFB02E2520A903199FC06E250B86F2DD7C,23391,.png,art_source,imported_canonical_content_object,art/draw baseline deduplicated by SHA-256
sources/draw/10_working/candidates/3/3_candidate_026.png,C6BD4F2FA88E6AD125AA59F7E580668E839AACBC077DB631D6C5565985F2479E,27151,.png,art_source,imported_canonical_content_object,art/draw baseline deduplicated by SHA-256
sources/draw/10_working/candidates/3/3_candidate_027.png,9FA89439ADE1D7AE2F195F22D5E991F065B73B0D6514C12BD05AFAC2405A91A2,26543,.png,art_source,imported_canonical_content_object,art/draw baseline deduplicated by SHA-256
sources/draw/10_working/candidates/3/3_candidate_028.png,B8A645B92ACE161600845911FC8C86E9B825D25D4CDBF5A26670096E8EBD6037,20916,.png,art_source,imported_canonical_content_object,art/draw baseline deduplicated by SHA-256
sources/draw/10_working/candidates/3/3_candidate_029.png,7E616491E1552006E7DF2E2CF6E24869B3EF2A0DA3355622C2AC05AA3B3BA958,20845,.png,art_source,imported_canonical_content_object,art/draw baseline deduplicated by SHA-256
sources/draw/10_working/candidates/3/3_candidate_030.png,F8B2533BF52C3FE3A0EF611B0691ACA2A0B49EDE4C13CDAE8B09DD270280B3F1,2415,.png,art_source,imported_canonical_content_object,art/draw baseline deduplicated by SHA-256
sources/draw/10_working/candidates/3/3_candidate_031.png,D21152686E89F17FB8CAAE58AA7F82173B7FC5811BE6EDF37CF88549AF20F361,4315,.png,art_source,imported_canonical_content_object,art/draw baseline deduplicated by SHA-256
sources/draw/10_working/candidates/3/3_candidate_032.png,7C36D5C5BBAE29C7DD8C92A2B321306318A2E0CB8A228C537FB5F78299A6A26A,4355,.png,art_source,imported_canonical_content_object,art/draw baseline deduplicated by SHA-256
sources/draw/10_working/candidates/3/3_candidate_033.png,B0FA881E06718278333CCF2FD0BD9D567E4E9B43414DC44DCB4D1B12D8C3334A,5041,.png,art_source,imported_canonical_content_object,art/draw baseline deduplicated by SHA-256
sources/draw/10_working/candidates/3/3_candidate_034.png,0BD4B7C94A63CDC68F8440CD2FD4934E44B53E8683C9CDEC0EF4249DBE892984,4613,.png,art_source,imported_canonical_content_object,art/draw baseline deduplicated by SHA-256
sources/draw/10_working/candidates/3/3_candidate_035.png,C845DA278644AE4B5B7FA2F9C9BB07324D1A666F79720FEB7C88F2F443C6281F,4275,.png,art_source,imported_canonical_content_object,art/draw baseline deduplicated by SHA-256
sources/draw/10_working/candidates/3/3_candidate_036.png,A362867995C32C439579B1B4BFE41DADC303D509A2089C37DC4524C2D1B6239C,5432,.png,art_source,imported_canonical_content_object,art/draw baseline deduplicated by SHA-256
sources/draw/10_working/candidates/3/3_candidate_037.png,9B74CBC985E05DE5FCBEFC10F37CEFD3FFEA47C0F4970C7A6A601A31792BB58C,13704,.png,art_source,imported_canonical_content_object,art/draw baseline deduplicated by SHA-256
sources/draw/10_working/candidates/3/3_candidate_038.png,8F4A98CEC67B6588A8C36EA3261517CDEF2AA2A8F3DA9F9E7721342524212E2E,7737,.png,art_source,imported_canonical_content_object,art/draw baseline deduplicated by SHA-256
sources/draw/10_working/candidates/3/3_candidate_039.png,6CEB9D12C4D999381F66AA4207A578C87260F20546ADA1EC3F468B4E8941CBA2,11010,.png,art_source,imported_canonical_content_object,art/draw baseline deduplicated by SHA-256
sources/draw/10_working/candidates/3/3_candidate_040.png,E067F653B85A51FDBE3A40E8072C8425795CD71EE7D51E62246E31FA52E3A0B6,12030,.png,art_source,imported_canonical_content_object,art/draw baseline deduplicated by SHA-256
sources/draw/10_working/candidates/3/3_candidate_041.png,133F9AED0B446129463BE2D6D96A56F8B484F5255F4842A9E86C1D1B05B4A2B9,20745,.png,art_source,imported_canonical_content_object,art/draw baseline deduplicated by SHA-256
sources/draw/10_working/candidates/3/3_candidate_042.png,F5FC860AA2B8B7E25AF6862CCC3FDF3F7873E0EC9A42DD099E49C358B818A4DE,7145,.png,art_source,imported_canonical_content_object,art/draw baseline deduplicated by SHA-256
sources/draw/10_working/candidates/3/3_candidate_043.png,A2454398B16ADAC7FE73D785BFA7C6392B5EC4D2655B0893DBD6574F2379D1C9,12561,.png,art_source,imported_canonical_content_object,art/draw baseline deduplicated by SHA-256
sources/draw/10_working/candidates/3/3_candidate_044.png,D9BF648D815E6D8512CC3393903F62049B9D7DF022FABD23424F91A78D9B8359,10148,.png,art_source,imported_canonical_content_object,art/draw baseline deduplicated by SHA-256
sources/draw/10_working/candidates/3/3_candidate_045.png,55C1AD3078A980CF9A5F52AD6335C4C803DDCDA12BA41EFD18D1EC03F5784BE7,6140,.png,art_source,imported_canonical_content_object,art/draw baseline deduplicated by SHA-256
sources/draw/10_working/candidates/3/3_candidate_046.png,709FC7AF2DFBE5E01E0F77452FFA5DE205E6A938541136DF17BD5BD13FE46264,20275,.png,art_source,imported_canonical_content_object,art/draw baseline deduplicated by SHA-256
sources/draw/10_working/candidates/3/3_candidate_047.png,15C43E546219601D1AE4FA04E902C832E72581E4765A34A9B2896544733E59E1,12286,.png,art_source,imported_canonical_content_object,art/draw baseline deduplicated by SHA-256
sources/draw/10_working/candidates/3/3_candidate_048.png,C2A2B6F56FFFF9EF16808C39D7FB1BC5B8588CDE4E1042B020E80CE001CCA9C2,48979,.png,art_source,imported_canonical_content_object,art/draw baseline deduplicated by SHA-256
sources/draw/10_working/candidates/3/3_candidate_049.png,4FF9A6560225FC395F2A1C8EA202676F2F9C73BE1C2B4CB5F49C91891FFA36EB,45165,.png,art_source,imported_canonical_content_object,art/draw baseline deduplicated by SHA-256
sources/draw/10_working/candidates/3/3_candidate_050.png,B81D32F1D360DD8C858020DDCEA643CD858D6C981D797210FE5A4932784B1BB0,65190,.png,art_source,imported_canonical_content_object,art/draw baseline deduplicated by SHA-256
sources/draw/10_working/candidates/3/3_candidate_051.png,B85F0835D6700D71F672A52EE803DB0D5BAF2A8664C29E7828B6C49B8D0FAC7B,65781,.png,art_source,imported_canonical_content_object,art/draw baseline deduplicated by SHA-256
sources/draw/10_working/candidates/3/3_candidate_052.png,8369A19E5EBB0AA87A9FCA340F99F9B61F84D4D9E876ABF018A0C933AA3247E5,61151,.png,art_source,imported_canonical_content_object,art/draw baseline deduplicated by SHA-256
sources/draw/10_working/candidates/3/3_candidate_053.png,5F3DC7C5C3D2C2C187F94B15AC76ECCA82AF4AF7C6A76A30086ACE211367BB9B,65711,.png,art_source,imported_canonical_content_object,art/draw baseline deduplicated by SHA-256
sources/draw/10_working/candidates/3/3_candidate_054.png,2EF92773BC0C61F99F02F9655B2564799347F709648EDA21952186E1DFAE945A,8359,.png,art_source,imported_canonical_content_object,art/draw baseline deduplicated by SHA-256
sources/draw/10_working/candidates/3/3_candidate_055.png,D1ACD68F3DA4B92F2D4EFDA7AC82A3F298B0B0786332336D411240AE6A790D42,8149,.png,art_source,imported_canonical_content_object,art/draw baseline deduplicated by SHA-256
sources/draw/10_working/candidates/3/3_candidate_056.png,5E8178CEFF3FB16B2DC5ECF8B05E51A765F051CA6F7F93CDB11C0B1772EBC98B,9241,.png,art_source,imported_canonical_content_object,art/draw baseline deduplicated by SHA-256
sources/draw/10_working/candidates/3/3_candidate_057.png,006E007BE2194FE166AD78DFDD357CE294FD40FF02F4D7437AF13AFC741429EB,8926,.png,art_source,imported_canonical_content_object,art/draw baseline deduplicated by SHA-256
sources/draw/10_working/candidates/3/3_candidate_058.png,D9F178880B675099C13D3AE08234E9503AEF81731B39A2E8906CB81D4974CDD6,8927,.png,art_source,imported_canonical_content_object,art/draw baseline deduplicated by SHA-256
sources/draw/10_working/candidates/3/3_candidate_059.png,F7B56879D4ACB38499E9BB99D634EAD4EA79FD4284F206E29562556F4EA8070E,8588,.png,art_source,imported_canonical_content_object,art/draw baseline deduplicated by SHA-256
sources/draw/10_working/candidates/3/3_candidate_060.png,1B6DADB1C35358902F2AD144BB283851192D6BB8DC152B26C90CC664096AA073,7428,.png,art_source,imported_canonical_content_object,art/draw baseline deduplicated by SHA-256
sources/draw/10_working/candidates/3/3_candidate_061.png,AA0290412D06DF7CA25CF175DD6479C7272D5C290EB644660C4F72A63521175F,8132,.png,art_source,imported_canonical_content_object,art/draw baseline deduplicated by SHA-256
sources/draw/10_working/candidates/3/3_candidate_062.png,6EB465C5ADA6544CBF38263EAD12E45A747878DD7D6AC49375980FF7C2DB4350,7752,.png,art_source,imported_canonical_content_object,art/draw baseline deduplicated by SHA-256
sources/draw/10_working/candidates/3/3_candidate_063.png,1341EE8304E7AC91CF0C658CE305118E2E7E09BBFD91908EBB13BCD7865E9A10,25994,.png,art_source,imported_canonical_content_object,art/draw baseline deduplicated by SHA-256
sources/draw/10_working/candidates/3/3_candidate_064.png,434444E514EF7F776D65D543AA29D1E43C33913033C202EEA1D0D28FCDEC647E,17957,.png,art_source,imported_canonical_content_object,art/draw baseline deduplicated by SHA-256
sources/draw/10_working/candidates/3/3_candidate_065.png,975DCDBCECB2048125974BA7047CF56F75F3AC8B1970B2512C5E6670D7E42C78,10902,.png,art_source,imported_canonical_content_object,art/draw baseline deduplicated by SHA-256
sources/draw/10_working/candidates/3/3_candidate_066.png,BB7DB112CA5209A4328A036A71DEC9A15412BA68ACCAFA9D1913B97A4EDEBF3B,6821,.png,art_source,imported_canonical_content_object,art/draw baseline deduplicated by SHA-256
sources/draw/10_working/candidates/3/3_candidate_067.png,D69DB914E5DA1BAC4B2004041260674EEAE9FF49F9DAD11457404EBE10344AD8,6386,.png,art_source,imported_canonical_content_object,art/draw baseline deduplicated by SHA-256
sources/draw/10_working/candidates/3/3_candidate_068.png,090A4290B3CF0F9AB34021795D4119673003A4E09CB1A511F01077B05266C548,9733,.png,art_source,imported_canonical_content_object,art/draw baseline deduplicated by SHA-256
sources/draw/10_working/candidates/3/3_candidate_069.png,5B6B9159A07857B603013077E88840B4063A41BFC03C1B553C271F7ADED748F0,7076,.png,art_source,imported_canonical_content_object,art/draw baseline deduplicated by SHA-256
sources/draw/10_working/candidates/3/3_candidate_070.png,9E7CE66623369B9DDE71FE93ED75A21782E0237AB8781FCDE5CE59BA3C6862C6,5452,.png,art_source,imported_canonical_content_object,art/draw baseline deduplicated by SHA-256
sources/draw/10_working/candidates/3/3_candidate_071.png,D64FAE6B7112E6BBB6080E0284BF3283D47547BB38623FDEE6AE45B85A511128,8238,.png,art_source,imported_canonical_content_object,art/draw baseline deduplicated by SHA-256
sources/draw/10_working/candidates/3/3_candidate_072.png,D6970307AFADCDF80AC02D3697A5568B7E191057D49344BC6D53451987C38801,5616,.png,art_source,imported_canonical_content_object,art/draw baseline deduplicated by SHA-256
sources/draw/10_working/candidates/3/3_candidate_073.png,A922A8DAD436A56AC7C0C98BABC802803D491190257122C6C96F9C9C6FA5E6E5,8360,.png,art_source,imported_canonical_content_object,art/draw baseline deduplicated by SHA-256
sources/draw/10_working/candidates/3/3_candidate_074.png,75068534FF3EE2A417C550278208DD45C05F703DF9BC257AB9D4664F142D4353,8330,.png,art_source,imported_canonical_content_object,art/draw baseline deduplicated by SHA-256
sources/draw/10_working/candidates/3/3_candidate_075.png,029D70D4595463C97AE0611ECD63574C89E966BAC17A230E5FAF096D85690D90,7732,.png,art_source,imported_canonical_content_object,art/draw baseline deduplicated by SHA-256
sources/draw/10_working/candidates/3/3_candidate_076.png,C20FA50A3102D151134A291AFA6744DE8913D911ED0B92B41DCD2955F68B8C9E,6201,.png,art_source,imported_canonical_content_object,art/draw baseline deduplicated by SHA-256
sources/draw/10_working/candidates/3/3_candidate_077.png,95BA9053F93F1BA3AF29F68364041688C4D70802CBE1B03018C55BF2F1538DD0,7544,.png,art_source,imported_canonical_content_object,art/draw baseline deduplicated by SHA-256
sources/draw/10_working/candidates/3/3_candidate_078.png,AAD7C7674F0732A0059515E0894E88EFB0027D9AD7C7BCB12BD8CF571030553D,8237,.png,art_source,imported_canonical_content_object,art/draw baseline deduplicated by SHA-256
sources/draw/10_working/candidates/3/3_candidate_079.png,A67747A0B0B0A276D1E6C8EBCFE710404EB0FD70971B7991672E8D44BD75BBDF,8961,.png,art_source,imported_canonical_content_object,art/draw baseline deduplicated by SHA-256
sources/draw/10_working/candidates/3/3_candidate_080.png,8C137D33B7109215D71363274D24E3B441E16638853D21E89324870C57BA52B2,7337,.png,art_source,imported_canonical_content_object,art/draw baseline deduplicated by SHA-256
sources/draw/10_working/candidates/3/3_candidate_081.png,6BABC2141B036AE07B47212083B3013F9A36C279768EFBB643A27D41ED3855C0,8319,.png,art_source,imported_canonical_content_object,art/draw baseline deduplicated by SHA-256
sources/draw/10_working/candidates/3/3_candidate_082.png,6D2C2B585022EB5A0955E355D946A3BA42897CD3CEA1EBA6BF5A65A4C7F9246B,29085,.png,art_source,imported_canonical_content_object,art/draw baseline deduplicated by SHA-256
sources/draw/10_working/candidates/3/3_candidate_083.png,083041B33BEAFFD21F58C61642C6E04606BEAC4A4F7A90302590D2287F3C383E,11166,.png,art_source,imported_canonical_content_object,art/draw baseline deduplicated by SHA-256
sources/draw/10_working/candidates/3/3_candidate_084.png,713DF76168D6AB5209C6C6A392A24697A607B6EF61CD79EBC73DC8E948C67C68,7092,.png,art_source,imported_canonical_content_object,art/draw baseline deduplicated by SHA-256
sources/draw/10_working/candidates/3/3_candidate_085.png,45C35D9ECC3E8251B1A045FC386EE35A1BD9E498D504FEF2FD9FDD0DF5764133,6718,.png,art_source,imported_canonical_content_object,art/draw baseline deduplicated by SHA-256
sources/draw/10_working/candidates/3/3_candidate_086.png,4BF6583FBE628E3C818C249A6BFF01659382D82522718E090939F63530D103D1,7342,.png,art_source,imported_canonical_content_object,art/draw baseline deduplicated by SHA-256
sources/draw/10_working/candidates/3/3_candidate_087.png,99B86E28A25B8B1D27126785E1DD772D5573196F95325FAD9FE828A91F1B7896,6407,.png,art_source,imported_canonical_content_object,art/draw baseline deduplicated by SHA-256
sources/draw/10_working/candidates/3/3_candidate_088.png,8BE444CF6B9EBA2A7779002B7F0093A03CF0A421DFE62BD24B9D51BF577F14B5,6622,.png,art_source,imported_canonical_content_object,art/draw baseline deduplicated by SHA-256
sources/draw/10_working/candidates/3/3_candidate_089.png,CFDBA0566141A41FBC14F01907CF097C817E3C3BA601CC8C93AC247C068C0814,4833,.png,art_source,imported_canonical_content_object,art/draw baseline deduplicated by SHA-256
sources/draw/10_working/candidates/3/3_candidate_090.png,18F262E05E88599038B9C7A0E98F0C62B82C8447A1856E422AB4641F875AFABD,6967,.png,art_source,imported_canonical_content_object,art/draw baseline deduplicated by SHA-256
sources/draw/10_working/candidates/3/3_candidate_091.png,EB46FFB5AB9B681F9AB2754FC91BC4CAF718AB055149966D99DFCF7F827F70DE,8436,.png,art_source,imported_canonical_content_object,art/draw baseline deduplicated by SHA-256
sources/draw/10_working/candidates/3/3_candidate_092.png,5D4A06C6DC2CCA014B61E513C5D05845B3687921AD37BA2B962532A842894CC8,8157,.png,art_source,imported_canonical_content_object,art/draw baseline deduplicated by SHA-256
sources/draw/10_working/candidates/3/3_candidate_093.png,256B8CC43FAFAF0B42B62EE95951C676FDFBB5109CD2CCF14F46F8ACEA12EB7B,7792,.png,art_source,imported_canonical_content_object,art/draw baseline deduplicated by SHA-256
sources/draw/10_working/candidates/3/3_candidate_094.png,048E043D6E12078EFAF14AA601F3F95D3C3C51C3CCB193383909421FDA02DCC1,7197,.png,art_source,imported_canonical_content_object,art/draw baseline deduplicated by SHA-256
sources/draw/10_working/candidates/3/3_candidate_095.png,CAAE0E13F8061F5C365768D74E6241578D78210EF49B7E304BD0A7841A5FAA00,9377,.png,art_source,imported_canonical_content_object,art/draw baseline deduplicated by SHA-256
sources/draw/10_working/candidates/3/3_candidate_096.png,8E1C1AEE79A0943B31E734BC30455A661A8BDCDF79FCD4C2ECE33EADC8D22191,7727,.png,art_source,imported_canonical_content_object,art/draw baseline deduplicated by SHA-256
sources/draw/10_working/candidates/3/3_candidate_097.png,19F6AAD0DB15A8D1D7C67FC0D81BC9342771AB60F18F3BAF4F3DDA371D20A5C0,7395,.png,art_source,imported_canonical_content_object,art/draw baseline deduplicated by SHA-256
sources/draw/10_working/candidates/3/3_candidate_098.png,02C9B05C349FA42A123C2DFE84634543928605E35FC896D46F56FA29DAED775F,7981,.png,art_source,imported_canonical_content_object,art/draw baseline deduplicated by SHA-256
sources/draw/10_working/candidates/4/4_candidate_001.png,50C77B5F35DC8E5C66ACD38263AB38789F39573EB6B408C8C4FC05B14762FACA,1541,.png,art_source,imported_canonical_content_object,art/draw baseline deduplicated by SHA-256
sources/draw/10_working/candidates/4/4_candidate_002.png,DDA5FACAE2F86A6BEC5F0ABA34B5A3B6B67C5C09919BA9058AA0638FAA361696,113721,.png,art_source,imported_canonical_content_object,art/draw baseline deduplicated by SHA-256
sources/draw/10_working/candidates/4/4_candidate_003.png,F8C842CCC7377F641E9C7700058524A47EF0DE230D6CAD7731910E27D04CFB9C,23937,.png,art_source,imported_canonical_content_object,art/draw baseline deduplicated by SHA-256
sources/draw/10_working/candidates/4/4_candidate_004.png,4A0A929EA880326BC35CDB8F37E7771F93E4221F60B1CF9E986BB14EAB89E852,49732,.png,art_source,imported_canonical_content_object,art/draw baseline deduplicated by SHA-256
sources/draw/10_working/candidates/4/4_candidate_005.png,695D0617377DD26D660D9EF0194524ADB3A62E1BEB218500136ED3D1AAA38A21,85302,.png,art_source,imported_canonical_content_object,art/draw baseline deduplicated by SHA-256
sources/draw/10_working/candidates/4/4_candidate_006.png,59018A31F0FED49BA74B5A49B5E7C81E45E4A6245AC1108EF31D69EA1917C2EF,102681,.png,art_source,imported_canonical_content_object,art/draw baseline deduplicated by SHA-256
sources/draw/10_working/candidates/4/4_candidate_007.png,C4238CBBC134E7BF342C72073D1A4893C8C1F8C5D7A47F87615BD8E55B87C114,108522,.png,art_source,imported_canonical_content_object,art/draw baseline deduplicated by SHA-256
sources/draw/10_working/candidates/4/4_candidate_008.png,7144B27750DB1655DC7BBFFC3D8A608C4DE8C96968B75BB282093DD1B425D00E,36733,.png,art_source,imported_canonical_content_object,art/draw baseline deduplicated by SHA-256
sources/draw/10_working/candidates/4/4_candidate_009.png,C9272547D89FEC428921866B461C67EADAEC5994EA7558140FF6FAD06DFC9411,35041,.png,art_source,imported_canonical_content_object,art/draw baseline deduplicated by SHA-256
sources/draw/10_working/candidates/4/4_candidate_010.png,F0217B610209EC376D7E54EBB1D4C327F98A863ADBD43FB5E56158E257D4041E,53870,.png,art_source,imported_canonical_content_object,art/draw baseline deduplicated by SHA-256
sources/draw/10_working/candidates/4/4_candidate_011.png,9F6210D86FE1B7B00AAE3F4F1B2AA226901B44A548B5D33580F38AF09C9C7E50,37960,.png,art_source,imported_canonical_content_object,art/draw baseline deduplicated by SHA-256
sources/draw/10_working/candidates/4/4_candidate_012.png,87335B621B01B7CB72722EE62F85BA8C52EF392F49AD0CAD5C0B42027F05FB3C,12916,.png,art_source,imported_canonical_content_object,art/draw baseline deduplicated by SHA-256
sources/draw/10_working/candidates/4/4_candidate_013.png,38A3CD8D0FCE2B538A37E2CDC8DDAF1186DB243A7F0541B65C806FC2D085F4E0,19859,.png,art_source,imported_canonical_content_object,art/draw baseline deduplicated by SHA-256
sources/draw/10_working/candidates/4/4_candidate_014.png,2384639FA18AC740490B90E32C392185EB4A254834B9170A14D1736818231792,10684,.png,art_source,imported_canonical_content_object,art/draw baseline deduplicated by SHA-256
sources/draw/10_working/candidates/4/4_candidate_015.png,A41FE2418B27F078F91EE83AD8EB2A831F10E7AEB37849FAF8459D5960F9175D,10860,.png,art_source,imported_canonical_content_object,art/draw baseline deduplicated by SHA-256
sources/draw/10_working/candidates/4/4_candidate_016.png,7E77AB4A875B213486C0A60276DD626E4D2A6AA0B461E510505C94BCA9344B21,11444,.png,art_source,imported_canonical_content_object,art/draw baseline deduplicated by SHA-256
sources/draw/10_working/candidates/4/4_candidate_017.png,D1ECED3BC7F7B0F6B28B797B8745FA69FCE1F9DA8BCE92242973FBFC9FB0B618,10296,.png,art_source,imported_canonical_content_object,art/draw baseline deduplicated by SHA-256
sources/draw/10_working/candidates/4/4_candidate_018.png,C56439C50939A6DCF760FB68A0578AF746333275009549F18F3E6431BB5F3F2B,11591,.png,art_source,imported_canonical_content_object,art/draw baseline deduplicated by SHA-256
sources/draw/10_working/candidates/4/4_candidate_019.png,8E161742907B91C94CF57A78F17078DE094224F08D93CCD3C7B4FA0EDD4D4E16,10112,.png,art_source,imported_canonical_content_object,art/draw baseline deduplicated by SHA-256
sources/draw/10_working/candidates/4/4_candidate_020.png,594152A9948D9FFB612C3B4585F66392ABA073E64E7FF17529E1D4E4E40F72D3,10382,.png,art_source,imported_canonical_content_object,art/draw baseline deduplicated by SHA-256
sources/draw/10_working/candidates/4/4_candidate_021.png,F90AB9C1592F9535FC3C249D25E78DBC19528FF31D6AD919FA207F25080501F1,10745,.png,art_source,imported_canonical_content_object,art/draw baseline deduplicated by SHA-256
sources/draw/10_working/candidates/4/4_candidate_022.png,1BFA977888CB26B9AA913B164DE80EBC458EE2A1C8D0B565A6659C78B0276E4F,10013,.png,art_source,imported_canonical_content_object,art/draw baseline deduplicated by SHA-256
sources/draw/10_working/candidates/4/4_candidate_023.png,CD3D73D135C029B0D1798FE796006B1ECDC93A3568269C752B1B24C5CF670033,10206,.png,art_source,imported_canonical_content_object,art/draw baseline deduplicated by SHA-256
sources/draw/10_working/candidates/4/4_candidate_024.png,C7666055A1A3AA17A94671BF9E1F5C3EE929EFE6548FA0F83C93FC08B87FC6C4,10778,.png,art_source,imported_canonical_content_object,art/draw baseline deduplicated by SHA-256
sources/draw/10_working/candidates/4/4_candidate_025.png,E098484CF7F085F4E53109A3B624114F0FDAEB8E22D2EB582E77C9416CF50E84,10270,.png,art_source,imported_canonical_content_object,art/draw baseline deduplicated by SHA-256
sources/draw/10_working/candidates/4/4_candidate_026.png,A5AE7320524B12D1C025B61D5DA9CDADD3F9DCB9E39394226320076BD77F1098,10109,.png,art_source,imported_canonical_content_object,art/draw baseline deduplicated by SHA-256
sources/draw/10_working/candidates/4/4_candidate_027.png,EC45127B8B73AC28D916D2518F6353ADFAF69CA865BD428A6C9C7A726155DA51,10482,.png,art_source,imported_canonical_content_object,art/draw baseline deduplicated by SHA-256
sources/draw/10_working/candidates/4/4_candidate_028.png,5E4DE5169476D1DFF1C19C29D1C5C140F41959F7E9E6B0DCB753EFFFECB5F41C,11027,.png,art_source,imported_canonical_content_object,art/draw baseline deduplicated by SHA-256
sources/draw/10_working/candidates/4/4_candidate_029.png,53E748FF85EF482156F08148ADD58834482D8264D6533A787A59669C2FB73EA7,10192,.png,art_source,imported_canonical_content_object,art/draw baseline deduplicated by SHA-256
sources/draw/10_working/candidates/4/4_candidate_030.png,7E79082E6CD939F99BCA6819C79F61CDFA2B2B3EC252EDDA09D5B0C33BE15031,12051,.png,art_source,imported_canonical_content_object,art/draw baseline deduplicated by SHA-256
sources/draw/10_working/candidates/4/4_candidate_031.png,2D0DE85156833AF7273C02E014DAB23EE470DC8680135D3ECB97E5388B038097,11866,.png,art_source,imported_canonical_content_object,art/draw baseline deduplicated by SHA-256
sources/draw/10_working/candidates/4/4_candidate_032.png,2645124B86FF30C117FCDD3818A7F9DA91C7D34F8D5C2B4141D4FFACBDB6F4D5,11360,.png,art_source,imported_canonical_content_object,art/draw baseline deduplicated by SHA-256
sources/draw/10_working/candidates/4/4_candidate_033.png,3BDD5FF78775DCC92DD4B92F92C029BC850A0ABB455AC4AC53C6DF9F90C2B252,12840,.png,art_source,imported_canonical_content_object,art/draw baseline deduplicated by SHA-256
sources/draw/10_working/candidates/4/4_candidate_034.png,2F50F2800CC338737A1D4DF2E72A40F427D41C02F62E418FFC61665B5BE95893,143086,.png,art_source,imported_canonical_content_object,art/draw baseline deduplicated by SHA-256
sources/draw/10_working/candidates/4/4_candidate_035.png,CE96415F7471BD58BA6DB4459854A6FBDF9F9786CD3DCF4F6CBCE5EB7F4C4831,29814,.png,art_source,imported_canonical_content_object,art/draw baseline deduplicated by SHA-256
sources/draw/10_working/candidates/4/4_candidate_036.png,1E28D20D5ACA9BB85F443A7AAA9FCDB759035CB5FF5C65108E47CE79FED2AC43,32645,.png,art_source,imported_canonical_content_object,art/draw baseline deduplicated by SHA-256
sources/draw/10_working/candidates/4/4_candidate_037.png,96118D2EF43874C2485AF7034E81BAC9137A72FE6F8992033DFF5E575037C4E0,109639,.png,art_source,imported_canonical_content_object,art/draw baseline deduplicated by SHA-256
sources/draw/10_working/candidates/4/4_candidate_038.png,8EA1EACCFA491F00B67EF6F4A4A49F4648FFEB6B80024FAD8FD3901CB073D27B,73247,.png,art_source,imported_canonical_content_object,art/draw baseline deduplicated by SHA-256
sources/draw/10_working/candidates/4/4_candidate_039.png,1F00CA06066D9628ABC51B9EA318556689BAF30863FB1A1E2C40BD04E8F6C5D8,14111,.png,art_source,imported_canonical_content_object,art/draw baseline deduplicated by SHA-256
sources/draw/10_working/candidates/4/4_candidate_040.png,5E9CA916B7B3478D3BBD38F0E5C18C49FFDD253935454348D5007BD860B7E4DB,14458,.png,art_source,imported_canonical_content_object,art/draw baseline deduplicated by SHA-256
sources/draw/10_working/candidates/4/4_candidate_041.png,2C528551A6504AD7E12D837B554A121EBE32C03C850832C99CE4B7D2F8AF8586,37030,.png,art_source,imported_canonical_content_object,art/draw baseline deduplicated by SHA-256
sources/draw/10_working/candidates/4/4_candidate_042.png,A4303D1D9C5D9E4A48F415652B88C4D4765FC3C5FE1188B1D86D7AD1574CE34C,24416,.png,art_source,imported_canonical_content_object,art/draw baseline deduplicated by SHA-256
sources/draw/10_working/candidates/4/4_candidate_043.png,2109E78EFB987054450FB3182ED6E00B919CACBAC1056E9E7F62AADBA945CF2D,16397,.png,art_source,imported_canonical_content_object,art/draw baseline deduplicated by SHA-256
sources/draw/10_working/candidates/4/4_candidate_044.png,2F16BD615FB6904A1FE546458420F213AACB5BC6D182E0966D31F29A0CCE1039,75288,.png,art_source,imported_canonical_content_object,art/draw baseline deduplicated by SHA-256
sources/draw/10_working/candidates/4/4_candidate_045.png,3B6AF928401AD5D0142C382D165CDDF6F4FA2A03C2AB12694169D996C30377FA,33419,.png,art_source,imported_canonical_content_object,art/draw baseline deduplicated by SHA-256
sources/draw/10_working/candidates/5/5_candidate_001.png,2619FCA91C859900EB074BC0BE5609070BE6E1F3222055AA8C2F597557D8D002,73238,.png,art_source,imported_canonical_content_object,art/draw baseline deduplicated by SHA-256
sources/draw/10_working/candidates/5/5_candidate_002.png,4884DCED20EAAD591334B410A5E3B891B548FA56E279158D0C383CCE9AA87099,720063,.png,art_source,imported_canonical_content_object,art/draw baseline deduplicated by SHA-256
sources/draw/10_working/candidates/5/5_candidate_003.png,5A85F1A76651846478B1F03E1FD1686280BC8C4701F30FF7D12B1BBFAE1ABE43,48772,.png,art_source,imported_canonical_content_object,art/draw baseline deduplicated by SHA-256
sources/draw/10_working/candidates/5/5_candidate_004.png,F74524842821F580097FE2AD086C6E71FC67BD741C929904E18548701E13FDD4,150789,.png,art_source,imported_canonical_content_object,art/draw baseline deduplicated by SHA-256
sources/draw/10_working/candidates/5/5_candidate_005.png,63B09D8CF45A920FFED4D1099E339340458B14525B61751149C553E05B8E340B,208590,.png,art_source,imported_canonical_content_object,art/draw baseline deduplicated by SHA-256
sources/draw/10_working/candidates/5/5_candidate_006.png,2B20665779D2B4B123B7D35246F38D04ED8C66DC8DA37565DC0125F6C06457C9,83938,.png,art_source,imported_canonical_content_object,art/draw baseline deduplicated by SHA-256
sources/draw/10_working/candidates/5/5_candidate_007.png,6572CD4D74454FD788F60B54FAD116732FE086FB4BCAA5A1217DF1845FEC6949,72750,.png,art_source,imported_canonical_content_object,art/draw baseline deduplicated by SHA-256
sources/draw/10_working/candidates/5/5_candidate_008.png,5875BB252BBACE05CBDC16573C2EED5EC4622F6E2D5ED081CC978759B16C0200,456,.png,art_source,imported_canonical_content_object,art/draw baseline deduplicated by SHA-256
sources/draw/10_working/candidates/5/5_candidate_009.png,C91EEB29B32CD88D723B367185067615129CFF8E2CDBB7253897B840CFD6B2CD,17507,.png,art_source,imported_canonical_content_object,art/draw baseline deduplicated by SHA-256
sources/draw/10_working/candidates/5/5_candidate_010.png,FE5D05F18CFEF51BEB48FAC37BE922EE0E4ACB512EFB9F9A68BFD624DEA9D48C,31279,.png,art_source,imported_canonical_content_object,art/draw baseline deduplicated by SHA-256
sources/draw/10_working/candidates/5/5_candidate_011.png,0CCC8729E79959908FE812CB17C13E4D34801A745E8190F8C47BA289D9B269B2,81854,.png,art_source,imported_canonical_content_object,art/draw baseline deduplicated by SHA-256
sources/draw/10_working/candidates/5/5_candidate_012.png,18774D21740C56D7FACC0F95C3F2AA8E287A8C1B4A5220A7D8C67AAF21268C00,6474,.png,art_source,imported_canonical_content_object,art/draw baseline deduplicated by SHA-256
sources/draw/10_working/candidates/5/5_candidate_013.png,C2C20ED8E4F3FDAFAEB94C64CBBFBD422ABF47C52A315F1914D94CA4E10FF8D6,79405,.png,art_source,imported_canonical_content_object,art/draw baseline deduplicated by SHA-256
sources/draw/10_working/candidates/5/5_candidate_014.png,8C6AAB5443C8134368D120D736DF1D73A0297A2091F27A4850021E412D277633,115448,.png,art_source,imported_canonical_content_object,art/draw baseline deduplicated by SHA-256
sources/draw/10_working/candidates/5/5_candidate_015.png,FFF3BECD3D3050D79CC7D270DD9DC1D7BE7F3AC5714A501973DE3CEF188AAAE7,40570,.png,art_source,imported_canonical_content_object,art/draw baseline deduplicated by SHA-256
sources/draw/10_working/candidates/5/5_candidate_016.png,82451A090C4B1B19B29B88E696B8FE61C798D8F0DA91A5FD407A157B9F2BBBCB,15327,.png,art_source,imported_canonical_content_object,art/draw baseline deduplicated by SHA-256
sources/draw/10_working/candidates/5/5_candidate_017.png,C231D9A7ADBCBF22AAF3597AD5C1DFCED6735445C0C4E2C85C89D407F8F05588,7824,.png,art_source,imported_canonical_content_object,art/draw baseline deduplicated by SHA-256
sources/draw/10_working/candidates/5/5_candidate_018.png,F0BDF33EA95A7B21F776341C0B0B2AA7646C77E63F4B3DDA59C33DF94502F810,10929,.png,art_source,imported_canonical_content_object,art/draw baseline deduplicated by SHA-256
sources/draw/10_working/candidates/5/5_candidate_019.png,C3AF20EA690F9FFA87C457B4CBBC5F7A38219C4B34F2B8F816E3C7D90012681B,6384,.png,art_source,imported_canonical_content_object,art/draw baseline deduplicated by SHA-256
sources/draw/10_working/candidates/5/5_candidate_020.png,0D8F305A8D485DB50B97F04A6D57B75BC63506F5A6EFD2C5BE4D2AED98308CAE,7085,.png,art_source,imported_canonical_content_object,art/draw baseline deduplicated by SHA-256
sources/draw/10_working/candidates/5/5_candidate_021.png,BA69FD69BEDCA8F25FE50B03A93DC32D4BEDD85C6A9D3EA0B47D668972DF9EC2,7338,.png,art_source,imported_canonical_content_object,art/draw baseline deduplicated by SHA-256
sources/draw/10_working/candidates/5/5_candidate_022.png,8D954E6480F6E7FA0E31FA572F015E903D3811DF2DEA56786700AC6F40FBD419,25321,.png,art_source,imported_canonical_content_object,art/draw baseline deduplicated by SHA-256
sources/draw/10_working/candidates/5/5_candidate_023.png,525E112FD0AF313AA2AA50544FD60A99252E379F2A6CFA1DDE27B75D2701E06E,9339,.png,art_source,imported_canonical_content_object,art/draw baseline deduplicated by SHA-256
sources/draw/10_working/candidates/5/5_candidate_024.png,48C1B7CC7A9E95C8BD491FFF290B75EBC0E5D6E431121368DC0E41681B10DF7E,3599,.png,art_source,imported_canonical_content_object,art/draw baseline deduplicated by SHA-256
sources/draw/10_working/candidates/5/5_candidate_025.png,81B42026C2AE7B54107B373857CEEC978BDB1AEEE4B5373A9BDF20ACC0B81DF1,4245,.png,art_source,imported_canonical_content_object,art/draw baseline deduplicated by SHA-256
sources/draw/10_working/candidates/5/5_candidate_026.png,F38AEFACAE555E7192931FB22B2CE32D30823D59EBF77548BD9D2776ADD34B14,2964,.png,art_source,imported_canonical_content_object,art/draw baseline deduplicated by SHA-256
sources/draw/10_working/candidates/5/5_candidate_027.png,62856A32A733EBFBA9F85E030A7F834260D0280E9726CAD8C6F153056866A901,15384,.png,art_source,imported_canonical_content_object,art/draw baseline deduplicated by SHA-256
sources/draw/10_working/candidates/5/5_candidate_028.png,1782E51D777B626E2313A8ADC67E2F4149E70559B019CCC1C3C52B7C92FE2FD9,2383,.png,art_source,imported_canonical_content_object,art/draw baseline deduplicated by SHA-256
sources/draw/10_working/candidates/5/5_candidate_029.png,ED508C337A76AA049E093E0F61D8D76B6B5F73F3522771B0E52378B1261776EF,37448,.png,art_source,imported_canonical_content_object,art/draw baseline deduplicated by SHA-256
sources/draw/10_working/candidates/5/5_candidate_030.png,B42C5AD3F34C734203B86C2E24CE422D3B43A7092DBF8F7E59039A17A350B1D6,2217,.png,art_source,imported_canonical_content_object,art/draw baseline deduplicated by SHA-256
sources/draw/10_working/candidates/5/5_candidate_031.png,F4A247979A8EE782B939B9EED2D7155DC10EFA83C0E88290475130122AF0273A,1773,.png,art_source,imported_canonical_content_object,art/draw baseline deduplicated by SHA-256
sources/draw/10_working/candidates/5/5_candidate_032.png,BA9CF9E0A6B453F0865047D6F783E1BA428D3F204CE0EDAD395F5E0E1C5DD429,2122,.png,art_source,imported_canonical_content_object,art/draw baseline deduplicated by SHA-256
sources/draw/10_working/candidates/5/5_candidate_033.png,F9B22261594874285BF689003053D8B1BE0B7F1E0EC9AD0698D71B50E10D4412,2213,.png,art_source,imported_canonical_content_object,art/draw baseline deduplicated by SHA-256
sources/draw/10_working/candidates/5/5_candidate_034.png,311AFD33C105CB4F4997671E6D113118708CFF1319B8F1D61AE5E8A49603226B,2027,.png,art_source,imported_canonical_content_object,art/draw baseline deduplicated by SHA-256
sources/draw/10_working/candidates/5/5_candidate_035.png,64A8B777B74189C4F8E818E647FCF3E473011D99FAFE2D1B670F5FD15656F21C,2014,.png,art_source,imported_canonical_content_object,art/draw baseline deduplicated by SHA-256
sources/draw/10_working/candidates/5/5_candidate_036.png,53ADF6B5313EF05DBA8F0B94F2963898837A5504F479267C4D8B2F353BD220E7,21338,.png,art_source,imported_canonical_content_object,art/draw baseline deduplicated by SHA-256
sources/draw/10_working/candidates/5/5_candidate_037.png,9ABFFE88A8235EB3F4814E0F80F0C4EBD7AAD914FBE2E3BB991715E948BBA8DD,17804,.png,art_source,imported_canonical_content_object,art/draw baseline deduplicated by SHA-256
sources/draw/10_working/candidates/5/5_candidate_038.png,479F6B3B5C7C98757589E979C0F0C42093738CC623B16DB876155ACFB31A8DFB,17259,.png,art_source,imported_canonical_content_object,art/draw baseline deduplicated by SHA-256
sources/draw/10_working/candidates/5/5_candidate_039.png,FD88C66D8CD9689D5443484E5C3DB500C6D9D177E9773F00D79AE9C08999BE55,16963,.png,art_source,imported_canonical_content_object,art/draw baseline deduplicated by SHA-256
sources/draw/10_working/candidates/5/5_candidate_040.png,796E0700579D49F908F9E15346E97FB425F9118F244BC09E2AAC0DC91AC997A5,20802,.png,art_source,imported_canonical_content_object,art/draw baseline deduplicated by SHA-256
sources/draw/10_working/candidates/5/5_candidate_041.png,50350A00ED22E9EFF963B6B5A260F7EB49F5E5709EBF02C3B38CEBB5986D0984,24526,.png,art_source,imported_canonical_content_object,art/draw baseline deduplicated by SHA-256
sources/draw/10_working/candidates/5/5_candidate_042.png,3EAF2D45789781C5F2008EB0B4C04F8BB2E3A6783FE4F0DD6BDF9670B089327F,128912,.png,art_source,imported_canonical_content_object,art/draw baseline deduplicated by SHA-256
sources/draw/10_working/candidates/5/5_candidate_043.png,D10968B01F42AE51BCCB64F2FBE18A1679F931270B46BABC058DCCB44C9667DA,19766,.png,art_source,imported_canonical_content_object,art/draw baseline deduplicated by SHA-256
sources/draw/10_working/candidates/5/5_candidate_044.png,30BAC2D650CB3231E74758E91D31F1448F92CE851FA7560123CC2DAB1D45EFF6,53508,.png,art_source,imported_canonical_content_object,art/draw baseline deduplicated by SHA-256
sources/draw/10_working/candidates/5/5_candidate_045.png,93833EFB01E7CA0E0267511FD398BE276AF3E628B0BC3A3B1855DDFA7A6D6EA6,7720,.png,art_source,imported_canonical_content_object,art/draw baseline deduplicated by SHA-256
sources/draw/10_working/candidates/5/5_candidate_046.png,33D0ACE9D5A62AC1AE1B3C29EDD511851FB6348A5FDEB4F0D5021CD690055272,19758,.png,art_source,imported_canonical_content_object,art/draw baseline deduplicated by SHA-256
sources/draw/10_working/candidates/5/5_candidate_047.png,0713EF68AD37FDCE1C375172EA28000C303627B9B88C486D8AE92C4E6FF686C4,20407,.png,art_source,imported_canonical_content_object,art/draw baseline deduplicated by SHA-256
sources/draw/10_working/candidates/5/5_candidate_048.png,B2E45007563B1EA898A3FD5968CBC74A91DD2E392DE8C27A5CA864E64C9906DF,7297,.png,art_source,imported_canonical_content_object,art/draw baseline deduplicated by SHA-256
sources/draw/10_working/candidates/5/5_candidate_049.png,905B5A09E0546D2803C99D44D3E5E5A419E939AC18AA5EF22F3FB4B875FDFA09,7863,.png,art_source,imported_canonical_content_object,art/draw baseline deduplicated by SHA-256
sources/draw/10_working/candidates/5/5_candidate_050.png,0D9BFA176A1A1572DDE606B70EB2490E91D7C1485E67506888B0CA22035F5313,5296,.png,art_source,imported_canonical_content_object,art/draw baseline deduplicated by SHA-256
sources/draw/10_working/candidates/5/5_candidate_051.png,50407F5E3F755B6E4E24D2B4B930273D4969725E1AC3775F2B8598C6D5AACE07,7113,.png,art_source,imported_canonical_content_object,art/draw baseline deduplicated by SHA-256
sources/draw/10_working/candidates/5/5_candidate_052.png,9BF5F8B9118542C103BC5C371A51271A8EBB3EE1F9401C594377C9BC1BFD32A9,35596,.png,art_source,imported_canonical_content_object,art/draw baseline deduplicated by SHA-256
sources/draw/10_working/candidates/5/5_candidate_053.png,E9B154769447B8245E0FED9A0A60E6042870BBA7D6BBBD1B8CD267C1ED032F0A,34660,.png,art_source,imported_canonical_content_object,art/draw baseline deduplicated by SHA-256
sources/draw/10_working/candidates/5/5_candidate_054.png,8C19101FB3A385828727B14208E6F7953862A5B9B839351801F919712FF27D5B,4103,.png,art_source,imported_canonical_content_object,art/draw baseline deduplicated by SHA-256
sources/draw/10_working/candidates/5/5_candidate_055.png,F791E733C2DDEBE5DCA1C6242C0D127310F121EF91B0B36C8FE624F45033F82E,5080,.png,art_source,imported_canonical_content_object,art/draw baseline deduplicated by SHA-256
sources/draw/10_working/candidates/5/5_candidate_056.png,5DE20696F908253DA297E8154ACFDD1E057275CB9939BF26640BF76AB044263F,7510,.png,art_source,imported_canonical_content_object,art/draw baseline deduplicated by SHA-256
sources/draw/10_working/candidates/5/5_candidate_057.png,EF9F061A55D677AE4762A5102619668E0728FFF0456812AB94AC04936F68BCDB,4055,.png,art_source,imported_canonical_content_object,art/draw baseline deduplicated by SHA-256
sources/draw/10_working/candidates/5/5_candidate_058.png,5F9BB07C68031B263896357389FE17D507B3C0B50C16172B363D5814B33D00E2,4148,.png,art_source,imported_canonical_content_object,art/draw baseline deduplicated by SHA-256
sources/draw/10_working/candidates/5/5_candidate_059.png,D40666586D821D0F922FDEE921045FB1BB3C0F62082E3F4B52D318FCAE1707F4,3836,.png,art_source,imported_canonical_content_object,art/draw baseline deduplicated by SHA-256
sources/draw/10_working/candidates/5/5_candidate_060.png,25E1E496D20706A4AD5227CCDDADB75F69B91CF7646959206917BF9F1BA5F592,6671,.png,art_source,imported_canonical_content_object,art/draw baseline deduplicated by SHA-256
sources/draw/10_working/candidates/5/5_candidate_061.png,4929C94C3AAF78677009CD8F0D44DA2628DFCCB0B50104C15AF33813657BD04F,7311,.png,art_source,imported_canonical_content_object,art/draw baseline deduplicated by SHA-256
sources/draw/10_working/candidates/5/5_candidate_062.png,CE77D7023003872BC3F91797881E98C1657C0976905ACC2DA87D662DA9E64BA2,7377,.png,art_source,imported_canonical_content_object,art/draw baseline deduplicated by SHA-256
sources/draw/10_working/candidates/5/5_candidate_063.png,5FFB36AB94A7D72A4156666A22271A95EF2F5AD1BA54AD858B3BFFEE2673B4F7,7010,.png,art_source,imported_canonical_content_object,art/draw baseline deduplicated by SHA-256
sources/draw/10_working/candidates/5/5_candidate_064.png,D145E096D7922BF92C69C6645C8E02110F1BA11C4A47D1C190472ED1493CCE99,8796,.png,art_source,imported_canonical_content_object,art/draw baseline deduplicated by SHA-256
sources/draw/10_working/candidates/5/debug_detected_boxes.png,CF03AA66D231C8F2FE4162D4DE8D3119DC9AB23CE8E6A8CE61DFEECBC3CF0E6F,2077167,.png,art_source,imported_canonical_content_object,art/draw baseline deduplicated by SHA-256
sources/draw/10_working/candidates/5/manifest.json,1B0AF608B83A2768C4D443A9E3C64FCBEF36B4B174D67575DD36811CF2B3E0B3,32139,.json,art_source,imported_canonical_content_object,art/draw baseline deduplicated by SHA-256
sources/draw/10_working/candidates/Zuhe/Zuhe_candidate_001.png,851EFB92AEAB9AC96BBEB8CDE8BED04C2B19EC7E488252CC39DA92CBB3740C60,6192,.png,art_source,imported_canonical_content_object,art/draw baseline deduplicated by SHA-256
sources/draw/10_working/candidates/Zuhe/Zuhe_candidate_002.png,A70AC6C9EBBA6C1F4CBFDB1D54F887198165D6E19CEF6DF3B32237EF60D7EB99,8406,.png,art_source,imported_canonical_content_object,art/draw baseline deduplicated by SHA-256
sources/draw/10_working/candidates/Zuhe/Zuhe_candidate_003.png,23A18FF1F95040D2EDB84BFFCE36EC58DA9414879014B657BB2BD66B35F36186,570,.png,art_source,imported_canonical_content_object,art/draw baseline deduplicated by SHA-256
sources/draw/10_working/candidates/Zuhe/Zuhe_candidate_004.png,626CE9A63962D10F7FDCEED8574005F0FB13A7081975F4EE8663CAE760E88A96,713,.png,art_source,imported_canonical_content_object,art/draw baseline deduplicated by SHA-256
sources/draw/10_working/candidates/Zuhe/Zuhe_candidate_005.png,AD5E8D1EC5291E9B7F5AA7DCC1124C99242E04DA480109FC7FCE3411CA4C3D99,80029,.png,art_source,imported_canonical_content_object,art/draw baseline deduplicated by SHA-256
sources/draw/10_working/candidates/Zuhe/Zuhe_candidate_006.png,4A99C05BF9B18C44F988D2B8ECD2104BA24A22A3AC38E9421C6BA1D40AECBD25,72484,.png,art_source,imported_canonical_content_object,art/draw baseline deduplicated by SHA-256
sources/draw/10_working/candidates/Zuhe/Zuhe_candidate_007.png,62F9371CF0D2FD6783248A9B18FFE5F528F27CF2B47BA191947731DCD9792175,82608,.png,art_source,imported_canonical_content_object,art/draw baseline deduplicated by SHA-256
sources/draw/10_working/candidates/Zuhe/Zuhe_candidate_008.png,9680C9DB5E42768BD00E997C75688258F762860EC10A86F1BD917C72119C5EB5,126062,.png,art_source,imported_canonical_content_object,art/draw baseline deduplicated by SHA-256
sources/draw/10_working/candidates/Zuhe/Zuhe_candidate_009.png,F05E6F524359097B1AF68E3C2D9546E479E8701D439E3B43F33F7240751FF86E,53638,.png,art_source,imported_canonical_content_object,art/draw baseline deduplicated by SHA-256
sources/draw/10_working/candidates/Zuhe/Zuhe_candidate_010.png,DE62E8320C76A886E2E83FE63C08CB49ED3D07EE2C500C7627EA88DD83B67098,50117,.png,art_source,imported_canonical_content_object,art/draw baseline deduplicated by SHA-256
sources/draw/10_working/candidates/Zuhe/Zuhe_candidate_011.png,A0CB83C108538646EF92A364E7C62EDB30240B2B61DA028CEA060CA0001B12E5,3991,.png,art_source,imported_canonical_content_object,art/draw baseline deduplicated by SHA-256
sources/draw/10_working/candidates/Zuhe/Zuhe_candidate_012.png,1C4612E83504C2CC0D3C60036693BD6AAA3CFDBCB2A06A1093494D540B356EAD,3905,.png,art_source,imported_canonical_content_object,art/draw baseline deduplicated by SHA-256
sources/draw/10_working/candidates/Zuhe/Zuhe_candidate_013.png,BE14C9E45FC1B65B16D1C768C57F6A8FA90FE07EC726599D1C5E69442DC77F3E,2058,.png,art_source,imported_canonical_content_object,art/draw baseline deduplicated by SHA-256
sources/draw/10_working/candidates/Zuhe/Zuhe_candidate_014.png,5427E2109097524A9CACA431FF063344BD3C783A6FA0EE9EE7C24169CC408FB7,5866,.png,art_source,imported_canonical_content_object,art/draw baseline deduplicated by SHA-256
sources/draw/10_working/candidates/Zuhe/Zuhe_candidate_015.png,F53BDD7661C703301FB39C824EB16192589DD4E83CD98B22487A36D8AC7A905A,5694,.png,art_source,imported_canonical_content_object,art/draw baseline deduplicated by SHA-256
sources/draw/10_working/candidates/Zuhe/Zuhe_candidate_016.png,AF65F23E09692BB7B37F98C7BFDD33DD1187DD7DAFFFA58D404AC01D57D3BDCC,6820,.png,art_source,imported_canonical_content_object,art/draw baseline deduplicated by SHA-256
sources/draw/10_working/candidates/Zuhe/Zuhe_candidate_017.png,8EB81032DEDAAEEF23771AE58A566A1FBFC0365FDBD02DBA0172667BAE28674C,4870,.png,art_source,imported_canonical_content_object,art/draw baseline deduplicated by SHA-256
sources/draw/10_working/candidates/Zuhe/Zuhe_candidate_018.png,EFF3FFFEB238B42742F53411F1526810D93DA821062AD6FB45F0E9B35C1EBB92,10023,.png,art_source,imported_canonical_content_object,art/draw baseline deduplicated by SHA-256
sources/draw/10_working/candidates/Zuhe/Zuhe_candidate_019.png,71992F01F88889A6FF97C0C4ED9E6407EE87D24484922E271DF5B67AF2D1E9D9,6802,.png,art_source,imported_canonical_content_object,art/draw baseline deduplicated by SHA-256
sources/draw/10_working/candidates/Zuhe/Zuhe_candidate_020.png,DD3804E1B14693937C510CF18537643A1854E61C1222EB1C719049FFFADFF6CB,758,.png,art_source,imported_canonical_content_object,art/draw baseline deduplicated by SHA-256
sources/draw/10_working/candidates/Zuhe/Zuhe_candidate_021.png,0B70EDD677F2D1D1732D92919C0B80A8109DC59AEB40DF82C837F6976FFB82CD,69641,.png,art_source,imported_canonical_content_object,art/draw baseline deduplicated by SHA-256
sources/draw/10_working/candidates/Zuhe/Zuhe_candidate_022.png,4253D97EDB1C3DBA99DF8CCB1A75B1FD3D132F0343A3B90003A32DFAD4CBEF99,78866,.png,art_source,imported_canonical_content_object,art/draw baseline deduplicated by SHA-256
sources/draw/10_working/candidates/Zuhe/Zuhe_candidate_023.png,CDD7ACFA9E0998BBAA7DEFF928AFDBEEB50725408B1C05A8237880A5126F524A,77780,.png,art_source,imported_canonical_content_object,art/draw baseline deduplicated by SHA-256
sources/draw/10_working/candidates/Zuhe/Zuhe_candidate_024.png,F09F524E01B5D4EDA66F3717E6DBFD4BB205A79E81DCEB07E3C34EA8185EB8D2,59682,.png,art_source,imported_canonical_content_object,art/draw baseline deduplicated by SHA-256
sources/draw/10_working/candidates/Zuhe/Zuhe_candidate_025.png,AFE6D79450E4B2694B46975A868FA4A616104658C41D8986390EB753E4863AE0,65700,.png,art_source,imported_canonical_content_object,art/draw baseline deduplicated by SHA-256
sources/draw/10_working/candidates/Zuhe/Zuhe_candidate_026.png,1FEEB03F3ACF6D82D2AFDD50905B5944C64C016D5ADAD22AE57F47963C2E3941,63214,.png,art_source,imported_canonical_content_object,art/draw baseline deduplicated by SHA-256
sources/draw/10_working/candidates/Zuhe/Zuhe_candidate_027.png,98A85DB99CF53056E8518844CC11B43396EB55790AF02A5FFD1BB0542CC3719C,6400,.png,art_source,imported_canonical_content_object,art/draw baseline deduplicated by SHA-256
sources/draw/10_working/candidates/Zuhe/Zuhe_candidate_028.png,A4F13CEC84C278778E8C11D3CECA83533F4967E665B8BE49F1A10080C3C23F24,6394,.png,art_source,imported_canonical_content_object,art/draw baseline deduplicated by SHA-256
sources/draw/10_working/candidates/Zuhe/Zuhe_candidate_029.png,2C14B2C5F9592F0812A499F436CF0E7909A50054E4E0B7A6641E3BC6F66E2706,6789,.png,art_source,imported_canonical_content_object,art/draw baseline deduplicated by SHA-256
sources/draw/10_working/candidates/Zuhe/Zuhe_candidate_030.png,5F665EED9862922AD662E46207FBCACDA0A9FF108795BA3F0AB17A768DCC9F26,5894,.png,art_source,imported_canonical_content_object,art/draw baseline deduplicated by SHA-256
sources/draw/10_working/candidates/Zuhe/Zuhe_candidate_031.png,70133408A3CCF95E08F16501DA985309773143EC5F91ACEB7D66529DBDF415FA,8346,.png,art_source,imported_canonical_content_object,art/draw baseline deduplicated by SHA-256
sources/draw/10_working/candidates/Zuhe/Zuhe_candidate_032.png,AC258335A5F3172312FA94902D18759742A570264FD971089500BA746125BF6D,833,.png,art_source,imported_canonical_content_object,art/draw baseline deduplicated by SHA-256
sources/draw/10_working/candidates/Zuhe/Zuhe_candidate_033.png,B8E3B166E1F07932F557A8BEB775D0034491FB43BEE7548ADB5458723CDB84C8,26303,.png,art_source,imported_canonical_content_object,art/draw baseline deduplicated by SHA-256
sources/draw/10_working/candidates/Zuhe/Zuhe_candidate_034.png,E6E0CBEF4216B0639607D4A6096505AA8315DD4F26EED2469C8D5D530E8C4D33,24971,.png,art_source,imported_canonical_content_object,art/draw baseline deduplicated by SHA-256
sources/draw/10_working/candidates/Zuhe/Zuhe_candidate_035.png,92D5C1CA9E88CBE72B78C2145C67FB448231E172071803BA33DAAF4B4951BC20,29292,.png,art_source,imported_canonical_content_object,art/draw baseline deduplicated by SHA-256
sources/draw/10_working/candidates/Zuhe/Zuhe_candidate_036.png,8C041BC6C80D748A50186AF303B6CAE3694AE6D4D5A04D8FFC9D2D89FC2FFF2E,18208,.png,art_source,imported_canonical_content_object,art/draw baseline deduplicated by SHA-256
sources/draw/10_working/candidates/Zuhe/Zuhe_candidate_037.png,B40184DC8A8147426FCC6A9932B96A6D1017D0A223874EECD4AD7A4E09B48713,18877,.png,art_source,imported_canonical_content_object,art/draw baseline deduplicated by SHA-256
sources/draw/10_working/candidates/Zuhe/Zuhe_candidate_038.png,A34396FE1665E4E419AB66FE6A0A17B995687F6515A5264AF9CBFBD8C81960E3,16981,.png,art_source,imported_canonical_content_object,art/draw baseline deduplicated by SHA-256
sources/draw/10_working/candidates/Zuhe/Zuhe_candidate_039.png,0C9020D5C6A2478A6503C2E3AE972C7343B5ED76EBBC98D5D75345C92C9B4FF9,17151,.png,art_source,imported_canonical_content_object,art/draw baseline deduplicated by SHA-256
sources/draw/10_working/candidates/Zuhe/Zuhe_candidate_040.png,C57FECF577F62CD505AD48BB7A677AACBB0CE1C276479DA7C79F73DF5D260BD8,11554,.png,art_source,imported_canonical_content_object,art/draw baseline deduplicated by SHA-256
sources/draw/10_working/candidates/Zuhe/Zuhe_candidate_041.png,6E7DEBF1C860999DEAB16BA82EA672AC18B7EE0CAEB6918AD04463B42AD7F41F,4063,.png,art_source,imported_canonical_content_object,art/draw baseline deduplicated by SHA-256
sources/draw/10_working/candidates/Zuhe/Zuhe_candidate_042.png,CF195F877FBDBE2FE585028A282453022011938F5A6C8E5C5785CEE53C9BB2FC,4196,.png,art_source,imported_canonical_content_object,art/draw baseline deduplicated by SHA-256
sources/draw/10_working/candidates/Zuhe/Zuhe_candidate_043.png,91B5E93BDE44F9D20427BF283836120803CDEC66FEA25048A29DA1697FFA98B8,3037,.png,art_source,imported_canonical_content_object,art/draw baseline deduplicated by SHA-256
sources/draw/10_working/candidates/Zuhe/Zuhe_candidate_044.png,3A9567505AA0D68CB25992B49D95F7F750E2797C21417C4B763DFC2322DBC64E,4895,.png,art_source,imported_canonical_content_object,art/draw baseline deduplicated by SHA-256
sources/draw/10_working/candidates/Zuhe/Zuhe_candidate_045.png,B17BD996CF32D09AE4CFA353D1F9780CF069983832DC5F8E7B21D02E45C1C39B,5259,.png,art_source,imported_canonical_content_object,art/draw baseline deduplicated by SHA-256
sources/draw/10_working/candidates/Zuhe/Zuhe_candidate_046.png,2937472BD9DFEA06C59A1C151A02ECF4BD800670C991930263CCDF17D110C5B8,4650,.png,art_source,imported_canonical_content_object,art/draw baseline deduplicated by SHA-256
sources/draw/10_working/candidates/Zuhe/Zuhe_candidate_047.png,2D6989064AC3315B9B122E07901F71F0A86E31184FFE27C532829732D66E7253,4709,.png,art_source,imported_canonical_content_object,art/draw baseline deduplicated by SHA-256
sources/draw/10_working/candidates/Zuhe/Zuhe_candidate_048.png,7621F7C1ACCA59D8D01EF967E4D4439DBF24A4FAD64C3FC435AD68F8F91B8670,5935,.png,art_source,imported_canonical_content_object,art/draw baseline deduplicated by SHA-256
sources/draw/10_working/candidates/Zuhe/Zuhe_candidate_049.png,63A39877D5EB8FB6A763016A305FDF8CF98DB53699D83D9A1E3A1C1D3C71FFBD,5167,.png,art_source,imported_canonical_content_object,art/draw baseline deduplicated by SHA-256
sources/draw/10_working/candidates/Zuhe/Zuhe_candidate_050.png,A8947FB894A761BBEAA6012AB91C06DE2DB3D23D0B109B7FB52973A8D56D5BC3,10024,.png,art_source,imported_canonical_content_object,art/draw baseline deduplicated by SHA-256
sources/draw/10_working/candidates/Zuhe/Zuhe_candidate_051.png,F138A71FB6DFC680FCE6F32E9BD76959C7FB595744239D24B054067C5934AF2C,822,.png,art_source,imported_canonical_content_object,art/draw baseline deduplicated by SHA-256
sources/draw/10_working/candidates/Zuhe/Zuhe_candidate_052.png,318785A2715AED068B8FEF568C0A446A70B17CC448098A7B00CAC8AE00EA698F,51873,.png,art_source,imported_canonical_content_object,art/draw baseline deduplicated by SHA-256
sources/draw/10_working/candidates/Zuhe/Zuhe_candidate_053.png,77A374F30BFD88A824BD097FD27358AA5F46D1A9B5F665B11CC35970EE99FF80,51292,.png,art_source,imported_canonical_content_object,art/draw baseline deduplicated by SHA-256
sources/draw/10_working/candidates/Zuhe/Zuhe_candidate_054.png,ED59581DBCA30B5E98526319E60827A4A59FBB68CD948CF3D575C7A0D9C47FA3,51572,.png,art_source,imported_canonical_content_object,art/draw baseline deduplicated by SHA-256
sources/draw/10_working/candidates/Zuhe/Zuhe_candidate_055.png,D6242CC3456459922674143C80C66DAFA01FCA7718779DA96F148FAC794A13C1,51632,.png,art_source,imported_canonical_content_object,art/draw baseline deduplicated by SHA-256
sources/draw/10_working/candidates/Zuhe/Zuhe_candidate_056.png,92491D0B7C9A874B7E689B36E2ABEF8C762C8446367E7C52D29466AC99488265,54733,.png,art_source,imported_canonical_content_object,art/draw baseline deduplicated by SHA-256
sources/draw/10_working/candidates/Zuhe2/Zuhe2_candidate_001.png,0CE5BB3714E31F8D11855E264A54210F6893EDD7A4433C51EE9AB24EC2F482B0,2397,.png,art_source,imported_canonical_content_object,art/draw baseline deduplicated by SHA-256
sources/draw/10_working/candidates/Zuhe2/Zuhe2_candidate_002.png,DE8B44DCBB7BAE944980D34F6EE470F5D8B2346A82B34310C659E611CF069F9D,7559,.png,art_source,imported_canonical_content_object,art/draw baseline deduplicated by SHA-256
sources/draw/10_working/candidates/Zuhe2/Zuhe2_candidate_003.png,B711A137CBA8EF06D920C4186DA3B4D9D3EAA691319DBFF806B378B81AAD78EF,6254,.png,art_source,imported_canonical_content_object,art/draw baseline deduplicated by SHA-256
sources/draw/10_working/candidates/Zuhe2/Zuhe2_candidate_004.png,1823680C3A54B1170D636CC00A3145C4A8887B4AF2CF1469317886A43F392CC6,2315,.png,art_source,imported_canonical_content_object,art/draw baseline deduplicated by SHA-256
sources/draw/10_working/candidates/Zuhe2/Zuhe2_candidate_005.png,ACCFF690D18405CF75E49613E35CF897248B83D5C3747FC391FFC50399629EE3,2386,.png,art_source,imported_canonical_content_object,art/draw baseline deduplicated by SHA-256
sources/draw/10_working/candidates/Zuhe2/Zuhe2_candidate_006.png,AE1DD32E03E2089BC9F2372E7C2916DF230A2DE95D4E4E27C082755643C9AF5C,21405,.png,art_source,imported_canonical_content_object,art/draw baseline deduplicated by SHA-256
sources/draw/10_working/candidates/Zuhe2/Zuhe2_candidate_007.png,F8C43119FC7E89AD3D217545BA73784FE2E6650FC962DB0E207CA0F55D7E7531,19428,.png,art_source,imported_canonical_content_object,art/draw baseline deduplicated by SHA-256
sources/draw/10_working/candidates/Zuhe2/Zuhe2_candidate_008.png,D6846AFADF7573D60C2813E7A7254978952BF4F2E154C153A0221FC1F04EAFC3,14296,.png,art_source,imported_canonical_content_object,art/draw baseline deduplicated by SHA-256
sources/draw/10_working/candidates/Zuhe2/Zuhe2_candidate_009.png,66AA71F85C9530477B7579AF033ECA197E8BE39B7897826A05C65C37947619FB,21424,.png,art_source,imported_canonical_content_object,art/draw baseline deduplicated by SHA-256
sources/draw/10_working/candidates/Zuhe2/Zuhe2_candidate_010.png,B283AC4AECBD14EE5A100E2A6512F56DEA5C2C2CCEF564B00DDD537DBE34C45F,15341,.png,art_source,imported_canonical_content_object,art/draw baseline deduplicated by SHA-256
sources/draw/10_working/candidates/Zuhe2/Zuhe2_candidate_011.png,58B4D85001E6D26C9E6C2A4F67E89F4B5F838DEE7A8FD971306084643E5FDEAB,15645,.png,art_source,imported_canonical_content_object,art/draw baseline deduplicated by SHA-256
sources/draw/10_working/candidates/Zuhe2/Zuhe2_candidate_012.png,71DC45970106B6C9A979FA96D2E8D53705563AD4CD639CBEEACCBECBDA4F711F,8820,.png,art_source,imported_canonical_content_object,art/draw baseline deduplicated by SHA-256
sources/draw/10_working/candidates/Zuhe2/Zuhe2_candidate_013.png,230C36F56DDA5819CEA4D1955A6DFE57C627495FF04C2355E2B904DB1529E698,10425,.png,art_source,imported_canonical_content_object,art/draw baseline deduplicated by SHA-256
sources/draw/10_working/candidates/Zuhe2/Zuhe2_candidate_014.png,4742BE8BACCEB77F7AF1137CDA887C2BFBA9E1530BAEC47ED17F49BDDD7D4789,17499,.png,art_source,imported_canonical_content_object,art/draw baseline deduplicated by SHA-256
sources/draw/10_working/candidates/Zuhe2/Zuhe2_candidate_015.png,3C7003460E0F788B2BF1019E6D1BD4EA94944B6FD7FDCEDE488403C31672A5D4,28352,.png,art_source,imported_canonical_content_object,art/draw baseline deduplicated by SHA-256
sources/draw/10_working/candidates/Zuhe2/Zuhe2_candidate_016.png,B013CC781C21A73793B0E6BDC77B1DAAAC1EE66E96CFEF3FB4BC9AEE496796ED,11862,.png,art_source,imported_canonical_content_object,art/draw baseline deduplicated by SHA-256
sources/draw/10_working/candidates/Zuhe2/Zuhe2_candidate_017.png,95FDDAEB8023206D3ED54D91191921177E123A1BB2FAF0D40D6C064101374A5C,16050,.png,art_source,imported_canonical_content_object,art/draw baseline deduplicated by SHA-256
sources/draw/10_working/candidates/Zuhe2/Zuhe2_candidate_018.png,4EC0B8C3269A1F8046853158DA5D74450B86A13CB52B2B217752AEA56EAE3219,14435,.png,art_source,imported_canonical_content_object,art/draw baseline deduplicated by SHA-256
sources/draw/10_working/candidates/Zuhe2/Zuhe2_candidate_019.png,47A97D74C6B7B19186F536C5FE356A0C98159B4AF43972E10FD6E94891DDE6F9,2325,.png,art_source,imported_canonical_content_object,art/draw baseline deduplicated by SHA-256
sources/draw/10_working/candidates/Zuhe2/Zuhe2_candidate_020.png,95901C810F1406FD3CD4CC597F3ED7FF61E28FA23D01051A359C9FDD3F857BE2,1800,.png,art_source,imported_canonical_content_object,art/draw baseline deduplicated by SHA-256
sources/draw/10_working/candidates/Zuhe2/Zuhe2_candidate_021.png,1BB2011B429F41EBADBED3C67D99684650660D9591324874A44061CF0B6978F3,2300,.png,art_source,imported_canonical_content_object,art/draw baseline deduplicated by SHA-256
sources/draw/10_working/candidates/Zuhe2/Zuhe2_candidate_022.png,53CAD07937E2EE617B793D56C7B965FBE048070F3A71913370F51D8CC4A15218,2721,.png,art_source,imported_canonical_content_object,art/draw baseline deduplicated by SHA-256
sources/draw/10_working/candidates/Zuhe2/Zuhe2_candidate_023.png,A87DFE03D5AB9CFF8AB67440B80F49640993D1A0D87B2A29F33CD31F4D6C15E3,2486,.png,art_source,imported_canonical_content_object,art/draw baseline deduplicated by SHA-256
sources/draw/10_working/candidates/Zuhe2/Zuhe2_candidate_024.png,4D7903F9DC1379D5F17E0D8BA004491081DE774830B6C9BA80A12B4E75BCFF93,1769,.png,art_source,imported_canonical_content_object,art/draw baseline deduplicated by SHA-256
sources/draw/10_working/candidates/Zuhe2/Zuhe2_candidate_025.png,E8E562626963031B4B5FA8932AC7B5EF48A754631DEFC7E5B8657317A715E776,2219,.png,art_source,imported_canonical_content_object,art/draw baseline deduplicated by SHA-256
sources/draw/10_working/candidates/Zuhe2/Zuhe2_candidate_026.png,8E5DDA8D84E2CC3126DE7D72C204896828DC8AE171D915060D3C9A1AC4D0177E,1864,.png,art_source,imported_canonical_content_object,art/draw baseline deduplicated by SHA-256
sources/draw/10_working/candidates/Zuhe2/Zuhe2_candidate_027.png,03268285DC65DD97B925C847ABA971B99F5DB62AF4FA33015B854DAADBAB5B73,2333,.png,art_source,imported_canonical_content_object,art/draw baseline deduplicated by SHA-256
sources/draw/10_working/candidates/Zuhe2/Zuhe2_candidate_028.png,293B259429E8EAD27815DD5A959A8BF6E882C7EA4583BABEF91242441EF81F0B,2428,.png,art_source,imported_canonical_content_object,art/draw baseline deduplicated by SHA-256
sources/draw/10_working/candidates/Zuhe2/Zuhe2_candidate_029.png,8C80E0FF55C3E0DF131394DB8C7B6410491175DB36B9C5A599A71EAC1CB9D62B,2331,.png,art_source,imported_canonical_content_object,art/draw baseline deduplicated by SHA-256
sources/draw/10_working/candidates/Zuhe2/Zuhe2_candidate_030.png,B8C8D8B423D2CEEF5B4E1F0D7DD48FBA6B208E395243D83EEE1534DCA3F1234B,9160,.png,art_source,imported_canonical_content_object,art/draw baseline deduplicated by SHA-256
sources/draw/10_working/candidates/Zuhe2/Zuhe2_candidate_031.png,3668DEE695A209CBFDE5246CF86A93E92596D6D022F22C27C2EEC8B745B8891E,9812,.png,art_source,imported_canonical_content_object,art/draw baseline deduplicated by SHA-256
sources/draw/10_working/candidates/Zuhe2/Zuhe2_candidate_032.png,51CA1E831B5C348782360B6DB70206D4AA7C5027EB358FCD0558E5F43CEF045F,13609,.png,art_source,imported_canonical_content_object,art/draw baseline deduplicated by SHA-256
sources/draw/10_working/candidates/Zuhe2/Zuhe2_candidate_033.png,8D02257DC433C3B6CC2117D671C56B267DB90EFF056BA018E1EA3C9E15A0CAF4,18402,.png,art_source,imported_canonical_content_object,art/draw baseline deduplicated by SHA-256
sources/draw/10_working/candidates/Zuhe2/Zuhe2_candidate_034.png,FD689A1F110CFCAA82386B6DCF29E453F2C533A332D86A2FF44F065987467462,17619,.png,art_source,imported_canonical_content_object,art/draw baseline deduplicated by SHA-256
sources/draw/10_working/candidates/Zuhe2/Zuhe2_candidate_035.png,6C98E192578F362905C65DBA3A1DD9859F63EFE30E2DB1CCC0F5313849DFC5D5,19906,.png,art_source,imported_canonical_content_object,art/draw baseline deduplicated by SHA-256
sources/draw/10_working/candidates/Zuhe2/Zuhe2_candidate_036.png,18B6C1F504E39D292BAD643E55A6153B199374042DFEBF43ED6552B23BD345F2,16941,.png,art_source,imported_canonical_content_object,art/draw baseline deduplicated by SHA-256
sources/draw/10_working/candidates/Zuhe2/Zuhe2_candidate_037.png,E91BF775DA447FB2D982568B01498978574D703A0EC8FE983BB4A964B344638D,14185,.png,art_source,imported_canonical_content_object,art/draw baseline deduplicated by SHA-256
sources/draw/10_working/candidates/Zuhe2/Zuhe2_candidate_038.png,EA4D5BF468DA6AEA193376887147EA7C665F5C14DE1E17514C2B26FC8CFE0398,20137,.png,art_source,imported_canonical_content_object,art/draw baseline deduplicated by SHA-256
sources/draw/10_working/candidates/Zuhe2/Zuhe2_candidate_039.png,7AE77C1C239175F7F1E59964087C86D645EEDA3C8AFF9843F45075245C7464B0,19292,.png,art_source,imported_canonical_content_object,art/draw baseline deduplicated by SHA-256
sources/draw/10_working/candidates/Zuhe2/Zuhe2_candidate_040.png,8BF8B11CFC6A93A8AA1276C6BFFC19CB1213775187CAE538D94C6068CAD91195,13439,.png,art_source,imported_canonical_content_object,art/draw baseline deduplicated by SHA-256
sources/draw/10_working/candidates/Zuhe2/Zuhe2_candidate_041.png,F7B7004B1BDCF2097BC695507EB1824038D0CB2D11F559B1017F43A2DF4FCE78,12470,.png,art_source,imported_canonical_content_object,art/draw baseline deduplicated by SHA-256
sources/draw/10_working/candidates/Zuhe2/Zuhe2_candidate_042.png,C2533C549890F3C8DB18D9E88DDC54A767522A882D102046391E6E1755410804,12760,.png,art_source,imported_canonical_content_object,art/draw baseline deduplicated by SHA-256
sources/draw/10_working/candidates/Zuhe2/Zuhe2_candidate_043.png,28A7A44874E035BB92B2EEA714AA53F3D6C5D1A3291D140D8D9F766C2E78AB36,11082,.png,art_source,imported_canonical_content_object,art/draw baseline deduplicated by SHA-256
sources/draw/10_working/candidates/Zuhe2/Zuhe2_candidate_044.png,EFBCFAA9980A2963C695FA84BCFAA7B0A2800B3DAE903E76FBD194B242B2CE36,11595,.png,art_source,imported_canonical_content_object,art/draw baseline deduplicated by SHA-256
sources/draw/10_working/candidates/Zuhe2/Zuhe2_candidate_045.png,A05E1B4A42D2A1B4E1FA52EDF76267DED481BB089033CF77A9B1CC6FCC638F8E,2984,.png,art_source,imported_canonical_content_object,art/draw baseline deduplicated by SHA-256
sources/draw/10_working/candidates/Zuhe2/Zuhe2_candidate_046.png,83AA7C1F39F51A619817335CA75DB36738CBE6478D2BF83FC8C55262856E1E4F,3099,.png,art_source,imported_canonical_content_object,art/draw baseline deduplicated by SHA-256
sources/draw/10_working/candidates/Zuhe2/Zuhe2_candidate_047.png,4257F51B8F694CB82AFC85CF8258C1882FDFA03DA3D57B57A4A95D4EB801631A,2235,.png,art_source,imported_canonical_content_object,art/draw baseline deduplicated by SHA-256
sources/draw/10_working/candidates/Zuhe2/Zuhe2_candidate_048.png,6D1F8EF804B6EB678B0F1954FD1671DDC2923749DFF47F4F47447AE93B46DE74,3747,.png,art_source,imported_canonical_content_object,art/draw baseline deduplicated by SHA-256
sources/draw/10_working/candidates/Zuhe2/Zuhe2_candidate_049.png,6F085F92617A0EC9AEB4C9A7C8D6406BCD9F969F10FEAA881C73C5A7C1647484,3500,.png,art_source,imported_canonical_content_object,art/draw baseline deduplicated by SHA-256
sources/draw/10_working/candidates/Zuhe2/Zuhe2_candidate_050.png,14A6E58FF44E092FEE9E5A4CF4A4C461ECCFEB909A2971D726E62E1739F83CE7,2390,.png,art_source,imported_canonical_content_object,art/draw baseline deduplicated by SHA-256
sources/draw/10_working/candidates/Zuhe2/Zuhe2_candidate_051.png,FD8446B02A148F04EE70C8B532B58A5D01C794C17EC26CEAACD938300CC8C3C8,2402,.png,art_source,imported_canonical_content_object,art/draw baseline deduplicated by SHA-256
sources/draw/10_working/candidates/Zuhe2/Zuhe2_candidate_052.png,18AAA9D8A10CFF8BAABD92E8875DBA76631031844CE02463D3D015603564304C,2298,.png,art_source,imported_canonical_content_object,art/draw baseline deduplicated by SHA-256
sources/draw/10_working/candidates/Zuhe2/Zuhe2_candidate_053.png,7949213C43B9750BAFF4FD87F36F50D0EE427F6A50AD1DD703EE71704B9BAAA8,2276,.png,art_source,imported_canonical_content_object,art/draw baseline deduplicated by SHA-256
sources/draw/10_working/candidates/Zuhe2/Zuhe2_candidate_054.png,E70F5DFA1037B9E80669298D649765D49A8C7C04E137BCCF876F8218058B8CA2,2343,.png,art_source,imported_canonical_content_object,art/draw baseline deduplicated by SHA-256
sources/draw/10_working/candidates/Zuhe2/Zuhe2_candidate_055.png,42538536E35438262CF1EE6C6BF6FCA444FC5B484D121E298657D51C0D153BAA,48148,.png,art_source,imported_canonical_content_object,art/draw baseline deduplicated by SHA-256
sources/draw/10_working/candidates/Zuhe2/Zuhe2_candidate_056.png,B926FAE1A5EEC78887ED2ECB9F7F672620212C3D6D9D4ACBACEED775F80264CD,22147,.png,art_source,imported_canonical_content_object,art/draw baseline deduplicated by SHA-256
sources/draw/10_working/candidates/Zuhe2/Zuhe2_candidate_057.png,FECC295A8BF7E7E16FD63413654D38A93CEE2262B93E67F35A9174182F446EAF,18265,.png,art_source,imported_canonical_content_object,art/draw baseline deduplicated by SHA-256
sources/draw/10_working/candidates/Zuhe2/Zuhe2_candidate_058.png,FD14E3A6DA416FC8356B9C45230F8A94F16E06883D576DE3DEC6DC4F226AE3DB,22004,.png,art_source,imported_canonical_content_object,art/draw baseline deduplicated by SHA-256
sources/draw/10_working/candidates/Zuhe2/Zuhe2_candidate_059.png,FCCECF63330E70BFDDF109FBD6DB8E5597C6A8762FC5BFA0F79EA21180ADF66E,17552,.png,art_source,imported_canonical_content_object,art/draw baseline deduplicated by SHA-256
sources/draw/10_working/candidates/Zuhe2/Zuhe2_candidate_060.png,9D83FA63A8F6D77A8D821A755D07B7C0DA3DEC9A704C254F6C028AFFF04FE811,10368,.png,art_source,imported_canonical_content_object,art/draw baseline deduplicated by SHA-256
sources/draw/10_working/candidates/Zuhe2/Zuhe2_candidate_061.png,D690DB4BE407E2F70C7A3BB6C0C2D70CB93E11DF4F2256AF887F3A3D7CAC0C37,18397,.png,art_source,imported_canonical_content_object,art/draw baseline deduplicated by SHA-256
sources/draw/10_working/candidates/Zuhe2/Zuhe2_candidate_062.png,065DC05307C9B60256C05958448094D62D8BDB0946A23B526C7A360BCD70019E,13597,.png,art_source,imported_canonical_content_object,art/draw baseline deduplicated by SHA-256
sources/draw/10_working/candidates/Zuhe2/Zuhe2_candidate_063.png,4D76A2AF200E56D986B026B88D7D171DB131A21B4E6208F7DD640D91068BEB63,18962,.png,art_source,imported_canonical_content_object,art/draw baseline deduplicated by SHA-256
sources/draw/10_working/candidates/Zuhe2/Zuhe2_candidate_064.png,B897AEB5BE56D0C793D6BC360F4CC059AC79241A96C7227AC68354925A99ECAF,14982,.png,art_source,imported_canonical_content_object,art/draw baseline deduplicated by SHA-256
sources/draw/10_working/candidates/Zuhe2/Zuhe2_candidate_065.png,10A258551B15E23CAD4618CD627677682EC4DC12E3F00574B7871CE18C3FF7F9,20184,.png,art_source,imported_canonical_content_object,art/draw baseline deduplicated by SHA-256
sources/draw/10_working/candidates/Zuhe2/Zuhe2_candidate_066.png,587031CBE90F37386CBD4E3B0FDF3E59C829BEB44A52FDA6C530EC9A72DF6511,14194,.png,art_source,imported_canonical_content_object,art/draw baseline deduplicated by SHA-256
sources/draw/10_working/candidates/Zuhe2/Zuhe2_candidate_067.png,C6A8B65ADAF8AFAE7FF3A7EB963201A7A1C11E81E95B1890BF7DF808F8AB17AE,2659,.png,art_source,imported_canonical_content_object,art/draw baseline deduplicated by SHA-256
sources/draw/10_working/candidates/Zuhe2/Zuhe2_candidate_068.png,346B03409EBBDBA06125A43A6B4A5E553A6BDDEAA883ADEDFC7B7FCC69911548,2543,.png,art_source,imported_canonical_content_object,art/draw baseline deduplicated by SHA-256
sources/draw/10_working/candidates/Zuhe2/Zuhe2_candidate_069.png,0C385F05F040CDCE91C0DF0FBB4E6D3AF82FB1E8C647C1CFA75C4C4C43065DB8,3131,.png,art_source,imported_canonical_content_object,art/draw baseline deduplicated by SHA-256
sources/draw/10_working/candidates/Zuhe2/Zuhe2_candidate_070.png,8AFBDA4356F2CFE81DEAF2F26DF469CCCD0CE9D39031F8A1C708EA6DEC1A5136,2934,.png,art_source,imported_canonical_content_object,art/draw baseline deduplicated by SHA-256
sources/draw/10_working/candidates/Zuhe2/Zuhe2_candidate_071.png,5190DBF719B644AA5B7287249139AAB2A1E7916D791462F2A27042DCB82E975A,2406,.png,art_source,imported_canonical_content_object,art/draw baseline deduplicated by SHA-256
sources/draw/10_working/candidates/Zuhe2/Zuhe2_candidate_072.png,9DC84D60D7D6F5FE998D715576CB4C3DC011CF7704E47AAE1EBEB870CD9E38A3,2566,.png,art_source,imported_canonical_content_object,art/draw baseline deduplicated by SHA-256
sources/draw/10_working/candidates/Zuhe2/Zuhe2_candidate_073.png,97FAA93E275EC25EA850C866E99FBA358E6E53B33EE061DFCD4F2AF9900C9937,7285,.png,art_source,imported_canonical_content_object,art/draw baseline deduplicated by SHA-256
sources/draw/10_working/candidates/Zuhe2/Zuhe2_candidate_074.png,2B4ED99884371A7A9DE900638E0C6248EFD99911A42F2A8DA536E00965603FC7,29693,.png,art_source,imported_canonical_content_object,art/draw baseline deduplicated by SHA-256
sources/draw/10_working/candidates/Zuhe2/Zuhe2_candidate_075.png,5F675030C82B29AAF303AE5AAB160AB536DAD736D850C400C2F7C522B59A2B1E,12600,.png,art_source,imported_canonical_content_object,art/draw baseline deduplicated by SHA-256
sources/draw/10_working/candidates/Zuhe2/Zuhe2_candidate_076.png,61C2CD742A80EEA9C33AFE817806FD28EC5BF8B4D98B1C045B48C38175731D74,28380,.png,art_source,imported_canonical_content_object,art/draw baseline deduplicated by SHA-256
sources/draw/10_working/candidates/Zuhe2/Zuhe2_candidate_077.png,1BE602FB09CE5C305C00256F2D69DFDB4E7F566E682D784A406A5F1FEBB87221,22852,.png,art_source,imported_canonical_content_object,art/draw baseline deduplicated by SHA-256
sources/draw/10_working/candidates/Zuhe2/Zuhe2_candidate_078.png,8779A23F0E6B70085464290250303460DB7F12DE123FB6217B5BC4C0D46386AF,16466,.png,art_source,imported_canonical_content_object,art/draw baseline deduplicated by SHA-256
sources/draw/10_working/candidates/Zuhe2/Zuhe2_candidate_079.png,E3CB08C5658245F606306113854525145F2AAE28EF43A08B510ABB98FA99EF9C,13028,.png,art_source,imported_canonical_content_object,art/draw baseline deduplicated by SHA-256
sources/draw/10_working/candidates/Zuhe2/Zuhe2_candidate_080.png,B50716595370A5AA57FA88EFF170FA5875677976512E598C5F949C1CF9A460C9,12890,.png,art_source,imported_canonical_content_object,art/draw baseline deduplicated by SHA-256
sources/draw/10_working/candidates/Zuhe2/Zuhe2_candidate_081.png,D0058644FF10AA8A7746D3C2508D88196EBC09462C2F70A00DD28A76B722296F,16385,.png,art_source,imported_canonical_content_object,art/draw baseline deduplicated by SHA-256
sources/draw/10_working/candidates/Zuhe2/Zuhe2_candidate_082.png,B7B103EBB8F4F79F77284221E0299B37F907D82B704CA2720CFEE6D37103CB5E,12719,.png,art_source,imported_canonical_content_object,art/draw baseline deduplicated by SHA-256
sources/draw/10_working/candidates/Zuhe2/Zuhe2_candidate_083.png,F69FDC4D4C6522DAF2403BBF16D255817576439A0CC8AE911C7315E18FE66AE9,3661,.png,art_source,imported_canonical_content_object,art/draw baseline deduplicated by SHA-256
sources/draw/10_working/candidates/Zuhe2/Zuhe2_candidate_084.png,62C0DDD281FFBF5F3D12F5428B0A1101DF4881F9D2E48CB41EE3267F002D22AD,4143,.png,art_source,imported_canonical_content_object,art/draw baseline deduplicated by SHA-256
sources/draw/10_working/candidates/Zuhe2/Zuhe2_candidate_085.png,77CFA9D4D81BC598CF6B681E3D4BB1D524D9ED0B148345BEF1FC4A828FDAF8E5,3123,.png,art_source,imported_canonical_content_object,art/draw baseline deduplicated by SHA-256
sources/draw/10_working/candidates/Zuhe2/Zuhe2_candidate_086.png,81384405AB9AE1AA9BDCC0AF64F83F34C49E5F661D376915D000E42A989F4F6E,3439,.png,art_source,imported_canonical_content_object,art/draw baseline deduplicated by SHA-256
sources/draw/10_working/candidates/Zuhe2/Zuhe2_candidate_087.png,8083B6B3718BCF5ECA3D5CEA4CD6599B73ED71E88A67DAB706257BADC14CA696,3816,.png,art_source,imported_canonical_content_object,art/draw baseline deduplicated by SHA-256
sources/draw/10_working/candidates/Zuhe2/Zuhe2_candidate_088.png,4410E3FFFBB76F9A5455BD48D80E887DCDCB9452DF85E904405E7011295C8977,3425,.png,art_source,imported_canonical_content_object,art/draw baseline deduplicated by SHA-256
sources/draw/10_working/candidates/Zuhe2/Zuhe2_candidate_089.png,2CD48196640B901CE98744B568F935468529312B3341534B2AC6CED4ED1CAEAD,481,.png,art_source,imported_canonical_content_object,art/draw baseline deduplicated by SHA-256
sources/draw/10_working/candidates/Zuhe2/Zuhe2_candidate_090.png,61D5333C079202E2BB7900A1EBE6B8946E68D4B108A931A1C32D8858CAA52053,6153,.png,art_source,imported_canonical_content_object,art/draw baseline deduplicated by SHA-256
sources/draw/10_working/candidates/Zuhe2/Zuhe2_candidate_091.png,D8B1BA85F9DA0A71DBB76382BD92E46422860958C9BBEA47E220FC0887948353,1210,.png,art_source,imported_canonical_content_object,art/draw baseline deduplicated by SHA-256
sources/draw/10_working/candidates/Zuhe2/Zuhe2_candidate_092.png,EA3A1E1B9CDF962630BEC177EBAC7CFF926D29284A8D567B25A36CFA97F2BDC4,55051,.png,art_source,imported_canonical_content_object,art/draw baseline deduplicated by SHA-256
sources/draw/10_working/candidates/Zuhe2/Zuhe2_candidate_093.png,F49B3FADFE5B8339D8EE7A80D1B22B4730A525328E36EB894BF54F171FFE8DF3,32191,.png,art_source,imported_canonical_content_object,art/draw baseline deduplicated by SHA-256
sources/draw/10_working/candidates/Zuhe2/Zuhe2_candidate_094.png,9C8C80CE130EC4A38762422672966AD70B872B6E7A5046A1A25BBDAFD39BD305,29889,.png,art_source,imported_canonical_content_object,art/draw baseline deduplicated by SHA-256
sources/draw/10_working/candidates/Zuhe2/Zuhe2_candidate_095.png,11C2FEB1CE724B88AFA7B25E881ED6CE27D16DD4F694E4AA52E723653A265C58,28950,.png,art_source,imported_canonical_content_object,art/draw baseline deduplicated by SHA-256
sources/draw/10_working/candidates/Zuhe2/Zuhe2_candidate_096.png,A8367ACBE5AA64E997B6BDF11EE179DC90F7F98F34751B7FA40418A18CC74045,28977,.png,art_source,imported_canonical_content_object,art/draw baseline deduplicated by SHA-256
sources/draw/10_working/candidates/Zuhe2/Zuhe2_candidate_097.png,3067171D9914B6B4DF7D742479CFA94CC11D533F21B28F2F501F92F07D50393C,29055,.png,art_source,imported_canonical_content_object,art/draw baseline deduplicated by SHA-256
sources/draw/10_working/candidates/Zuhe2/Zuhe2_candidate_098.png,1837260E405E007F5AFF2B215F113DFE0C06D0FF823733CDD6C6FC8954A13EAE,4299,.png,art_source,imported_canonical_content_object,art/draw baseline deduplicated by SHA-256
sources/draw/10_working/candidates/Zuhe2/Zuhe2_candidate_099.png,9FFC94B91FEAC9F8D35907FD4911EA5C2BD40FCC629DEE17DAE1F2C9F7CB99D4,4027,.png,art_source,imported_canonical_content_object,art/draw baseline deduplicated by SHA-256
sources/draw/10_working/candidates/Zuhe2/Zuhe2_candidate_100.png,D0B29FF5799ADB3BEAFEA884817A6B353DB206E27B8957A340E3F64AB74A32B1,4154,.png,art_source,imported_canonical_content_object,art/draw baseline deduplicated by SHA-256
sources/draw/10_working/candidates/Zuhe2/Zuhe2_candidate_101.png,A48660F226127B8EC432CA8B13C89088E13D42582E50E4B9A52A3702E4AA34E3,4136,.png,art_source,imported_canonical_content_object,art/draw baseline deduplicated by SHA-256
sources/draw/10_working/candidates/Zuhe2/Zuhe2_candidate_102.png,408BBAA68A6060CC4CDDDE82BC0248358C9EFCDAC4A95FD9BEF8842151BA87E8,4148,.png,art_source,imported_canonical_content_object,art/draw baseline deduplicated by SHA-256
sources/draw/10_working/candidates/Zuhe2/Zuhe2_candidate_103.png,1AD26CF6317AD5E101EC5E018FADCE337B49A409B18D89926FE527407E350B72,4173,.png,art_source,imported_canonical_content_object,art/draw baseline deduplicated by SHA-256
sources/draw/10_working/candidates/Zuhe2/Zuhe2_candidate_104.png,770512B7EE6DDC40A738F740E4D0AE24261FBE8D45AD2733698F90BEA2EFE546,99921,.png,art_source,imported_canonical_content_object,art/draw baseline deduplicated by SHA-256
sources/draw/10_working/candidates/Zuhe2/Zuhe2_candidate_105.png,B1F16F40CDC3C3180F8A6A7B9664764C8888AD26675A2473B49FEA9BEF8EE294,5921,.png,art_source,imported_canonical_content_object,art/draw baseline deduplicated by SHA-256
sources/draw/10_working/candidates/Zuhe2/Zuhe2_candidate_106.png,10E6539659F8AE6906FE04A34005B7932730B331573CE945740C06A57C93F05A,8188,.png,art_source,imported_canonical_content_object,art/draw baseline deduplicated by SHA-256
sources/draw/10_working/candidates/Zuhe2/Zuhe2_candidate_107.png,9E06DE817A81A5921E94514E534F0C797E611338525A2159673ECE5355C700EB,1164,.png,art_source,imported_canonical_content_object,art/draw baseline deduplicated by SHA-256
sources/draw/10_working/candidates/Zuhe2/Zuhe2_candidate_108.png,AB61CB03AE8C009D24DF13511C8B8A0B20E376018E02E2B834C4C9FDACD77E03,22844,.png,art_source,imported_canonical_content_object,art/draw baseline deduplicated by SHA-256
sources/draw/10_working/candidates/Zuhe2/Zuhe2_candidate_109.png,061391FA376DDF93C730AE8501606E90E9E448E096451827609CA44904DFC5E2,21618,.png,art_source,imported_canonical_content_object,art/draw baseline deduplicated by SHA-256
sources/draw/10_working/candidates/Zuhe2/Zuhe2_candidate_110.png,80B36D4990EC82D7F17C898EB085BA695CAC1D2074CE97E66FFFDEC1096DC0EA,19887,.png,art_source,imported_canonical_content_object,art/draw baseline deduplicated by SHA-256
sources/draw/10_working/candidates/Zuhe2/Zuhe2_candidate_111.png,A7BB9173610E985199329AC07551D3191153B8D9A6F92695350E7C08E82E7ABF,9354,.png,art_source,imported_canonical_content_object,art/draw baseline deduplicated by SHA-256
sources/draw/10_working/candidates/Zuhe2/Zuhe2_candidate_112.png,13A358F58A2501702E5D81A3B888E379215E6A4315ABA963DCE691E8B4EFA91A,9446,.png,art_source,imported_canonical_content_object,art/draw baseline deduplicated by SHA-256
sources/draw/10_working/candidates/Zuhe2/Zuhe2_candidate_113.png,C6B5671BC7BA190A09C08CA7215C4C3B75D61710CAE80856E081F8183E9DD048,9193,.png,art_source,imported_canonical_content_object,art/draw baseline deduplicated by SHA-256
sources/draw/10_working/candidates/Zuhe2/Zuhe2_candidate_114.png,9D2D7B88D8A0FAD24965318E8A49F67FE019EB37CE0385C5D8EA5A848F1581C0,9355,.png,art_source,imported_canonical_content_object,art/draw baseline deduplicated by SHA-256
sources/draw/10_working/candidates/Zuhe2/Zuhe2_candidate_115.png,BE63E52ED0F7F4E3024886FFB072F527BAE612A93933AB9C8AEDC531138DDF86,1923,.png,art_source,imported_canonical_content_object,art/draw baseline deduplicated by SHA-256
sources/draw/10_working/candidates/Zuhe2/Zuhe2_candidate_116.png,564225C70CF9B3D6C9D7210EBEB654050C351E66D8FB42440C13AC9AE56DBBCD,1942,.png,art_source,imported_canonical_content_object,art/draw baseline deduplicated by SHA-256
sources/draw/10_working/candidates/Zuhe2/Zuhe2_candidate_117.png,39143D8A5DC8CBE0419141FCA3D3AE7F1B88744D6CD93D12B1E661F1FD41C724,1819,.png,art_source,imported_canonical_content_object,art/draw baseline deduplicated by SHA-256
sources/draw/10_working/candidates/Zuhe2/Zuhe2_candidate_118.png,D2BA32E2D5C284135F1CF8609B74E6E6BD5D8163A7EB82169DF25B7031D331FB,1861,.png,art_source,imported_canonical_content_object,art/draw baseline deduplicated by SHA-256
sources/draw/10_working/candidates/Zujian1/Zujian1_candidate_001.png,4F39D2ACFB4F5D7E6DD9172FBF0446695DD705B02393F3252C214EFE1C54ABBB,60017,.png,art_source,imported_canonical_content_object,art/draw baseline deduplicated by SHA-256
sources/draw/10_working/candidates/Zujian1/Zujian1_candidate_002.png,7ED3818DA9BF308616DE5E8AB83744DF5F0F14BDC456216709ABFBE4C422A829,48989,.png,art_source,imported_canonical_content_object,art/draw baseline deduplicated by SHA-256
sources/draw/10_working/candidates/Zujian1/Zujian1_candidate_003.png,7C21A9470AAED82327B77F155E0B9A3B43E2306C97AD1C869959B94789950BBC,40936,.png,art_source,imported_canonical_content_object,art/draw baseline deduplicated by SHA-256
sources/draw/10_working/candidates/Zujian1/Zujian1_candidate_004.png,EDB1B58CA3D12A7D8B4B0839CB20523CB3A3EE71B22B4C729AD443B3D54185A6,336,.png,art_source,imported_canonical_content_object,art/draw baseline deduplicated by SHA-256
sources/draw/10_working/candidates/Zujian1/Zujian1_candidate_005.png,930B2C6686DC1557838D3610542E10D57064422E900A5520301D5655F62EB57F,51333,.png,art_source,imported_canonical_content_object,art/draw baseline deduplicated by SHA-256
sources/draw/10_working/candidates/Zujian1/Zujian1_candidate_006.png,40CD451EAD50BB5313B9A4178C0D695AC9FBDD3460237E5A2CB30A5EE00BC8C8,470,.png,art_source,imported_canonical_content_object,art/draw baseline deduplicated by SHA-256
sources/draw/10_working/candidates/Zujian1/Zujian1_candidate_007.png,D73CDAF09A42B79D7A0F5A6687D6C6DD2D491894A6B0875A0CCAB5E82167B46F,271,.png,art_source,imported_canonical_content_object,art/draw baseline deduplicated by SHA-256
sources/draw/10_working/candidates/Zujian1/Zujian1_candidate_008.png,E2EC6A190049091CD2B071B2BA74BC3DB74D7EDCEAA916068AD9272A563C058F,101959,.png,art_source,imported_canonical_content_object,art/draw baseline deduplicated by SHA-256
sources/draw/10_working/candidates/Zujian1/Zujian1_candidate_009.png,CABE2EA4EDD7453B3BFA1D0DC6C98E135E0A907E62C0F09F05EF2BB75EF4B7E8,96731,.png,art_source,imported_canonical_content_object,art/draw baseline deduplicated by SHA-256
sources/draw/10_working/candidates/Zujian1/Zujian1_candidate_010.png,08C1753BA00FB9A917E41F86853EC2850915405E13669280FD7FD97B6A62595F,90024,.png,art_source,imported_canonical_content_object,art/draw baseline deduplicated by SHA-256
sources/draw/10_working/candidates/Zujian1/Zujian1_candidate_011.png,47E74960BFBB045A671AFB2136BD65E1FAC11DEBBE73B3922AC1ACD42811AA0C,56511,.png,art_source,imported_canonical_content_object,art/draw baseline deduplicated by SHA-256
sources/draw/10_working/candidates/Zujian1/Zujian1_candidate_012.png,283EDAECB2B5D6B3C5E09008F3AD3CF36C6FB913D85ABF7DCBBF3C5355A0FFFF,43139,.png,art_source,imported_canonical_content_object,art/draw baseline deduplicated by SHA-256
sources/draw/10_working/candidates/Zujian1/Zujian1_candidate_013.png,DE0A0B75D6FC24420A4ED8923F85A365BBFD049CAD637B03DB7DDD1D6E443071,53682,.png,art_source,imported_canonical_content_object,art/draw baseline deduplicated by SHA-256
sources/draw/10_working/candidates/Zujian1/Zujian1_candidate_014.png,9F294EFB5B976D7CDED33380B415510597C3C8821ACBE76B9FD904B9BE36D00A,38284,.png,art_source,imported_canonical_content_object,art/draw baseline deduplicated by SHA-256
sources/draw/10_working/candidates/Zujian1/Zujian1_candidate_015.png,F11CC09A98A4DB4DB8FAC176214DE0FF5801772009C0A7EA17074627EDDA5F89,52912,.png,art_source,imported_canonical_content_object,art/draw baseline deduplicated by SHA-256
sources/draw/10_working/candidates/Zujian2/Zujian2_candidate_001.png,8F86324B4409274CC01AE26E580669D6B990E21A488083DAD8148BA6DAE14F5B,6557,.png,art_source,imported_canonical_content_object,art/draw baseline deduplicated by SHA-256
sources/draw/10_working/candidates/Zujian2/Zujian2_candidate_002.png,B85026D40236AB9A09ABF75AA50C55E8F0DB7E90953A5E4CA82DCBCE54214197,54824,.png,art_source,imported_canonical_content_object,art/draw baseline deduplicated by SHA-256
sources/draw/10_working/candidates/Zujian2/Zujian2_candidate_003.png,292C7D9104A1A1D439945C58FE658C57559351B72B72FBE46EDB538D3D080159,64677,.png,art_source,imported_canonical_content_object,art/draw baseline deduplicated by SHA-256
sources/draw/10_working/candidates/Zujian2/Zujian2_candidate_004.png,10D35F335A4BB88F1025792916B8844796745DD777185B36E79D2C34F158D25F,55077,.png,art_source,imported_canonical_content_object,art/draw baseline deduplicated by SHA-256
sources/draw/10_working/candidates/Zujian2/Zujian2_candidate_005.png,AE56BC3AC06F6B31E3960DDD8860D7871965B8776220EA5AA232EB6052E484B3,5247,.png,art_source,imported_canonical_content_object,art/draw baseline deduplicated by SHA-256
sources/draw/10_working/candidates/Zujian2/Zujian2_candidate_006.png,C094CA7A716529AB7F61E07120E6088516126CF9F1D43461D717214F375F8A97,4883,.png,art_source,imported_canonical_content_object,art/draw baseline deduplicated by SHA-256
sources/draw/10_working/candidates/Zujian2/Zujian2_candidate_007.png,551E76F2F8A101B943704F0BC58C8781CB3692EF944162FAC76F97E5D0921414,47911,.png,art_source,imported_canonical_content_object,art/draw baseline deduplicated by SHA-256
sources/draw/10_working/candidates/Zujian2/Zujian2_candidate_008.png,4073479982E56EEB31181D014D2F915F1A5BC79527F307595DDAD404E00CDAE2,5952,.png,art_source,imported_canonical_content_object,art/draw baseline deduplicated by SHA-256
sources/draw/10_working/candidates/Zujian2/Zujian2_candidate_009.png,78BC9EF3519A0AD34C6FB63DC568369E18BE2613E63F75D3375ED03CD82D3635,5856,.png,art_source,imported_canonical_content_object,art/draw baseline deduplicated by SHA-256
sources/draw/10_working/candidates/Zujian2/Zujian2_candidate_010.png,E476C6BA89C08E679F0C055D1D4B75D53D3378778D3C68D752C2AFB2BFC45A64,25551,.png,art_source,imported_canonical_content_object,art/draw baseline deduplicated by SHA-256
sources/draw/10_working/candidates/Zujian2/Zujian2_candidate_011.png,4A0437D9E108E8ABB0DFB96D29E57051345D8475AC0047746EEDC2328D5B1C39,45344,.png,art_source,imported_canonical_content_object,art/draw baseline deduplicated by SHA-256
sources/draw/10_working/candidates/Zujian2/Zujian2_candidate_012.png,2E56CC9649A6C019931D62D0749039ECB2E3986A5CE6B30EAA928C28BB47C73D,38732,.png,art_source,imported_canonical_content_object,art/draw baseline deduplicated by SHA-256
sources/draw/10_working/candidates/Zujian2/Zujian2_candidate_013.png,0071F07723ED9D7C57D2BF49AC1EF3B9139843D04AF269DC25F4892123024C85,37754,.png,art_source,imported_canonical_content_object,art/draw baseline deduplicated by SHA-256
sources/draw/10_working/candidates/Zujian2/Zujian2_candidate_014.png,DA40A9E738447EC6B1BE0378CDBEBAD2F92FCB2A918F0D1CCE23967E57D249E2,40773,.png,art_source,imported_canonical_content_object,art/draw baseline deduplicated by SHA-256
sources/draw/10_working/candidates/Zujian2/Zujian2_candidate_015.png,2075E1299D1822F35885B3A563F4174B866DB9F1CE472FEFAD26CCF9DE7CECC5,33903,.png,art_source,imported_canonical_content_object,art/draw baseline deduplicated by SHA-256
sources/draw/10_working/candidates/Zujian2/Zujian2_candidate_016.png,D1B1DA6EFCCBB3AD6C7BFE5356D6D59CF60DF3B3503AFAE5805A6D62E0BCC41A,37107,.png,art_source,imported_canonical_content_object,art/draw baseline deduplicated by SHA-256
sources/draw/10_working/candidates/Zujian2/Zujian2_candidate_017.png,EFDCE26590054BC9A4AAEEC42275F76AEB93E0C783145298A45C7CBA3260D3BF,36815,.png,art_source,imported_canonical_content_object,art/draw baseline deduplicated by SHA-256
sources/draw/10_working/candidates/Zujian2/Zujian2_candidate_018.png,D7E1EFC300A942F1CAE9F9E0B5E0134300A15C7B2371B5AB771DA64ED03B3DEA,36144,.png,art_source,imported_canonical_content_object,art/draw baseline deduplicated by SHA-256
sources/draw/10_working/candidates/Zujian2/Zujian2_candidate_019.png,94B2BEB00B4390BFD36BD7B0A73073CACF09C616750B65ED4A7E9E65926F8E0C,33918,.png,art_source,imported_canonical_content_object,art/draw baseline deduplicated by SHA-256
sources/draw/10_working/candidates/Zujian3/Zujian3_candidate_001.png,1159345959681A9784DE24096AF5D5B4C293FE7447E77AABA39E43F81D70E23D,460465,.png,art_source,imported_canonical_content_object,art/draw baseline deduplicated by SHA-256
sources/draw/10_working/candidates/Zujian3/Zujian3_candidate_002.png,7D8EE2E97248E846F28E231E4BF9F18B20167C8CECDF44D34BC1CCB82D7F2E94,156131,.png,art_source,imported_canonical_content_object,art/draw baseline deduplicated by SHA-256
sources/draw/10_working/candidates/Zujian3/Zujian3_candidate_003.png,538CB557EE16B3FBDC5B01D7B4FDC6674EBFBC134C2B88FAC2061BB521C5FFFD,125764,.png,art_source,imported_canonical_content_object,art/draw baseline deduplicated by SHA-256
sources/draw/10_working/candidates/Zujian3/Zujian3_candidate_004.png,B9FD1FB7FDC07D47B5F17A707EDBABD57474F4141D21A5DE4C1ADC632D26D355,92037,.png,art_source,imported_canonical_content_object,art/draw baseline deduplicated by SHA-256
sources/draw/10_working/candidates/Zujian3/Zujian3_candidate_005.png,9DC7D634AC49C8DDCC6244DDA65FBB6BB59433EB35266CC26DA72E6EEC9ADE3C,30743,.png,art_source,imported_canonical_content_object,art/draw baseline deduplicated by SHA-256
sources/draw/10_working/candidates/Zujian3/Zujian3_candidate_006.png,2E3033501F4671AF184666287FEAB0A29E584120E6D3AD17BFCCDCB49641A0E9,12745,.png,art_source,imported_canonical_content_object,art/draw baseline deduplicated by SHA-256
sources/draw/10_working/candidates/Zujian3/Zujian3_candidate_007.png,BD7588A4863CACCAD35F7E3222A1D3DB0EFBD58E5B30BBC26717B3639870B828,10207,.png,art_source,imported_canonical_content_object,art/draw baseline deduplicated by SHA-256
sources/draw/10_working/candidates/Zujian3/Zujian3_candidate_008.png,686F76AE86A70F9F479B0639894EA9243D40E1D7F0F104480A09F4DCA120840D,32673,.png,art_source,imported_canonical_content_object,art/draw baseline deduplicated by SHA-256
sources/draw/10_working/candidates/Zujian3/Zujian3_candidate_009.png,98261266CF760A3625B2DA22746CB209ED0FFF18998043E04C276D3CABD177AA,60490,.png,art_source,imported_canonical_content_object,art/draw baseline deduplicated by SHA-256
sources/draw/10_working/candidates/Zujian3/Zujian3_candidate_010.png,CB5513B7F2EA2720220389691AEC167DAD13105789D34164483A11F528EEBD37,82975,.png,art_source,imported_canonical_content_object,art/draw baseline deduplicated by SHA-256
sources/draw/10_working/candidates/Zujian3/Zujian3_candidate_011.png,BB839BA71DC7FF6DB285D66836335B6052DDEF326E72C4F8FEE63C4540F722D8,42071,.png,art_source,imported_canonical_content_object,art/draw baseline deduplicated by SHA-256
sources/draw/10_working/candidates/Zujian3/Zujian3_candidate_012.png,1C436BB336D9010D6503926186D027D741981F4F8AA12CCE748EE03908A9A2C7,69659,.png,art_source,imported_canonical_content_object,art/draw baseline deduplicated by SHA-256
sources/draw/10_working/characters/Huanxionggai.png,CAC75BF317CE574CF66DA3C7F79DD4D90944B38A1EE5BDAAD7FC5392E63314BF,1608385,.png,art_source,registered_exact_duplicate_alias,art/draw baseline deduplicated by SHA-256
sources/draw/10_working/characters/HUligai.png,DDE8A652FD1FDB22F6AFE3468EE9C5DE530074D228A734B8AEF5803AA7C9B6C5,1566387,.png,art_source,registered_exact_duplicate_alias,art/draw baseline deduplicated by SHA-256
sources/draw/10_working/characters/Maogai.png,85786C63537E6353B31BB67F043CD4875D7A83C1675CDDE3562ED04E6F01DDA0,1672180,.png,art_source,registered_exact_duplicate_alias,art/draw baseline deduplicated by SHA-256
sources/draw/10_working/characters/Tuzigai.png,3D8C461B73DB12F27537DE14671684FEBF0E65E37311AF86A0E94DEAF0C9D266,1580224,.png,art_source,registered_exact_duplicate_alias,art/draw baseline deduplicated by SHA-256
sources/draw/10_working/icons/Zujian2.png,9E7902CB3D0A4803FEA41AA56589DFD70C86EE3CA24C3726CC5A0EC3327FAB9E,1262513,.png,art_source,registered_exact_duplicate_alias,art/draw baseline deduplicated by SHA-256
sources/draw/10_working/props/Zujian1.png,A08E4D0BA6493F9B58DD101C78861092F45CEB6C2E08C4B5BDE2CA3EC61E97E5,1440692,.png,art_source,registered_exact_duplicate_alias,art/draw baseline deduplicated by SHA-256
sources/draw/10_working/rooms/Fangjian.png,ABC0DFA57A2430D3DC6880663A8DFC5875627986ADF5247B98271F96F640C8E6,1719106,.png,art_source,registered_exact_duplicate_alias,art/draw baseline deduplicated by SHA-256
sources/draw/10_working/ui/Zujian3.png,A36FD3D879EFFE7AECA5EEC7B031A9FAF80D3E6E518E64B0D437D24736793D1F,1572670,.png,art_source,registered_exact_duplicate_alias,art/draw baseline deduplicated by SHA-256
sources/draw/2.png,A7361AF544FAFDCDB8A5ECFC7E2236545F45F77442C9F20DC48A7E221E18CDA7,2194812,.png,art_source,imported_canonical_content_object,art/draw baseline deduplicated by SHA-256
sources/draw/20_processed/characters/huanxiong/debug_detected_boxes.png,671C7E169E6238C99F10D04787C6F25B9F9D6CA03118B25BE09D6B4B2166BEE9,1823561,.png,art_source,imported_canonical_content_object,art/draw baseline deduplicated by SHA-256
sources/draw/20_processed/characters/huanxiong/frames/00_front_idle.png,9ABD2C9E3AF672B0E4D98F0F07F175C34A101C0FFF64F622819FB8EFE9B6B0C3,20246,.png,art_source,imported_canonical_content_object,art/draw baseline deduplicated by SHA-256
sources/draw/20_processed/characters/huanxiong/frames/01_back_idle.png,E9B055740834A3C1F30DF07A525E41E38F3AACD69414E0B8CC510F58F65D385A,17416,.png,art_source,imported_canonical_content_object,art/draw baseline deduplicated by SHA-256
sources/draw/20_processed/characters/huanxiong/frames/02_left_idle.png,9EB6DBF30086F33EBD582D5EFFE7B613C9CFD7B3A6E8D37F8F4F7A49A5C321E7,19063,.png,art_source,imported_canonical_content_object,art/draw baseline deduplicated by SHA-256
sources/draw/20_processed/characters/huanxiong/frames/03_right_idle.png,4681B50BE12E74713CDCA3EBDD08FCA4C00D391F08C934E80EEAF41D8E5CF019,19201,.png,art_source,imported_canonical_content_object,art/draw baseline deduplicated by SHA-256
sources/draw/20_processed/characters/huanxiong/frames/04_front_walk_1.png,6DEC59A712C863AF9FD06C7A92F6670FC4BE4C7EBE5BC40F8CD6D4A14AB29851,19484,.png,art_source,imported_canonical_content_object,art/draw baseline deduplicated by SHA-256
sources/draw/20_processed/characters/huanxiong/frames/05_back_walk_1.png,B40461C59F397F3BBC406ED8538E77AAB433021B4D9D8B396AF243B3B6D04149,16312,.png,art_source,imported_canonical_content_object,art/draw baseline deduplicated by SHA-256
sources/draw/20_processed/characters/huanxiong/frames/06_left_walk_1.png,2A0B18CA4B9868F9CA200872A924307B380445397BC4B454FF922B2109EBAB39,19476,.png,art_source,imported_canonical_content_object,art/draw baseline deduplicated by SHA-256
sources/draw/20_processed/characters/huanxiong/frames/07_right_walk_1.png,469AED55F996858072CA11BFCC6CDD470EAB5CAE7CE1F1025D09BA00CB368455,19556,.png,art_source,imported_canonical_content_object,art/draw baseline deduplicated by SHA-256
sources/draw/20_processed/characters/huanxiong/frames/08_front_walk_2.png,4D26359EB19E56A52CCF494FFA5E335B521EC73A868A34F1111B9312BD34D56B,20031,.png,art_source,imported_canonical_content_object,art/draw baseline deduplicated by SHA-256
sources/draw/20_processed/characters/huanxiong/frames/09_back_walk_2.png,12474198BE522A7A4C31D9036F39E117AB803CA2597C34E662E991440B5C594C,16490,.png,art_source,imported_canonical_content_object,art/draw baseline deduplicated by SHA-256
sources/draw/20_processed/characters/huanxiong/frames/10_left_walk_2.png,78106A95C4DDF5B00C65AFACF377A7E7AD97ECA627415FE59AFF505F12104676,19342,.png,art_source,imported_canonical_content_object,art/draw baseline deduplicated by SHA-256
sources/draw/20_processed/characters/huanxiong/frames/11_right_walk_2.png,CCB99908443F06E0B36E8D9D8CD90ADA52196BDEF87B7FF1596697F37F5D6DF1,19323,.png,art_source,imported_canonical_content_object,art/draw baseline deduplicated by SHA-256
sources/draw/20_processed/characters/huanxiong/huanxiong_sheet.png,FD9F44BAEC60D4BEEB389CD3D99CD6E3F70BBA11F2B60C93FD4FC90AF5F1E83B,223139,.png,art_source,imported_canonical_content_object,art/draw baseline deduplicated by SHA-256
sources/draw/20_processed/characters/huanxiong/manifest.json,A4DC7892AB1B34E67A74C821B9DD7268106541C93F253A746235D92F389DF13D,3647,.json,art_source,imported_canonical_content_object,art/draw baseline deduplicated by SHA-256
sources/draw/20_processed/characters/huli/debug_detected_boxes.png,1AB95FF780CA13403B713653815E09D31365FAF813F6F8354C8B8E4A5EE4BF45,1791209,.png,art_source,imported_canonical_content_object,art/draw baseline deduplicated by SHA-256
sources/draw/20_processed/characters/huli/frames/00_front_idle.png,BE546A2106994AF26E2D8DA9E4D232AD76E5FC647DA7F34A53FF366D797A4243,17807,.png,art_source,imported_canonical_content_object,art/draw baseline deduplicated by SHA-256
sources/draw/20_processed/characters/huli/frames/01_back_idle.png,98B1132B2ED6805AF82D379880622399A1D8204C2620107CA1F0118F50EE0B19,15754,.png,art_source,imported_canonical_content_object,art/draw baseline deduplicated by SHA-256
sources/draw/20_processed/characters/huli/frames/02_left_idle.png,8CCA7D4F76923864573A1044AB64A7BE9A651105DA4871BA959556EE52DB6438,15965,.png,art_source,imported_canonical_content_object,art/draw baseline deduplicated by SHA-256
sources/draw/20_processed/characters/huli/frames/03_right_idle.png,D9517D1F2B1676D7C7B33F7EAC1D686ED050AD9E0B73F4D8E3275259A9FB5980,15878,.png,art_source,imported_canonical_content_object,art/draw baseline deduplicated by SHA-256
sources/draw/20_processed/characters/huli/frames/04_front_walk_1.png,A92C61AD08D84C0DCC2D742DE725209B960071C897D82D05F7EDF830534D7787,17809,.png,art_source,imported_canonical_content_object,art/draw baseline deduplicated by SHA-256
sources/draw/20_processed/characters/huli/frames/05_back_walk_1.png,D97321CFB4D3007EE7876E7628246B8902582AEC22C58E81DF6220D4EB998F15,15169,.png,art_source,imported_canonical_content_object,art/draw baseline deduplicated by SHA-256
sources/draw/20_processed/characters/huli/frames/06_left_walk_1.png,6F83ACB86E816753E3F9E8210EFB09A43184F629AD8D98C80844536D00498538,16429,.png,art_source,imported_canonical_content_object,art/draw baseline deduplicated by SHA-256
sources/draw/20_processed/characters/huli/frames/07_right_walk_1.png,B53B94A746718D09125448E3A7F10A87FE88AF977AC2C537D046285266FAEB41,16315,.png,art_source,imported_canonical_content_object,art/draw baseline deduplicated by SHA-256
sources/draw/20_processed/characters/huli/frames/08_front_walk_2.png,33C925C169926E7B3F6F6B912BBE5439F7CA16E0AAC835663FD92E8A838D194A,17899,.png,art_source,imported_canonical_content_object,art/draw baseline deduplicated by SHA-256
sources/draw/20_processed/characters/huli/frames/09_back_walk_2.png,C38DD962BE94F967DB703F8CF59DB9A18C44CF21FE6BC256529AB75D3A236757,15600,.png,art_source,imported_canonical_content_object,art/draw baseline deduplicated by SHA-256
sources/draw/20_processed/characters/huli/frames/10_left_walk_2.png,4F2D2826CF57611D0341665A58709ADCCB0E9A1DC2C1CB80EF7150EC58CB198B,16548,.png,art_source,imported_canonical_content_object,art/draw baseline deduplicated by SHA-256
sources/draw/20_processed/characters/huli/frames/11_right_walk_2.png,AA570BD1D0F49DA98CB9EDD161021636795CECB0EE9DBB00A2A6FAE4F3CBA717,16357,.png,art_source,imported_canonical_content_object,art/draw baseline deduplicated by SHA-256
sources/draw/20_processed/characters/huli/huli_sheet.png,D42ADC481A368547C84B2FA6DB36DCBDAAF9A85458202EB0FF71756480931B91,195052,.png,art_source,imported_canonical_content_object,art/draw baseline deduplicated by SHA-256
sources/draw/20_processed/characters/huli/manifest.json,AEC83CF46EF0A97620C1A23CD1EEA48A7BCEFA268915BB7A26438E5FDDF5A527,3632,.json,art_source,imported_canonical_content_object,art/draw baseline deduplicated by SHA-256
sources/draw/20_processed/characters/mao/debug_detected_boxes.png,8E7F7A3C639FECC56F9DD42DC324A9BBB3DC3646560FAC71867CA54B6C5F0DA1,1893852,.png,art_source,imported_canonical_content_object,art/draw baseline deduplicated by SHA-256
sources/draw/20_processed/characters/mao/frames/00_front_idle.png,145BA2DDB4A4E1F8C0869F40CF41694E65D858EABCB547A6C726854A1CDC37FD,19346,.png,art_source,imported_canonical_content_object,art/draw baseline deduplicated by SHA-256
sources/draw/20_processed/characters/mao/frames/01_back_idle.png,4AE13C333B8E39E410AF5A0005D7709E5BCC4289F725109593599393373DD2D2,16838,.png,art_source,imported_canonical_content_object,art/draw baseline deduplicated by SHA-256
sources/draw/20_processed/characters/mao/frames/02_left_idle.png,2FE6687C3A1DF378CD2CFAD3BAF39A4D5126068113979EBCD385FB3C357F8DA8,17452,.png,art_source,imported_canonical_content_object,art/draw baseline deduplicated by SHA-256
sources/draw/20_processed/characters/mao/frames/03_right_idle.png,83FB59E63D1E0E48C6EC9E11FCCB0F6050EA44FC9CC71C1A4F4202835078E0F2,17338,.png,art_source,imported_canonical_content_object,art/draw baseline deduplicated by SHA-256
sources/draw/20_processed/characters/mao/frames/04_front_walk_1.png,A413697C19777B06FA4AB01552EDBADD0DA3376425BB1176572CD38DB6B0951D,18302,.png,art_source,imported_canonical_content_object,art/draw baseline deduplicated by SHA-256
sources/draw/20_processed/characters/mao/frames/05_back_walk_1.png,03CB44E292793CE64EAE9A42E507704CAC91418D25ABAF4EBEF563E26C9437BC,16416,.png,art_source,imported_canonical_content_object,art/draw baseline deduplicated by SHA-256
sources/draw/20_processed/characters/mao/frames/06_left_walk_1.png,BE3B4733049F501E709E0DC508D687359150FF7E2D4BA730937DA3F05B76290A,17604,.png,art_source,imported_canonical_content_object,art/draw baseline deduplicated by SHA-256
sources/draw/20_processed/characters/mao/frames/07_right_walk_1.png,63585E63BD4BFA250387545C54B274B332996820F52C260ADAC6C80FCA0B20FC,17519,.png,art_source,imported_canonical_content_object,art/draw baseline deduplicated by SHA-256
sources/draw/20_processed/characters/mao/frames/08_front_walk_2.png,1B8ECF7AE2E688B7F9C3313F324862E677DF99268DE3213C3007CB3382507D03,18880,.png,art_source,imported_canonical_content_object,art/draw baseline deduplicated by SHA-256
sources/draw/20_processed/characters/mao/frames/09_back_walk_2.png,2DCD2615FFB6CDD7D0802559C6E2CC75949856251ADF83501BA7C717AB466301,16324,.png,art_source,imported_canonical_content_object,art/draw baseline deduplicated by SHA-256
sources/draw/20_processed/characters/mao/frames/10_left_walk_2.png,6BFEDA6E74B6B95002ED60C40660298210F1887A71308ABDEA1E9C3F577D13D6,17858,.png,art_source,imported_canonical_content_object,art/draw baseline deduplicated by SHA-256
sources/draw/20_processed/characters/mao/frames/11_right_walk_2.png,BDD834DB4C9423E7522A82D2D3EE0E2F4EAAD58B54BB6F4A39AC58E7C519714D,17797,.png,art_source,imported_canonical_content_object,art/draw baseline deduplicated by SHA-256
sources/draw/20_processed/characters/mao/manifest.json,494CAC8113348E76D1476764A4E03ACD70EA1F45A6221BD3D24AB95913632323,3630,.json,art_source,imported_canonical_content_object,art/draw baseline deduplicated by SHA-256
sources/draw/20_processed/characters/mao/mao_sheet.png,F9DDF13447DA0A7723B23D25776E7933D4C52D64EBE859ED0022EDA5EEB2893B,209160,.png,art_source,imported_canonical_content_object,art/draw baseline deduplicated by SHA-256
sources/draw/20_processed/characters/tuzi/debug_detected_boxes.png,F1A870760D40719744C4081953C7EEC5E62C0EE012753027736CEB95C2422CEE,1786605,.png,art_source,imported_canonical_content_object,art/draw baseline deduplicated by SHA-256
sources/draw/20_processed/characters/tuzi/frames/00_front_idle.png,989C2586AFC3FBD0846B67CC285651C0F09C6C141F1B6F2D75019C2A8C89E565,14893,.png,art_source,imported_canonical_content_object,art/draw baseline deduplicated by SHA-256
sources/draw/20_processed/characters/tuzi/frames/01_back_idle.png,47B724F47932A1370FD3F961BC3710D4C4195864FE3A4805CD34B5978AB35F9B,13806,.png,art_source,imported_canonical_content_object,art/draw baseline deduplicated by SHA-256
sources/draw/20_processed/characters/tuzi/frames/02_left_idle.png,87DC591C293C5C610F82B1E7ACB7DA53E45B79A0D1BA56E1E807EFF98DD4B46B,14427,.png,art_source,imported_canonical_content_object,art/draw baseline deduplicated by SHA-256
sources/draw/20_processed/characters/tuzi/frames/03_right_idle.png,568BC36ABCBA7DD089184C42283E2C1A3A09FCB96D25A64631F48648A8FCE456,14673,.png,art_source,imported_canonical_content_object,art/draw baseline deduplicated by SHA-256
sources/draw/20_processed/characters/tuzi/frames/04_front_walk_1.png,3152AE6376B3265C1F1DD56F11FA110802726DE770468195C6C7BCC3C64322DF,14896,.png,art_source,imported_canonical_content_object,art/draw baseline deduplicated by SHA-256
sources/draw/20_processed/characters/tuzi/frames/05_back_walk_1.png,A2A1FC6F06FF272C692237019295CFA09D222D92B65C5C62E74EB3162553434C,13297,.png,art_source,imported_canonical_content_object,art/draw baseline deduplicated by SHA-256
sources/draw/20_processed/characters/tuzi/frames/06_left_walk_1.png,DF19586C37BD705794FBA4E36C0E1F643735B6500EDBF15E9B25E33135196AEA,15114,.png,art_source,imported_canonical_content_object,art/draw baseline deduplicated by SHA-256
sources/draw/20_processed/characters/tuzi/frames/07_right_walk_1.png,2731167C3DA031A924F2D1A2F99E4DFB2AF2D014F9214672678C4C6A353F50FB,15140,.png,art_source,imported_canonical_content_object,art/draw baseline deduplicated by SHA-256
sources/draw/20_processed/characters/tuzi/frames/08_front_walk_2.png,17CFC58F79B41840BFE8CAA8742FC0AD80EF5CC8D6E8F9802C65693A23F23F13,14642,.png,art_source,imported_canonical_content_object,art/draw baseline deduplicated by SHA-256
sources/draw/20_processed/characters/tuzi/frames/09_back_walk_2.png,2F832C4B4DE0DF4262F82B6F5FA594837FE417B1D8CB19411E610C1B233C22AD,13279,.png,art_source,imported_canonical_content_object,art/draw baseline deduplicated by SHA-256
sources/draw/20_processed/characters/tuzi/frames/10_left_walk_2.png,CDF41E9D8C417F2920EFDEC45ED8850A2310364FD5A46BD68A5F52AABBEAF35F,15195,.png,art_source,imported_canonical_content_object,art/draw baseline deduplicated by SHA-256
sources/draw/20_processed/characters/tuzi/frames/11_right_walk_2.png,7F9BF90DF8E3A5E8BE5C592B498A4FD942A0FC0AE80F1CCC32F10FCB132F3C6F,15486,.png,art_source,imported_canonical_content_object,art/draw baseline deduplicated by SHA-256
sources/draw/20_processed/characters/tuzi/manifest.json,E52563386E84EC4333B440B8537082865D8C14EE7E28907195824A11DB073414,3629,.json,art_source,imported_canonical_content_object,art/draw baseline deduplicated by SHA-256
sources/draw/20_processed/characters/tuzi/tuzi_sheet.png,7BE0712A8D32583A3B557E02DA9782A23352F88828C2A88FC963C5E5E1CE65BE,172492,.png,art_source,imported_canonical_content_object,art/draw baseline deduplicated by SHA-256
sources/draw/20_processed/icons/debug_detected_boxes.png,D5F86428E1A599FAD5499CBAF4BD409DC4223919CA7EEF764B02E935B7B2D89F,1412251,.png,art_source,imported_canonical_content_object,art/draw baseline deduplicated by SHA-256
sources/draw/20_processed/icons/manifest.json,DC41806C0884675B9A05887C459AFE0562F57F43F295F5F88749E9A670BE6C4D,10748,.json,art_source,imported_canonical_content_object,art/draw baseline deduplicated by SHA-256
sources/draw/20_processed/icons/raw/00_wanjia_dingwei.png,22824196BD409BDDE9AC394481422B2EFB3B91C7296BD57BAA00108F5C696E7A,59651,.png,art_source,imported_canonical_content_object,art/draw baseline deduplicated by SHA-256
sources/draw/20_processed/icons/raw/01_weizhi_ge.png,C04F6DC32F5D27D9A51268BA82A806D16C40B4AB43392680C61AD38136FE6652,52701,.png,art_source,imported_canonical_content_object,art/draw baseline deduplicated by SHA-256
sources/draw/20_processed/icons/raw/02_yitan_ge.png,D70B80971580E726635ABF0020134DCC5DCE1708859675908CC6D8701761F8F3,52843,.png,art_source,imported_canonical_content_object,art/draw baseline deduplicated by SHA-256
sources/draw/20_processed/icons/raw/03_saomiao_ge.png,06739DADB750976F6D3531E90E0841C7816D7318E7C5952C41C405387FB4A32E,62803,.png,art_source,imported_canonical_content_object,art/draw baseline deduplicated by SHA-256
sources/draw/20_processed/icons/raw/04_biaoji_qi.png,CD9833E3D9714E509DC19BA4ED23891EE66FB5171EE133E82D201A0413DBA5B6,22475,.png,art_source,imported_canonical_content_object,art/draw baseline deduplicated by SHA-256
sources/draw/20_processed/icons/raw/05_dici_xianjing_icon.png,5E2E77AEC658DAFB51B700E0B374050AC1209647776870CA495675683705BAE7,42256,.png,art_source,imported_canonical_content_object,art/draw baseline deduplicated by SHA-256
sources/draw/20_processed/icons/raw/06_guaiwu_icon.png,9B10FA172AA6A179D6183192C4850F9A218A3080015367148A26BD00FFBD6D56,34857,.png,art_source,imported_canonical_content_object,art/draw baseline deduplicated by SHA-256
sources/draw/20_processed/icons/raw/07_baoxiang_icon.png,8E7C7F5176BBAB569ED977BED843E2AD5FC6960A918947F9AAE19CFB38464C2F,38954,.png,art_source,imported_canonical_content_object,art/draw baseline deduplicated by SHA-256
sources/draw/20_processed/icons/raw/08_cheli_icon.png,79D118804F83AA4EF98F0626830445C7B266EC60BD1E3D734BC7C4D8CFDDD6C3,31110,.png,art_source,imported_canonical_content_object,art/draw baseline deduplicated by SHA-256
sources/draw/20_processed/icons/raw/09_chukou_icon.png,D2786581ACA980C073E896B40553919D1F286664E81A937B15AC795841D74A18,35569,.png,art_source,imported_canonical_content_object,art/draw baseline deduplicated by SHA-256
sources/draw/20_processed/icons/raw/10_yiqingli_icon.png,30E288965F1CCA6EF6E0B197F92A0996244C1AD0F522D68F26CCE278088626AD,34588,.png,art_source,imported_canonical_content_object,art/draw baseline deduplicated by SHA-256
sources/draw/20_processed/icons/raw/11_shuzi_1.png,273D71C208FE9644BF2D67D716CD1D21B03BF7366856DED325CCEA5727859866,31385,.png,art_source,imported_canonical_content_object,art/draw baseline deduplicated by SHA-256
sources/draw/20_processed/icons/raw/12_shuzi_2.png,90F73296CBB61B88E4042F712E0BDE1AB32E611ECA165007EAABD28553CF1B63,34716,.png,art_source,imported_canonical_content_object,art/draw baseline deduplicated by SHA-256
sources/draw/20_processed/icons/raw/13_shuzi_3.png,EB7F8C3FB389543DF992B64717AFDF3EAAAB9FAC957CC98AB5BCE880FC083DBA,34243,.png,art_source,imported_canonical_content_object,art/draw baseline deduplicated by SHA-256
sources/draw/20_processed/item_consumable/item_consumable_first_aid_box.png,C2BE38C413597B60F5A9636A58FD47C6A1E61F66A5CEAE1FFB225EF173E27124,36539,.png,art_source,imported_canonical_content_object,art/draw baseline deduplicated by SHA-256
sources/draw/20_processed/item_consumable/item_consumable_medkit.png,EC58BAE34F8CBD3612E8B9DC2326285126BA1CC34BD20246CF1BB78AC7AABB90,6194,.png,art_source,imported_canonical_content_object,art/draw baseline deduplicated by SHA-256
sources/draw/20_processed/item_consumable/item_consumable_syringe.png,1D103D257DFA58ADF097BE31493DC94906836857DF6431B6D42065EA61FCDB45,4756,.png,art_source,imported_canonical_content_object,art/draw baseline deduplicated by SHA-256
sources/draw/20_processed/item_equipment/item_equipment_flashlight.png,339826ACF7CEB1736B2A3D4B172022B0CD1ACE084AC49FEAA2DF65D5793C4A35,5290,.png,art_source,imported_canonical_content_object,art/draw baseline deduplicated by SHA-256
sources/draw/20_processed/item_equipment/item_equipment_goggles.png,24462587E2902253A8383BE61EDFA1EC3118A0FE4F1610840FD165309B80A335,7090,.png,art_source,imported_canonical_content_object,art/draw baseline deduplicated by SHA-256
sources/draw/20_processed/item_equipment/item_equipment_scanner.png,991D3E23C0188D08931321445A8CBD6DBC719891394D9E171BD367912CA96177,40863,.png,art_source,imported_canonical_content_object,art/draw baseline deduplicated by SHA-256
sources/draw/20_processed/item_recovered/item_anomaly_core.png,6093CE72A2F904911802C864FABE688399620E5EB30AF8FAD4F0450E6046F489,88693,.png,art_source,imported_canonical_content_object,art/draw baseline deduplicated by SHA-256
sources/draw/20_processed/item_recovered/item_chest_closed.png,16B3CB903CC6CF59AD8A61F379B898BCD7C1F3C6703AC5E8BB2CA8DBA05FE072,49411,.png,art_source,imported_canonical_content_object,art/draw baseline deduplicated by SHA-256
sources/draw/20_processed/item_recovered/item_chest_open.png,320F39D177D090A3DE5A3E150F5CF9DB217DA01D93C61BBEF0E61B48AC00C620,57369,.png,art_source,imported_canonical_content_object,art/draw baseline deduplicated by SHA-256
sources/draw/20_processed/item_recovered/item_crate_supply.png,4F3A8353C213B4ACC82F09109CA9AD3B7FF52829D9E9EC62F5DD94FFF99076EA,50727,.png,art_source,imported_canonical_content_object,art/draw baseline deduplicated by SHA-256
sources/draw/20_processed/item_recovered/item_evac_device_dark.png,8191D324FD555A14A49D1CEE5FB362734B5011354B982B34F707C0D933EB4D0A,38706,.png,art_source,imported_canonical_content_object,art/draw baseline deduplicated by SHA-256
sources/draw/20_processed/item_recovered/item_evac_device_lit.png,00AB60E5F51AD707EB34E0D2F05B9B00021BD6A1BA2FC88D7F59A04B1EDE60DF,43737,.png,art_source,imported_canonical_content_object,art/draw baseline deduplicated by SHA-256
sources/draw/20_processed/item_recovered/item_merchant_table.png,9BA5B24479B94F77D508ADF97677F5AEBCB16FFB9AC0133981104AA5B0FE4C0A,98058,.png,art_source,imported_canonical_content_object,art/draw baseline deduplicated by SHA-256
sources/draw/20_processed/item_recovered/item_recovered_ore.png,78860D8DC692B4D2A4F6B1F985AF885F34B478B315B121C849EA5BDACD85D574,6170,.png,art_source,imported_canonical_content_object,art/draw baseline deduplicated by SHA-256
sources/draw/20_processed/item_recovered/item_spike_trap.png,22606E59685F8B507F40A65B84FBEF601AFC5435787A24C58FC59C1794442FE5,87932,.png,art_source,imported_canonical_content_object,art/draw baseline deduplicated by SHA-256
sources/draw/20_processed/main_menu/main_menu_bg_no_text.png,AC521358BBEFB53300C41E9B562D0610C707948DE891650B34CD037D572E4313,2904266,.png,art_source,registered_exact_duplicate_alias,art/draw baseline deduplicated by SHA-256
sources/draw/20_processed/map_icon/map_icon_chest.png,98C44F105FDD348CA0042E5A3ED58B518F817B764A5ACCD98B81AA57AA29E391,39109,.png,art_source,imported_canonical_content_object,art/draw baseline deduplicated by SHA-256
sources/draw/20_processed/map_icon/map_icon_event.png,3DB476901205887CC3025E52B91C9599404D60C2E19E140F5FC87F6AFFE2F80C,31685,.png,art_source,imported_canonical_content_object,art/draw baseline deduplicated by SHA-256
sources/draw/20_processed/map_icon/map_icon_exit.png,17AAA6F9A694B27CB8962AAC8339C6558D1B7D1F455E1872567FA24283A0851B,36059,.png,art_source,imported_canonical_content_object,art/draw baseline deduplicated by SHA-256
sources/draw/20_processed/map_icon/map_icon_marker_flag.png,EE5C05ED66F66173A241B5CFC470458AE0C983265CEE2E9C2445CDE83AD84A25,22994,.png,art_source,imported_canonical_content_object,art/draw baseline deduplicated by SHA-256
sources/draw/20_processed/map_icon/map_icon_mine.png,E569A257B1F77436468466A15D66856BA01477B7A90EDA433942B4B536354BBC,42839,.png,art_source,imported_canonical_content_object,art/draw baseline deduplicated by SHA-256
sources/draw/20_processed/map_icon/map_icon_monster.png,D3612A9B24102986B2E9A52E2F9929F9D854EEE95DC0F0D50DB9864093B4F165,35665,.png,art_source,imported_canonical_content_object,art/draw baseline deduplicated by SHA-256
sources/draw/20_processed/map_icon/map_label_number_1.png,4BE54A2A0820ECC0447DED181E0B6D8FAC34B28EDE2D8C36002C8D77722A5023,31936,.png,art_source,imported_canonical_content_object,art/draw baseline deduplicated by SHA-256
sources/draw/20_processed/map_icon/map_label_number_2.png,A75B87E456F556466D4FD7AFCE168770F560A291935892D1EE750804C722980A,35223,.png,art_source,imported_canonical_content_object,art/draw baseline deduplicated by SHA-256
sources/draw/20_processed/map_icon/map_label_number_3.png,7A57A350EA6BD04BB6AC515B0B3DD1E22DA35B253513C9CA632D155842AAB17B,34771,.png,art_source,imported_canonical_content_object,art/draw baseline deduplicated by SHA-256
sources/draw/20_processed/map_tile_icon/map_tile_explored.png,00276660501B46B6C4C099D994F3D9A74904C76A33EF99E92209713DECDF22CA,53437,.png,art_source,imported_canonical_content_object,art/draw baseline deduplicated by SHA-256
sources/draw/20_processed/map_tile_icon/map_tile_scanned.png,C77D134EB35289CED75E0F14FB997C7005A1ADF005DA75E6E141A68C39937F79,63402,.png,art_source,imported_canonical_content_object,art/draw baseline deduplicated by SHA-256
sources/draw/20_processed/map_tile_icon/map_tile_unknown.png,B937168633B65D1B74F83CEDF9FC0F6EB859939D3A5AB4FD6762D5501A96EBED,53549,.png,art_source,imported_canonical_content_object,art/draw baseline deduplicated by SHA-256
sources/draw/20_processed/npc_portrait/npc_portrait_a7_owl.png,A6418D35969981B5753932B16BD8C1CBD796EEF0E9E6E9DF7B41FAC49EA68CA1,61972,.png,art_source,imported_canonical_content_object,art/draw baseline deduplicated by SHA-256
sources/draw/20_processed/npc_portrait/npc_portrait_logistics_raccoon.png,BC7D605443D26CBF8AA9CBAE95F47EDCA7B3EFB701D0F0E3DC453ED9858ABD0B,58656,.png,art_source,imported_canonical_content_object,art/draw baseline deduplicated by SHA-256
sources/draw/20_processed/npc_portrait/npc_portrait_merchant_fox.png,E4E4815798F5C50015D72B4DBA0CD48DFF410D472C22A951C8A60198963172CB,59616,.png,art_source,imported_canonical_content_object,art/draw baseline deduplicated by SHA-256
sources/draw/20_processed/props/debug_detected_boxes.png,0DD0655412EFCFCA03AE5C478B4756D9B98183A6236E9ACA06B7240184A4DE8D,1625778,.png,art_source,imported_canonical_content_object,art/draw baseline deduplicated by SHA-256
sources/draw/20_processed/props/manifest.json,3536FFC71EA3F8860DD5FCE7A2EF30E2E1B2D1F307C2AD91CE07E7BF23DF4D1E,7122,.json,art_source,imported_canonical_content_object,art/draw baseline deduplicated by SHA-256
sources/draw/20_processed/props/raw/00_baoxiang_kai.png,11227F2F415FF5BE6C1B05F5C4CA293D8CBE3189C94CCA9F53A9431CA2336AF8,56953,.png,art_source,imported_canonical_content_object,art/draw baseline deduplicated by SHA-256
sources/draw/20_processed/props/raw/01_cheli_zhuangzhi_an.png,4565707190989E150335023B5B8F26BB92505D4A27EBE2138ADD827518D773E7,38209,.png,art_source,imported_canonical_content_object,art/draw baseline deduplicated by SHA-256
sources/draw/20_processed/props/raw/02_cheli_zhuangzhi_liang.png,B9BEEE7F392DFF5630E368B3F07D27DC4D6E0E884229125437DA5B637534E60E,42036,.png,art_source,imported_canonical_content_object,art/draw baseline deduplicated by SHA-256
sources/draw/20_processed/props/raw/03_baoxiang_guan.png,263241613BB1E08641A5EFF3CA40FA34FFB8327599BE7EE282F8C5A64567AF4F,49076,.png,art_source,imported_canonical_content_object,art/draw baseline deduplicated by SHA-256
sources/draw/20_processed/props/raw/04_shangren_tai.png,48D7D9E24FA4F97C66CE3B94FB8C0149BF0637E959EC7CDAB555EF1A29766756,97125,.png,art_source,imported_canonical_content_object,art/draw baseline deduplicated by SHA-256
sources/draw/20_processed/props/raw/05_yichang_hexin.png,265EE1DB69C0DAF451604F18B0FF33FE55B50EF271DD309A71F875956DA08584,78969,.png,art_source,imported_canonical_content_object,art/draw baseline deduplicated by SHA-256
sources/draw/20_processed/props/raw/06_dici_xianjing.png,5FD948CC63DF05028E9DDB29EA64A11398D813D2698937786D6851FA9E5A05D7,86873,.png,art_source,imported_canonical_content_object,art/draw baseline deduplicated by SHA-256
sources/draw/20_processed/props/raw/07_lingjian_dui.png,ED0150ADE1FA803F8ED1B6641DDBCA6F3D37EFD4AE5907957E09863D3B72E227,51799,.png,art_source,imported_canonical_content_object,art/draw baseline deduplicated by SHA-256
sources/draw/20_processed/props/raw/08_saomiaoyi.png,60DC899CEB4547899829FE2F675974E9EADE876D1C99299EC38F1184C6B4B63A,40340,.png,art_source,imported_canonical_content_object,art/draw baseline deduplicated by SHA-256
sources/draw/20_processed/props/raw/09_jinbi_dui.png,85676C7831B10F64451C8036FF5D001E1D23EA98C1B99BF6ECA26529460A9610,49684,.png,art_source,imported_canonical_content_object,art/draw baseline deduplicated by SHA-256
sources/draw/20_processed/props/raw/10_yiliaobao.png,BB3AEF0E76264692187C6B4B124628881F84B7D9E46401D0A280C7837031B9AB,36195,.png,art_source,imported_canonical_content_object,art/draw baseline deduplicated by SHA-256
sources/draw/20_processed/props/raw/11_wuzi_xiang.png,35845CA453B827C43CD5DF851B4F92829456E28C0ABAAF214A1B22EBEE3141DA,50220,.png,art_source,imported_canonical_content_object,art/draw baseline deduplicated by SHA-256
sources/draw/20_processed/reference/deploy_ui_reference.png,8467A8F7CE404283EC277829052C2EC8C238871838A8DACB1BA51BE3ADEBAC26,2302738,.png,art_source,registered_exact_duplicate_alias,art/draw baseline deduplicated by SHA-256
sources/draw/20_processed/rooms/debug_detected_boxes.png,7C45FE805AB0A85BEC4E79864D3608DAFEA3155FD79FC153AA9421E01E9530AC,1929527,.png,art_source,imported_canonical_content_object,art/draw baseline deduplicated by SHA-256
sources/draw/20_processed/rooms/fangjian_jichu_raw.png,490D34BACF07AE6314F4FC62961C13E675B703912682C112D598D9444BFDF83A,1934703,.png,art_source,imported_canonical_content_object,art/draw baseline deduplicated by SHA-256
sources/draw/20_processed/ui/debug_detected_boxes.png,F5FE776519717B32A2EDBA4402887C715C5E9185AD7EEED6C62E1D90387BF94F,1749980,.png,art_source,imported_canonical_content_object,art/draw baseline deduplicated by SHA-256
sources/draw/20_processed/ui/manifest.json,582FCA8CCA7A725A72475AE8EE1A9BE5375DE6576C3C97195912ED5D95AA6DA2,6126,.json,art_source,imported_canonical_content_object,art/draw baseline deduplicated by SHA-256
sources/draw/20_processed/ui/raw/11_jiemian_weimingming.png,93CF1A36867DE68552DBE26082D74673967F2A80088B874F6BC9C2DEAB8AD5CC,65916,.png,art_source,imported_canonical_content_object,art/draw baseline deduplicated by SHA-256
sources/draw/20_processed/ui/raw/beibao_icon.png,392A9405F64EE4731BA7058A4A743E36550AB0CDB2468D99997DA5B56E40FBFE,57325,.png,art_source,imported_canonical_content_object,art/draw baseline deduplicated by SHA-256
sources/draw/20_processed/ui/raw/jiaohu_tishi.png,63ED297D403E441C2C292015B0C27BF404B30AC94BE19F560CD387B0586804C3,88956,.png,art_source,imported_canonical_content_object,art/draw baseline deduplicated by SHA-256
sources/draw/20_processed/ui/raw/jinbi_icon.png,A5E2AA8770749B3B2616DD287A2F1AFB126F648F7E0F3D8D421E672C9F7BF69C,8876,.png,art_source,imported_canonical_content_object,art/draw baseline deduplicated by SHA-256
sources/draw/20_processed/ui/raw/kuaijie_lan.png,17CD8C6F343B427437DC7F2FD38FCF5B207DB1ED34E47793CDDF6C45E2AFB876,121940,.png,art_source,imported_canonical_content_object,art/draw baseline deduplicated by SHA-256
sources/draw/20_processed/ui/raw/lingjian_icon.png,5B3DE3142812279B090CBFAEAE0F3E5E1BB8A059F5BBE3446CDEC6DC3361B498,30234,.png,art_source,imported_canonical_content_object,art/draw baseline deduplicated by SHA-256
sources/draw/20_processed/ui/raw/tishi_kuang.png,05F08CFAE8BDFBE483DDC935DD8F2C3C37297DD04AD5AC12EE50B8D35469408C,39079,.png,art_source,imported_canonical_content_object,art/draw baseline deduplicated by SHA-256
sources/draw/20_processed/ui/raw/xieyi_huizhang.png,83BAFEEA6218A47F23B9F455223C53795609EEB90BDD35E10DC9C659FC56F85B,80344,.png,art_source,imported_canonical_content_object,art/draw baseline deduplicated by SHA-256
sources/draw/20_processed/ui/raw/xieyi_mianban.png,1BC45EF20062431C0381672370523661EB3A92CD478467E06B0D4FA4E448048C,151784,.png,art_source,imported_canonical_content_object,art/draw baseline deduplicated by SHA-256
sources/draw/20_processed/ui/raw/xuetiao_kuang.png,628C744682B92DC3D60B622215C0C616D248DA0C2BAA6339CBAAC290A3B08029,28482,.png,art_source,imported_canonical_content_object,art/draw baseline deduplicated by SHA-256
sources/draw/20_processed/ui/raw/xuetiao_tianchong.png,61738B221C6F6423AC2459FB9FA353FD4B593446821D90B856FBCCB370011A91,11032,.png,art_source,imported_canonical_content_object,art/draw baseline deduplicated by SHA-256
sources/draw/20_processed/ui/raw/zuoce_mianban.png,C4A2CCB3C7525CEE4F9117891FEBBD3546302CE11ABD9C6F9154D6E39BA55766,454079,.png,art_source,imported_canonical_content_object,art/draw baseline deduplicated by SHA-256
sources/draw/20_processed/ui_button_blank/ui_button_blank_dark.png,99DCED078AC8D2DBE127689D8005715F2878185B14884355BCBC4F471FD06A1C,66360,.png,art_source,imported_canonical_content_object,art/draw baseline deduplicated by SHA-256
sources/draw/20_processed/ui_deploy_button/ui_button_back_main.png,5426CBCF75284BDE97B98A0E1677C9E78F349DCC6C78224F8E6441343BD0A3E2,18875,.png,art_source,imported_canonical_content_object,art/draw baseline deduplicated by SHA-256
sources/draw/20_processed/ui_deploy_button/ui_button_confirm_deploy_large.png,E245F3D25671EAB9C11A437933FB7C8A8D79F5F2129962273AEDBB6A3E2D7873,51391,.png,art_source,imported_canonical_content_object,art/draw baseline deduplicated by SHA-256
sources/draw/20_processed/ui_deploy_button/ui_button_nav_loadout.png,55B1B40BBC90B97A1C8FD6F0DAB23476EBCDB0E741748844A8D63F1670E0B74B,15773,.png,art_source,imported_canonical_content_object,art/draw baseline deduplicated by SHA-256
sources/draw/20_processed/ui_deploy_button/ui_button_nav_recovery.png,578B1A0498EB34C117F45D78DE7A47DBFA604D2705B953E46940F4317302F02A,20026,.png,art_source,imported_canonical_content_object,art/draw baseline deduplicated by SHA-256
sources/draw/20_processed/ui_deploy_button/ui_button_nav_requisition.png,7C55CD1AE2789842C4D079A7B618E84A165AD72267612A3B8642037B3C1A4C8B,15841,.png,art_source,imported_canonical_content_object,art/draw baseline deduplicated by SHA-256
sources/draw/20_processed/ui_deploy_button/ui_button_nav_talent_selected.png,E051CF0398847504F69B14E18C65430F81CD9FA50DF712352E85BA169D25BBA0,23470,.png,art_source,imported_canonical_content_object,art/draw baseline deduplicated by SHA-256
sources/draw/20_processed/ui_deploy_button/ui_button_nav_warehouse.png,28EAA56504E1F7EA3136BE8AD7478357E03C4E6C28AEB27D67C011CCE416951E,16248,.png,art_source,imported_canonical_content_object,art/draw baseline deduplicated by SHA-256
sources/draw/20_processed/ui_deploy_button/ui_button_upgrade_small.png,7DEF9F6E1A79B6BC2779647C13A0C0B311E00EE4E803EACF4E920A46A32FC1FF,8394,.png,art_source,imported_canonical_content_object,art/draw baseline deduplicated by SHA-256
sources/draw/20_processed/ui_deploy_button/ui_key_or_arrow_small_button.png,8A70EF18582AA3D98BD6CA8E32D3790F2F169EA3F0EE43ACACC23F5A89471497,7558,.png,art_source,imported_canonical_content_object,art/draw baseline deduplicated by SHA-256
sources/draw/20_processed/ui_deploy_icon/ui_icon_armor.png,29F71E2E65B31F0D3C1F0B6775482351C4837148E4D1773FAC4CB35127DC58F4,6300,.png,art_source,imported_canonical_content_object,art/draw baseline deduplicated by SHA-256
sources/draw/20_processed/ui_deploy_icon/ui_icon_backpack.png,B247A2ABA7509D1797376B95136A2D7155D13CC8470EE7233ACF450EFA5A7413,6416,.png,art_source,imported_canonical_content_object,art/draw baseline deduplicated by SHA-256
sources/draw/20_processed/ui_deploy_icon/ui_icon_bandage.png,8E5B26EB543E59A1B7D09BCDCC74803D1674BA4D3487C7FB10EE131FA5C18FE9,4341,.png,art_source,imported_canonical_content_object,art/draw baseline deduplicated by SHA-256
sources/draw/20_processed/ui_deploy_icon/ui_icon_compass.png,016D4065BFBE7CA6406816F6BBA786C31F9D8CC2EACDD637A5257B822582E285,6890,.png,art_source,imported_canonical_content_object,art/draw baseline deduplicated by SHA-256
sources/draw/20_processed/ui_deploy_icon/ui_icon_escape_time.png,03EDE6DF183A8ECF4B13C04C935D8B3F978743E26C50B7C9E2822956DE410730,6530,.png,art_source,imported_canonical_content_object,art/draw baseline deduplicated by SHA-256
sources/draw/20_processed/ui_deploy_icon/ui_icon_life.png,41A112D0EDA2C028187A30E5614EBCEF4931D248963470365AD72284AA6A4AB9,5956,.png,art_source,imported_canonical_content_object,art/draw baseline deduplicated by SHA-256
sources/draw/20_processed/ui_deploy_icon/ui_icon_scan.png,CAC80F838C3DD85E827F4C6E83956F650B521DFE8F16B402EC856B52654B3F2A,6652,.png,art_source,imported_canonical_content_object,art/draw baseline deduplicated by SHA-256
sources/draw/20_processed/ui_deploy_icon/ui_icon_talent_point.png,BC51939E77AA3C305763264DB31859843B2D075AE3E66E9D30A44C81294F83AC,6386,.png,art_source,imported_canonical_content_object,art/draw baseline deduplicated by SHA-256
sources/draw/20_processed/ui_deploy_panel/ui_frame_highlight.png,6A7B4D2BBC7A87236B11F52BEAA8568477428D86A288D987949EC11F1B5DD95D,19642,.png,art_source,imported_canonical_content_object,art/draw baseline deduplicated by SHA-256
sources/draw/20_processed/ui_deploy_panel/ui_panel_deploy_main_blank.png,222F475C981FA20063686E3BA1C203A46E04B9B2DBE6C6CDD1C4B5827E9EF525,127236,.png,art_source,imported_canonical_content_object,art/draw baseline deduplicated by SHA-256
sources/draw/20_processed/ui_deploy_panel/ui_panel_deploy_summary_blank.png,6893538A28D34001C2FFBF52DE811139936CAD2F24954A0588238A67DAEDFE75,18745,.png,art_source,imported_canonical_content_object,art/draw baseline deduplicated by SHA-256
sources/draw/20_processed/ui_deploy_row/ui_list_row_normal.png,D3DF062B16D179549B890745A7CF866A9DD92C7C14A42D433637E8C9227455B4,3630,.png,art_source,imported_canonical_content_object,art/draw baseline deduplicated by SHA-256
sources/draw/20_processed/ui_deploy_row/ui_list_row_selected.png,E57D60FA317D61BEE653086F0704B0FE8DDFB22385CFF08DA11044997E97A1F2,4196,.png,art_source,imported_canonical_content_object,art/draw baseline deduplicated by SHA-256
sources/draw/20_processed/ui_deploy_row/ui_talent_row_locked.png,E9B154769447B8245E0FED9A0A60E6042870BBA7D6BBBD1B8CD267C1ED032F0A,34660,.png,art_source,registered_exact_duplicate_alias,art/draw baseline deduplicated by SHA-256
sources/draw/20_processed/ui_deploy_row/ui_talent_row_normal.png,9BF5F8B9118542C103BC5C371A51271A8EBB3EE1F9401C594377C9BC1BFD32A9,35596,.png,art_source,registered_exact_duplicate_alias,art/draw baseline deduplicated by SHA-256
sources/draw/20_processed/ui_icon/ui_icon_account_gold.png,316453D913315C34C0DB493D0C62E461DFFD9D423C0B195C588426F838A3017D,9132,.png,art_source,imported_canonical_content_object,art/draw baseline deduplicated by SHA-256
sources/draw/20_processed/ui_icon/ui_icon_gold_pile.png,B480843308E7A1FF3CCCD0F7589E19B7536A498D34A2C26AA88F2BC059C13F17,50372,.png,art_source,imported_canonical_content_object,art/draw baseline deduplicated by SHA-256
sources/draw/20_processed/ui_icon/ui_icon_settings_gear.png,0A603F60042717602613F48E4CC48A005AB72E151EEE2C5A2F001A15CA184336,11371,.png,art_source,imported_canonical_content_object,art/draw baseline deduplicated by SHA-256
sources/draw/20_processed/ui_item_card/ui_slot_row_four.png,F140F8FB8BE46FB0E97BECA0E8CAC3A8102B79B1BD3409E80CF1BF3B366B3E75,122828,.png,art_source,imported_canonical_content_object,art/draw baseline deduplicated by SHA-256
sources/draw/20_processed/ui_key_prompt/ui_key_e.png,819C31BC1070AC5C9832EEA32605584BC6D835ED952A40371AEC308F2379455A,3859,.png,art_source,imported_canonical_content_object,art/draw baseline deduplicated by SHA-256
sources/draw/20_processed/ui_key_prompt/ui_key_esc.png,9A9A580FE1A1FB7268A905FA1E04B12576048D1D963CBB02F097E41B821E4EAB,4957,.png,art_source,imported_canonical_content_object,art/draw baseline deduplicated by SHA-256
sources/draw/20_processed/ui_key_prompt/ui_key_f.png,EC188529DC43CB042E9EAFF489FBDFDD4B300B046B066FC666D2C4878DF98D87,3879,.png,art_source,imported_canonical_content_object,art/draw baseline deduplicated by SHA-256
sources/draw/20_processed/ui_key_prompt/ui_key_m.png,18E737B8021ED01216132B95494A0CB7D83D71D006CC3C87AA83B103140F1FCD,4223,.png,art_source,imported_canonical_content_object,art/draw baseline deduplicated by SHA-256
sources/draw/20_processed/ui_key_prompt/ui_key_q.png,099706289B700AEBAF7B6B679E26B2D7D8414FD624B2C7673378629582A79682,4536,.png,art_source,imported_canonical_content_object,art/draw baseline deduplicated by SHA-256
sources/draw/20_processed/ui_key_prompt/ui_key_t.png,49AC601D40A4E14B5F76E5906F573C444C0A6D36EACA013B60B1B74C81DD3D47,3688,.png,art_source,imported_canonical_content_object,art/draw baseline deduplicated by SHA-256
sources/draw/20_processed/ui_panel/ui_panel_detail_danger.png,0EB993B8DEE383F7E3D656BFF88865B191B2C26604F3284C37AC78C6B39F72C1,152560,.png,art_source,imported_canonical_content_object,art/draw baseline deduplicated by SHA-256
sources/draw/20_processed/ui_panel/ui_panel_status_small.png,D7278FCABB7DC7A9177D99DF0B82B3F451E871203FA43BD9C14AF6E6E762AA28,80806,.png,art_source,imported_canonical_content_object,art/draw baseline deduplicated by SHA-256
sources/draw/20_processed/ui_panel/ui_panel_terminal_main.png,4BB57AC94C797BE82FD9B03B1EB708D87E3FE6CD014AF898A059486DCA6EACBC,456147,.png,art_source,imported_canonical_content_object,art/draw baseline deduplicated by SHA-256
sources/draw/20_processed/ui_protocol/ui_protocol_5_to_1_strip.png,FD20BB16F02FDC33FA4DCD16F1BA9D9925A6022FC0A948B85A33B2AA6AB330FD,71188,.png,art_source,imported_canonical_content_object,art/draw baseline deduplicated by SHA-256
sources/draw/20_processed/ui_scrollbar/ui_scrollbar_vertical.png,6F4CEBABB51384A31E306D57475A6AD1EE2E5F02179844C55B66C4798A9A7906,16688,.png,art_source,imported_canonical_content_object,art/draw baseline deduplicated by SHA-256
sources/draw/20_processed/ui_status_tag/ui_tag_available_points.png,C971F77372F3BB6019D120CB52361663D29B6000BB879E1C955DDC8AF5639338,6919,.png,art_source,imported_canonical_content_object,art/draw baseline deduplicated by SHA-256
sources/draw/20_processed/ui_status_tag/ui_tag_currency_triplet.png,BC2A3251DAD5F93A96C275400D6983E83FDE35D2134B5FE8FABDC5B0BAC0E2C7,81656,.png,art_source,imported_canonical_content_object,art/draw baseline deduplicated by SHA-256
sources/draw/20_processed/ui_status_tag/ui_tag_level_0_3.png,7054671DE8E101BC64900E33AC6A7D74ED6213CD5D08E7686BEE9FF252E95642,3456,.png,art_source,imported_canonical_content_object,art/draw baseline deduplicated by SHA-256
sources/draw/20_processed/ui_status_tag/ui_tag_level_1_3.png,2990242D520B8EE73F3AAE726AB053755593B2E488C014CFC552B35D76B6761B,3593,.png,art_source,imported_canonical_content_object,art/draw baseline deduplicated by SHA-256
sources/draw/20_processed/ui_status_tag/ui_tag_level_1_5.png,EA70460B18913473DF010C9D38F0C6ED9CC59D7A26D279342F674C4941D02CAB,3307,.png,art_source,imported_canonical_content_object,art/draw baseline deduplicated by SHA-256
sources/draw/20_processed/ui_summary_bar/ui_bar_blank_dark.png,DDE95EBD216C273230DE0E2776F445AE97D38B4C370FC2C4765AC24CFC468558,28665,.png,art_source,imported_canonical_content_object,art/draw baseline deduplicated by SHA-256
sources/draw/20_processed/ui_summary_bar/ui_bar_blank_red.png,9BCB1E8E1C1B03E453F668B839ED44A85C61B702E04A1EE8348FB4B90163A22E,30401,.png,art_source,imported_canonical_content_object,art/draw baseline deduplicated by SHA-256
sources/draw/20_processed/ui_summary_bar/ui_bar_event_prompt.png,8906431A8F3615D15F824594CECE0BEC3AA9070CEB534885D614D8673C1FF958,89994,.png,art_source,imported_canonical_content_object,art/draw baseline deduplicated by SHA-256
sources/draw/20_processed/ui_tab/ui_tab_item_categories_strip.png,3C6DAB1D4087081B8D925D9C5D2977814C7CDDC1F81FF583CCAEF44C467D9CE4,45890,.png,art_source,imported_canonical_content_object,art/draw baseline deduplicated by SHA-256
sources/draw/20_processed/ui_title_plate/ui_title_extract_confirm.png,2565A06EE73395F5A5793E7BC3E1B60D67BA6C05952AE81343AB4914F332F6C7,47208,.png,art_source,imported_canonical_content_object,art/draw baseline deduplicated by SHA-256
sources/draw/20_processed/ui_title_plate/ui_title_extract_confirm_large.png,F93F25DE3856FD0712C766F2C23B728CBCAB357C0A5C667423DF6949AA337002,52697,.png,art_source,imported_canonical_content_object,art/draw baseline deduplicated by SHA-256
sources/draw/20_processed/ui_title_plate/ui_title_extraction_success.png,1ABBA3B9687D6B5EE553CD201FF6D24C2868A8463AC9AACACBE3DD13815A3951,44510,.png,art_source,imported_canonical_content_object,art/draw baseline deduplicated by SHA-256
sources/draw/20_processed/ui_title_plate/ui_title_signal_lost.png,05346CDB918B7956130B95532F5B98EC86E9A4FEE792E36176AC5BCC50F67643,43518,.png,art_source,imported_canonical_content_object,art/draw baseline deduplicated by SHA-256
sources/draw/2UI.png,DE0708FFAAB15F5FF3047E55163E1742B7503BF1B1124D0ACF5E35B007FF2272,2285824,.png,art_source,imported_canonical_content_object,art/draw baseline deduplicated by SHA-256
sources/draw/3.png,D4BB5FE943A54D49D782F6544D71B6044FD229ACC0825068DA99C2F44FEE04FE,2191922,.png,art_source,imported_canonical_content_object,art/draw baseline deduplicated by SHA-256
sources/draw/30_game_ready/characters/huanxiong/debug_detected_boxes.png,671C7E169E6238C99F10D04787C6F25B9F9D6CA03118B25BE09D6B4B2166BEE9,1823561,.png,art_source,registered_exact_duplicate_alias,art/draw baseline deduplicated by SHA-256
sources/draw/30_game_ready/characters/huanxiong/frames/00_front_idle.png,9ABD2C9E3AF672B0E4D98F0F07F175C34A101C0FFF64F622819FB8EFE9B6B0C3,20246,.png,art_source,registered_exact_duplicate_alias,art/draw baseline deduplicated by SHA-256
sources/draw/30_game_ready/characters/huanxiong/frames/01_back_idle.png,E9B055740834A3C1F30DF07A525E41E38F3AACD69414E0B8CC510F58F65D385A,17416,.png,art_source,registered_exact_duplicate_alias,art/draw baseline deduplicated by SHA-256
sources/draw/30_game_ready/characters/huanxiong/frames/02_left_idle.png,9EB6DBF30086F33EBD582D5EFFE7B613C9CFD7B3A6E8D37F8F4F7A49A5C321E7,19063,.png,art_source,registered_exact_duplicate_alias,art/draw baseline deduplicated by SHA-256
sources/draw/30_game_ready/characters/huanxiong/frames/03_right_idle.png,4681B50BE12E74713CDCA3EBDD08FCA4C00D391F08C934E80EEAF41D8E5CF019,19201,.png,art_source,registered_exact_duplicate_alias,art/draw baseline deduplicated by SHA-256
sources/draw/30_game_ready/characters/huanxiong/frames/04_front_walk_1.png,6DEC59A712C863AF9FD06C7A92F6670FC4BE4C7EBE5BC40F8CD6D4A14AB29851,19484,.png,art_source,registered_exact_duplicate_alias,art/draw baseline deduplicated by SHA-256
sources/draw/30_game_ready/characters/huanxiong/frames/05_back_walk_1.png,B40461C59F397F3BBC406ED8538E77AAB433021B4D9D8B396AF243B3B6D04149,16312,.png,art_source,registered_exact_duplicate_alias,art/draw baseline deduplicated by SHA-256
sources/draw/30_game_ready/characters/huanxiong/frames/06_left_walk_1.png,2A0B18CA4B9868F9CA200872A924307B380445397BC4B454FF922B2109EBAB39,19476,.png,art_source,registered_exact_duplicate_alias,art/draw baseline deduplicated by SHA-256
sources/draw/30_game_ready/characters/huanxiong/frames/07_right_walk_1.png,469AED55F996858072CA11BFCC6CDD470EAB5CAE7CE1F1025D09BA00CB368455,19556,.png,art_source,registered_exact_duplicate_alias,art/draw baseline deduplicated by SHA-256
sources/draw/30_game_ready/characters/huanxiong/frames/08_front_walk_2.png,4D26359EB19E56A52CCF494FFA5E335B521EC73A868A34F1111B9312BD34D56B,20031,.png,art_source,registered_exact_duplicate_alias,art/draw baseline deduplicated by SHA-256
sources/draw/30_game_ready/characters/huanxiong/frames/09_back_walk_2.png,12474198BE522A7A4C31D9036F39E117AB803CA2597C34E662E991440B5C594C,16490,.png,art_source,registered_exact_duplicate_alias,art/draw baseline deduplicated by SHA-256
sources/draw/30_game_ready/characters/huanxiong/frames/10_left_walk_2.png,78106A95C4DDF5B00C65AFACF377A7E7AD97ECA627415FE59AFF505F12104676,19342,.png,art_source,registered_exact_duplicate_alias,art/draw baseline deduplicated by SHA-256
sources/draw/30_game_ready/characters/huanxiong/frames/11_right_walk_2.png,CCB99908443F06E0B36E8D9D8CD90ADA52196BDEF87B7FF1596697F37F5D6DF1,19323,.png,art_source,registered_exact_duplicate_alias,art/draw baseline deduplicated by SHA-256
sources/draw/30_game_ready/characters/huanxiong/huanxiong_sheet.png,FD9F44BAEC60D4BEEB389CD3D99CD6E3F70BBA11F2B60C93FD4FC90AF5F1E83B,223139,.png,art_source,registered_exact_duplicate_alias,art/draw baseline deduplicated by SHA-256
sources/draw/30_game_ready/characters/huanxiong/manifest.json,A4DC7892AB1B34E67A74C821B9DD7268106541C93F253A746235D92F389DF13D,3647,.json,art_source,registered_exact_duplicate_alias,art/draw baseline deduplicated by SHA-256
sources/draw/30_game_ready/characters/huli/debug_detected_boxes.png,1AB95FF780CA13403B713653815E09D31365FAF813F6F8354C8B8E4A5EE4BF45,1791209,.png,art_source,registered_exact_duplicate_alias,art/draw baseline deduplicated by SHA-256
sources/draw/30_game_ready/characters/huli/frames/00_front_idle.png,BE546A2106994AF26E2D8DA9E4D232AD76E5FC647DA7F34A53FF366D797A4243,17807,.png,art_source,registered_exact_duplicate_alias,art/draw baseline deduplicated by SHA-256
sources/draw/30_game_ready/characters/huli/frames/01_back_idle.png,98B1132B2ED6805AF82D379880622399A1D8204C2620107CA1F0118F50EE0B19,15754,.png,art_source,registered_exact_duplicate_alias,art/draw baseline deduplicated by SHA-256
sources/draw/30_game_ready/characters/huli/frames/02_left_idle.png,8CCA7D4F76923864573A1044AB64A7BE9A651105DA4871BA959556EE52DB6438,15965,.png,art_source,registered_exact_duplicate_alias,art/draw baseline deduplicated by SHA-256
sources/draw/30_game_ready/characters/huli/frames/03_right_idle.png,D9517D1F2B1676D7C7B33F7EAC1D686ED050AD9E0B73F4D8E3275259A9FB5980,15878,.png,art_source,registered_exact_duplicate_alias,art/draw baseline deduplicated by SHA-256
sources/draw/30_game_ready/characters/huli/frames/04_front_walk_1.png,A92C61AD08D84C0DCC2D742DE725209B960071C897D82D05F7EDF830534D7787,17809,.png,art_source,registered_exact_duplicate_alias,art/draw baseline deduplicated by SHA-256
sources/draw/30_game_ready/characters/huli/frames/05_back_walk_1.png,D97321CFB4D3007EE7876E7628246B8902582AEC22C58E81DF6220D4EB998F15,15169,.png,art_source,registered_exact_duplicate_alias,art/draw baseline deduplicated by SHA-256
sources/draw/30_game_ready/characters/huli/frames/06_left_walk_1.png,6F83ACB86E816753E3F9E8210EFB09A43184F629AD8D98C80844536D00498538,16429,.png,art_source,registered_exact_duplicate_alias,art/draw baseline deduplicated by SHA-256
sources/draw/30_game_ready/characters/huli/frames/07_right_walk_1.png,B53B94A746718D09125448E3A7F10A87FE88AF977AC2C537D046285266FAEB41,16315,.png,art_source,registered_exact_duplicate_alias,art/draw baseline deduplicated by SHA-256
sources/draw/30_game_ready/characters/huli/frames/08_front_walk_2.png,33C925C169926E7B3F6F6B912BBE5439F7CA16E0AAC835663FD92E8A838D194A,17899,.png,art_source,registered_exact_duplicate_alias,art/draw baseline deduplicated by SHA-256
sources/draw/30_game_ready/characters/huli/frames/09_back_walk_2.png,C38DD962BE94F967DB703F8CF59DB9A18C44CF21FE6BC256529AB75D3A236757,15600,.png,art_source,registered_exact_duplicate_alias,art/draw baseline deduplicated by SHA-256
sources/draw/30_game_ready/characters/huli/frames/10_left_walk_2.png,4F2D2826CF57611D0341665A58709ADCCB0E9A1DC2C1CB80EF7150EC58CB198B,16548,.png,art_source,registered_exact_duplicate_alias,art/draw baseline deduplicated by SHA-256
sources/draw/30_game_ready/characters/huli/frames/11_right_walk_2.png,AA570BD1D0F49DA98CB9EDD161021636795CECB0EE9DBB00A2A6FAE4F3CBA717,16357,.png,art_source,registered_exact_duplicate_alias,art/draw baseline deduplicated by SHA-256
sources/draw/30_game_ready/characters/huli/huli_sheet.png,D42ADC481A368547C84B2FA6DB36DCBDAAF9A85458202EB0FF71756480931B91,195052,.png,art_source,registered_exact_duplicate_alias,art/draw baseline deduplicated by SHA-256
sources/draw/30_game_ready/characters/huli/manifest.json,AEC83CF46EF0A97620C1A23CD1EEA48A7BCEFA268915BB7A26438E5FDDF5A527,3632,.json,art_source,registered_exact_duplicate_alias,art/draw baseline deduplicated by SHA-256
sources/draw/30_game_ready/characters/mao/debug_detected_boxes.png,8E7F7A3C639FECC56F9DD42DC324A9BBB3DC3646560FAC71867CA54B6C5F0DA1,1893852,.png,art_source,registered_exact_duplicate_alias,art/draw baseline deduplicated by SHA-256
sources/draw/30_game_ready/characters/mao/frames/00_front_idle.png,145BA2DDB4A4E1F8C0869F40CF41694E65D858EABCB547A6C726854A1CDC37FD,19346,.png,art_source,registered_exact_duplicate_alias,art/draw baseline deduplicated by SHA-256
sources/draw/30_game_ready/characters/mao/frames/01_back_idle.png,4AE13C333B8E39E410AF5A0005D7709E5BCC4289F725109593599393373DD2D2,16838,.png,art_source,registered_exact_duplicate_alias,art/draw baseline deduplicated by SHA-256
sources/draw/30_game_ready/characters/mao/frames/02_left_idle.png,2FE6687C3A1DF378CD2CFAD3BAF39A4D5126068113979EBCD385FB3C357F8DA8,17452,.png,art_source,registered_exact_duplicate_alias,art/draw baseline deduplicated by SHA-256
sources/draw/30_game_ready/characters/mao/frames/03_right_idle.png,83FB59E63D1E0E48C6EC9E11FCCB0F6050EA44FC9CC71C1A4F4202835078E0F2,17338,.png,art_source,registered_exact_duplicate_alias,art/draw baseline deduplicated by SHA-256
sources/draw/30_game_ready/characters/mao/frames/04_front_walk_1.png,A413697C19777B06FA4AB01552EDBADD0DA3376425BB1176572CD38DB6B0951D,18302,.png,art_source,registered_exact_duplicate_alias,art/draw baseline deduplicated by SHA-256
sources/draw/30_game_ready/characters/mao/frames/05_back_walk_1.png,03CB44E292793CE64EAE9A42E507704CAC91418D25ABAF4EBEF563E26C9437BC,16416,.png,art_source,registered_exact_duplicate_alias,art/draw baseline deduplicated by SHA-256
sources/draw/30_game_ready/characters/mao/frames/06_left_walk_1.png,BE3B4733049F501E709E0DC508D687359150FF7E2D4BA730937DA3F05B76290A,17604,.png,art_source,registered_exact_duplicate_alias,art/draw baseline deduplicated by SHA-256
sources/draw/30_game_ready/characters/mao/frames/07_right_walk_1.png,63585E63BD4BFA250387545C54B274B332996820F52C260ADAC6C80FCA0B20FC,17519,.png,art_source,registered_exact_duplicate_alias,art/draw baseline deduplicated by SHA-256
sources/draw/30_game_ready/characters/mao/frames/08_front_walk_2.png,1B8ECF7AE2E688B7F9C3313F324862E677DF99268DE3213C3007CB3382507D03,18880,.png,art_source,registered_exact_duplicate_alias,art/draw baseline deduplicated by SHA-256
sources/draw/30_game_ready/characters/mao/frames/09_back_walk_2.png,2DCD2615FFB6CDD7D0802559C6E2CC75949856251ADF83501BA7C717AB466301,16324,.png,art_source,registered_exact_duplicate_alias,art/draw baseline deduplicated by SHA-256
sources/draw/30_game_ready/characters/mao/frames/10_left_walk_2.png,6BFEDA6E74B6B95002ED60C40660298210F1887A71308ABDEA1E9C3F577D13D6,17858,.png,art_source,registered_exact_duplicate_alias,art/draw baseline deduplicated by SHA-256
sources/draw/30_game_ready/characters/mao/frames/11_right_walk_2.png,BDD834DB4C9423E7522A82D2D3EE0E2F4EAAD58B54BB6F4A39AC58E7C519714D,17797,.png,art_source,registered_exact_duplicate_alias,art/draw baseline deduplicated by SHA-256
sources/draw/30_game_ready/characters/mao/manifest.json,494CAC8113348E76D1476764A4E03ACD70EA1F45A6221BD3D24AB95913632323,3630,.json,art_source,registered_exact_duplicate_alias,art/draw baseline deduplicated by SHA-256
sources/draw/30_game_ready/characters/mao/mao_sheet.png,F9DDF13447DA0A7723B23D25776E7933D4C52D64EBE859ED0022EDA5EEB2893B,209160,.png,art_source,registered_exact_duplicate_alias,art/draw baseline deduplicated by SHA-256
sources/draw/30_game_ready/characters/tuzi/debug_detected_boxes.png,F1A870760D40719744C4081953C7EEC5E62C0EE012753027736CEB95C2422CEE,1786605,.png,art_source,registered_exact_duplicate_alias,art/draw baseline deduplicated by SHA-256
sources/draw/30_game_ready/characters/tuzi/frames/00_front_idle.png,989C2586AFC3FBD0846B67CC285651C0F09C6C141F1B6F2D75019C2A8C89E565,14893,.png,art_source,registered_exact_duplicate_alias,art/draw baseline deduplicated by SHA-256
sources/draw/30_game_ready/characters/tuzi/frames/01_back_idle.png,47B724F47932A1370FD3F961BC3710D4C4195864FE3A4805CD34B5978AB35F9B,13806,.png,art_source,registered_exact_duplicate_alias,art/draw baseline deduplicated by SHA-256
sources/draw/30_game_ready/characters/tuzi/frames/02_left_idle.png,87DC591C293C5C610F82B1E7ACB7DA53E45B79A0D1BA56E1E807EFF98DD4B46B,14427,.png,art_source,registered_exact_duplicate_alias,art/draw baseline deduplicated by SHA-256
sources/draw/30_game_ready/characters/tuzi/frames/03_right_idle.png,568BC36ABCBA7DD089184C42283E2C1A3A09FCB96D25A64631F48648A8FCE456,14673,.png,art_source,registered_exact_duplicate_alias,art/draw baseline deduplicated by SHA-256
sources/draw/30_game_ready/characters/tuzi/frames/04_front_walk_1.png,3152AE6376B3265C1F1DD56F11FA110802726DE770468195C6C7BCC3C64322DF,14896,.png,art_source,registered_exact_duplicate_alias,art/draw baseline deduplicated by SHA-256
sources/draw/30_game_ready/characters/tuzi/frames/05_back_walk_1.png,A2A1FC6F06FF272C692237019295CFA09D222D92B65C5C62E74EB3162553434C,13297,.png,art_source,registered_exact_duplicate_alias,art/draw baseline deduplicated by SHA-256
sources/draw/30_game_ready/characters/tuzi/frames/06_left_walk_1.png,DF19586C37BD705794FBA4E36C0E1F643735B6500EDBF15E9B25E33135196AEA,15114,.png,art_source,registered_exact_duplicate_alias,art/draw baseline deduplicated by SHA-256
sources/draw/30_game_ready/characters/tuzi/frames/07_right_walk_1.png,2731167C3DA031A924F2D1A2F99E4DFB2AF2D014F9214672678C4C6A353F50FB,15140,.png,art_source,registered_exact_duplicate_alias,art/draw baseline deduplicated by SHA-256
sources/draw/30_game_ready/characters/tuzi/frames/08_front_walk_2.png,17CFC58F79B41840BFE8CAA8742FC0AD80EF5CC8D6E8F9802C65693A23F23F13,14642,.png,art_source,registered_exact_duplicate_alias,art/draw baseline deduplicated by SHA-256
sources/draw/30_game_ready/characters/tuzi/frames/09_back_walk_2.png,2F832C4B4DE0DF4262F82B6F5FA594837FE417B1D8CB19411E610C1B233C22AD,13279,.png,art_source,registered_exact_duplicate_alias,art/draw baseline deduplicated by SHA-256
sources/draw/30_game_ready/characters/tuzi/frames/10_left_walk_2.png,CDF41E9D8C417F2920EFDEC45ED8850A2310364FD5A46BD68A5F52AABBEAF35F,15195,.png,art_source,registered_exact_duplicate_alias,art/draw baseline deduplicated by SHA-256
sources/draw/30_game_ready/characters/tuzi/frames/11_right_walk_2.png,7F9BF90DF8E3A5E8BE5C592B498A4FD942A0FC0AE80F1CCC32F10FCB132F3C6F,15486,.png,art_source,registered_exact_duplicate_alias,art/draw baseline deduplicated by SHA-256
sources/draw/30_game_ready/characters/tuzi/manifest.json,E52563386E84EC4333B440B8537082865D8C14EE7E28907195824A11DB073414,3629,.json,art_source,registered_exact_duplicate_alias,art/draw baseline deduplicated by SHA-256
sources/draw/30_game_ready/characters/tuzi/tuzi_sheet.png,7BE0712A8D32583A3B557E02DA9782A23352F88828C2A88FC963C5E5E1CE65BE,172492,.png,art_source,registered_exact_duplicate_alias,art/draw baseline deduplicated by SHA-256
sources/draw/30_game_ready/icons/32/00_wanjia_dingwei.png,D6F3E53DE86328F2EBFA4AC87A6246E9E3C5D3482A4F3413DFA0D7B95F3F316E,2212,.png,art_source,imported_canonical_content_object,art/draw baseline deduplicated by SHA-256
sources/draw/30_game_ready/icons/32/01_weizhi_ge.png,E2CE0A350F709F62B1FAC7D5E57713CDB00DB11FC7352EA332F2BD7B57F7B7A6,2370,.png,art_source,imported_canonical_content_object,art/draw baseline deduplicated by SHA-256
sources/draw/30_game_ready/icons/32/02_yitan_ge.png,DF82FB3405F589BD4CA3B6A9538AAB4272DCEB53A3F0477A334B2A43C0863F26,2286,.png,art_source,imported_canonical_content_object,art/draw baseline deduplicated by SHA-256
sources/draw/30_game_ready/icons/32/03_saomiao_ge.png,EF4D1A329BF06142B222079832DBABD2B89D90420EC2BACEECA40B910B2BD6A0,2696,.png,art_source,imported_canonical_content_object,art/draw baseline deduplicated by SHA-256
sources/draw/30_game_ready/icons/32/04_biaoji_qi.png,1F83524C5A175D2C392868C1E81A5AAAE9B0D56D723AFA3834C4AB121948CAD9,1706,.png,art_source,imported_canonical_content_object,art/draw baseline deduplicated by SHA-256
sources/draw/30_game_ready/icons/32/05_dici_xianjing_icon.png,43F4EE7EDFF2AE34276C0780BB3D2AD8CB0CC83855F50F9B164D28C4F4AE5D2C,2735,.png,art_source,imported_canonical_content_object,art/draw baseline deduplicated by SHA-256
sources/draw/30_game_ready/icons/32/06_guaiwu_icon.png,C2B76F738E393E6F6257F5D379F1093F42D950562A433E42BDAB1B3903C54124,2165,.png,art_source,imported_canonical_content_object,art/draw baseline deduplicated by SHA-256
sources/draw/30_game_ready/icons/32/07_baoxiang_icon.png,4712A6FD12AE868698080FE6AFB8B76482906BA25ADAECD254B7F873397ACB1E,2685,.png,art_source,imported_canonical_content_object,art/draw baseline deduplicated by SHA-256
sources/draw/30_game_ready/icons/32/08_cheli_icon.png,BBAF93023A0F54E8AB45F901E358972D6324A00A492E02CDF67E1D50499193E6,2254,.png,art_source,imported_canonical_content_object,art/draw baseline deduplicated by SHA-256
sources/draw/30_game_ready/icons/32/09_chukou_icon.png,708E5BCEC3B3480BCF6C2DF1DBF553888DBE949FBCAF3FC3DAD880D92A3A8F65,2558,.png,art_source,imported_canonical_content_object,art/draw baseline deduplicated by SHA-256
sources/draw/30_game_ready/icons/32/10_yiqingli_icon.png,FC48AAC0603CE9BD4822EDBCB9D795F5CC3D32F96AE25C8D1444EF5E6F47873A,2760,.png,art_source,imported_canonical_content_object,art/draw baseline deduplicated by SHA-256
sources/draw/30_game_ready/icons/32/11_shuzi_1.png,280E5380697FC3E9229D7A955EE8C2CC8F973704E038408084BEC89987592E66,2529,.png,art_source,imported_canonical_content_object,art/draw baseline deduplicated by SHA-256
sources/draw/30_game_ready/icons/32/12_shuzi_2.png,091C0BCF95FE13626798843102E882E9E819EE35596D6DD8FBDA6733556CAA35,2772,.png,art_source,imported_canonical_content_object,art/draw baseline deduplicated by SHA-256
sources/draw/30_game_ready/icons/32/13_shuzi_3.png,DF78986EE6C284B7863F858573D7BF5CD2CC2C277F15FFDC9EAB0329E627F28D,2705,.png,art_source,imported_canonical_content_object,art/draw baseline deduplicated by SHA-256
sources/draw/30_game_ready/icons/64/00_wanjia_dingwei.png,8C9E5FEF07B3727023AB6B382DA488AF2E5B8F43C565B22D5CE425C70575F836,6747,.png,art_source,imported_canonical_content_object,art/draw baseline deduplicated by SHA-256
sources/draw/30_game_ready/icons/64/01_weizhi_ge.png,80CD787F8E0E0B306712A7B58C83100481C710B380D5EC38D2BB14517661566A,7703,.png,art_source,imported_canonical_content_object,art/draw baseline deduplicated by SHA-256
sources/draw/30_game_ready/icons/64/02_yitan_ge.png,3869461FBEF3CDEB66F16FA874610306C0E9E0C836E523022B33E526A743DD6B,7731,.png,art_source,imported_canonical_content_object,art/draw baseline deduplicated by SHA-256
sources/draw/30_game_ready/icons/64/03_saomiao_ge.png,53ED5AFB260BA5ED3603F27C7D697CB71D44C79B68FF105BBEBED70D9752CB32,8795,.png,art_source,imported_canonical_content_object,art/draw baseline deduplicated by SHA-256
sources/draw/30_game_ready/icons/64/04_biaoji_qi.png,434E22AF6B165F6ED2BDC19F1BF4F24535365F200E9A92DC58EE7D126E4E06ED,5119,.png,art_source,imported_canonical_content_object,art/draw baseline deduplicated by SHA-256
sources/draw/30_game_ready/icons/64/05_dici_xianjing_icon.png,F76605DFA2FA2B691DE2255FD9849C47C7198C4172A974C42A7DD6BD9A638A8F,8602,.png,art_source,imported_canonical_content_object,art/draw baseline deduplicated by SHA-256
sources/draw/30_game_ready/icons/64/06_guaiwu_icon.png,D135BCF9ACFFE2F8529535652DEA4A05494A4668BCB11588B5256B32F6DAF970,6393,.png,art_source,imported_canonical_content_object,art/draw baseline deduplicated by SHA-256
sources/draw/30_game_ready/icons/64/07_baoxiang_icon.png,57D63A7C4CB7CAB747DC7C18F99AFC8EBD5D2C885712EAD7774553ECEB16EAF5,8673,.png,art_source,imported_canonical_content_object,art/draw baseline deduplicated by SHA-256
sources/draw/30_game_ready/icons/64/08_cheli_icon.png,26A75D2BC13962CC2BDAF08E713F5AAC08006E73DA17568E21C129FA37171B99,7092,.png,art_source,imported_canonical_content_object,art/draw baseline deduplicated by SHA-256
sources/draw/30_game_ready/icons/64/09_chukou_icon.png,19D5A2AEA1E8354E702B2A1741DA815389372414DDEFF99313FACA230310F7F9,7556,.png,art_source,imported_canonical_content_object,art/draw baseline deduplicated by SHA-256
sources/draw/30_game_ready/icons/64/10_yiqingli_icon.png,5B3AAA9E48CEEA557CE441C928703203B27335130449D9A067590EAF3408072E,8423,.png,art_source,imported_canonical_content_object,art/draw baseline deduplicated by SHA-256
sources/draw/30_game_ready/icons/64/11_shuzi_1.png,FC0B944AF560B51E1ADBD5A4A60EBF3524351844553D47253F1A67323A5E214C,7542,.png,art_source,imported_canonical_content_object,art/draw baseline deduplicated by SHA-256
sources/draw/30_game_ready/icons/64/12_shuzi_2.png,15F51D53A98E31D41F6F8E9846BD73A72B1DDCC9993BEB82DBF2D666DE67827F,8317,.png,art_source,imported_canonical_content_object,art/draw baseline deduplicated by SHA-256
sources/draw/30_game_ready/icons/64/13_shuzi_3.png,DE262DA7657641CEA0D1E86975B9EA4FF394D0C86F8A62985F6E8E2DC92E10D7,8262,.png,art_source,imported_canonical_content_object,art/draw baseline deduplicated by SHA-256
sources/draw/30_game_ready/icons/debug_detected_boxes.png,D5F86428E1A599FAD5499CBAF4BD409DC4223919CA7EEF764B02E935B7B2D89F,1412251,.png,art_source,registered_exact_duplicate_alias,art/draw baseline deduplicated by SHA-256
sources/draw/30_game_ready/item_consumable/item_consumable_medkit.png,EC58BAE34F8CBD3612E8B9DC2326285126BA1CC34BD20246CF1BB78AC7AABB90,6194,.png,art_source,registered_exact_duplicate_alias,art/draw baseline deduplicated by SHA-256
sources/draw/30_game_ready/item_consumable/item_consumable_syringe.png,1D103D257DFA58ADF097BE31493DC94906836857DF6431B6D42065EA61FCDB45,4756,.png,art_source,registered_exact_duplicate_alias,art/draw baseline deduplicated by SHA-256
sources/draw/30_game_ready/item_equipment/item_equipment_flashlight.png,339826ACF7CEB1736B2A3D4B172022B0CD1ACE084AC49FEAA2DF65D5793C4A35,5290,.png,art_source,registered_exact_duplicate_alias,art/draw baseline deduplicated by SHA-256
sources/draw/30_game_ready/item_equipment/item_equipment_goggles.png,24462587E2902253A8383BE61EDFA1EC3118A0FE4F1610840FD165309B80A335,7090,.png,art_source,registered_exact_duplicate_alias,art/draw baseline deduplicated by SHA-256
sources/draw/30_game_ready/item_recovered/item_recovered_ore.png,78860D8DC692B4D2A4F6B1F985AF885F34B478B315B121C849EA5BDACD85D574,6170,.png,art_source,registered_exact_duplicate_alias,art/draw baseline deduplicated by SHA-256
sources/draw/30_game_ready/main_menu/main_menu_bg_no_text.png,AC521358BBEFB53300C41E9B562D0610C707948DE891650B34CD037D572E4313,2904266,.png,art_source,registered_exact_duplicate_alias,art/draw baseline deduplicated by SHA-256
sources/draw/30_game_ready/map_icon/map_icon_chest.png,98C44F105FDD348CA0042E5A3ED58B518F817B764A5ACCD98B81AA57AA29E391,39109,.png,art_source,registered_exact_duplicate_alias,art/draw baseline deduplicated by SHA-256
sources/draw/30_game_ready/map_icon/map_icon_event.png,3DB476901205887CC3025E52B91C9599404D60C2E19E140F5FC87F6AFFE2F80C,31685,.png,art_source,registered_exact_duplicate_alias,art/draw baseline deduplicated by SHA-256
sources/draw/30_game_ready/map_icon/map_icon_exit.png,17AAA6F9A694B27CB8962AAC8339C6558D1B7D1F455E1872567FA24283A0851B,36059,.png,art_source,registered_exact_duplicate_alias,art/draw baseline deduplicated by SHA-256
sources/draw/30_game_ready/map_icon/map_icon_marker_flag.png,EE5C05ED66F66173A241B5CFC470458AE0C983265CEE2E9C2445CDE83AD84A25,22994,.png,art_source,registered_exact_duplicate_alias,art/draw baseline deduplicated by SHA-256
sources/draw/30_game_ready/map_icon/map_icon_mine.png,E569A257B1F77436468466A15D66856BA01477B7A90EDA433942B4B536354BBC,42839,.png,art_source,registered_exact_duplicate_alias,art/draw baseline deduplicated by SHA-256
sources/draw/30_game_ready/map_icon/map_icon_monster.png,D3612A9B24102986B2E9A52E2F9929F9D854EEE95DC0F0D50DB9864093B4F165,35665,.png,art_source,registered_exact_duplicate_alias,art/draw baseline deduplicated by SHA-256
sources/draw/30_game_ready/map_tile_icon/map_tile_explored.png,00276660501B46B6C4C099D994F3D9A74904C76A33EF99E92209713DECDF22CA,53437,.png,art_source,registered_exact_duplicate_alias,art/draw baseline deduplicated by SHA-256
sources/draw/30_game_ready/map_tile_icon/map_tile_scanned.png,C77D134EB35289CED75E0F14FB997C7005A1ADF005DA75E6E141A68C39937F79,63402,.png,art_source,registered_exact_duplicate_alias,art/draw baseline deduplicated by SHA-256
sources/draw/30_game_ready/map_tile_icon/map_tile_unknown.png,B937168633B65D1B74F83CEDF9FC0F6EB859939D3A5AB4FD6762D5501A96EBED,53549,.png,art_source,registered_exact_duplicate_alias,art/draw baseline deduplicated by SHA-256
sources/draw/30_game_ready/props/00_baoxiang_kai.png,3A4D3445312B5611B7F9FA9066FBE7FB666C48A074579BE7D303003CC9C0180A,35737,.png,art_source,imported_canonical_content_object,art/draw baseline deduplicated by SHA-256
sources/draw/30_game_ready/props/01_cheli_zhuangzhi_an.png,FCE7959AE7A20F51707DC29AA16BD35448C26B1E11BE16A4B966E90B2E018F2A,31307,.png,art_source,imported_canonical_content_object,art/draw baseline deduplicated by SHA-256
sources/draw/30_game_ready/props/02_cheli_zhuangzhi_liang.png,50B4239F76BF654686972C1D6D238F8481B29F7EAA6E0A99E3EBF1E1949146B2,33705,.png,art_source,imported_canonical_content_object,art/draw baseline deduplicated by SHA-256
sources/draw/30_game_ready/props/03_baoxiang_guan.png,541F72BFA7337FF4B8B23819C5A0188CB59881DAC1FA78307A532DBE66A0DDEE,45111,.png,art_source,imported_canonical_content_object,art/draw baseline deduplicated by SHA-256
sources/draw/30_game_ready/props/04_shangren_tai.png,56C00AFD49CA374A53C9DC81A7E81883BD97CB0A995747C0108FD45D9B86C07F,77298,.png,art_source,imported_canonical_content_object,art/draw baseline deduplicated by SHA-256
sources/draw/30_game_ready/props/05_yichang_hexin.png,1AF589B83403E204126CA1F7402158ACC183FB47CEC733B5FE75285505092908,78771,.png,art_source,imported_canonical_content_object,art/draw baseline deduplicated by SHA-256
sources/draw/30_game_ready/props/06_dici_xianjing.png,F2866600D71DE3658A955CD45002893F48087ECC23D5F4B970419C270D6E6DA5,81169,.png,art_source,imported_canonical_content_object,art/draw baseline deduplicated by SHA-256
sources/draw/30_game_ready/props/07_lingjian_dui.png,609C73CDDC5300809CF78E8E341DF5F077916CC8983BC0847FBFC9006AB9B6A6,34861,.png,art_source,imported_canonical_content_object,art/draw baseline deduplicated by SHA-256
sources/draw/30_game_ready/props/08_saomiaoyi.png,CFA8A370608EFB8C9BCCB747F143D06C45ECF19BC67AFB5A76E2F303047F3810,40141,.png,art_source,imported_canonical_content_object,art/draw baseline deduplicated by SHA-256
sources/draw/30_game_ready/props/09_jinbi_dui.png,57645A3955E0C3478C7135ADBE1D69209A0FF854F2C213B9B91485D1C2782E16,30911,.png,art_source,imported_canonical_content_object,art/draw baseline deduplicated by SHA-256
sources/draw/30_game_ready/props/10_yiliaobao.png,7CF0D291EAA59A94FCA3B321443B98D281FBDB33A1302C8B75E3AD0606F08D63,35972,.png,art_source,imported_canonical_content_object,art/draw baseline deduplicated by SHA-256
sources/draw/30_game_ready/props/11_wuzi_xiang.png,6D2CF9DC683B69DF9CB9F428A764CB47F966987DFF426C27F8E8AAD72886BDDC,41258,.png,art_source,imported_canonical_content_object,art/draw baseline deduplicated by SHA-256
sources/draw/30_game_ready/props/debug_detected_boxes.png,0DD0655412EFCFCA03AE5C478B4756D9B98183A6236E9ACA06B7240184A4DE8D,1625778,.png,art_source,registered_exact_duplicate_alias,art/draw baseline deduplicated by SHA-256
sources/draw/30_game_ready/rooms/debug_detected_boxes.png,7C45FE805AB0A85BEC4E79864D3608DAFEA3155FD79FC153AA9421E01E9530AC,1929527,.png,art_source,registered_exact_duplicate_alias,art/draw baseline deduplicated by SHA-256
sources/draw/30_game_ready/rooms/fangjian_jichu_1024.png,947BE3F04DF92406F8CF48A3B3B19038E5E95B1ED5FB5041BAAE715B501E5419,1379718,.png,art_source,imported_canonical_content_object,art/draw baseline deduplicated by SHA-256
sources/draw/30_game_ready/ui/debug_detected_boxes.png,F5FE776519717B32A2EDBA4402887C715C5E9185AD7EEED6C62E1D90387BF94F,1749980,.png,art_source,registered_exact_duplicate_alias,art/draw baseline deduplicated by SHA-256
sources/draw/30_game_ready/ui/icons/jinbi_icon.png,E6ED6B95506EF88CB28E54E4256737D5BEC22396F1B47B9863029E145962D08E,8516,.png,art_source,imported_canonical_content_object,art/draw baseline deduplicated by SHA-256
sources/draw/30_game_ready/ui/icons/xuetiao_tianchong.png,2B1F1E10F40A7E125C8A056C9F03CA089CC7666587A6B803FA9354E9336AB3E8,8309,.png,art_source,imported_canonical_content_object,art/draw baseline deduplicated by SHA-256
sources/draw/30_game_ready/ui_button_blank/ui_button_blank_dark.png,99DCED078AC8D2DBE127689D8005715F2878185B14884355BCBC4F471FD06A1C,66360,.png,art_source,registered_exact_duplicate_alias,art/draw baseline deduplicated by SHA-256
sources/draw/30_game_ready/ui_deploy_button/ui_button_back_main.png,5426CBCF75284BDE97B98A0E1677C9E78F349DCC6C78224F8E6441343BD0A3E2,18875,.png,art_source,registered_exact_duplicate_alias,art/draw baseline deduplicated by SHA-256
sources/draw/30_game_ready/ui_deploy_button/ui_button_confirm_deploy_large.png,E245F3D25671EAB9C11A437933FB7C8A8D79F5F2129962273AEDBB6A3E2D7873,51391,.png,art_source,registered_exact_duplicate_alias,art/draw baseline deduplicated by SHA-256
sources/draw/30_game_ready/ui_deploy_button/ui_button_nav_loadout.png,55B1B40BBC90B97A1C8FD6F0DAB23476EBCDB0E741748844A8D63F1670E0B74B,15773,.png,art_source,registered_exact_duplicate_alias,art/draw baseline deduplicated by SHA-256
sources/draw/30_game_ready/ui_deploy_button/ui_button_nav_recovery.png,578B1A0498EB34C117F45D78DE7A47DBFA604D2705B953E46940F4317302F02A,20026,.png,art_source,registered_exact_duplicate_alias,art/draw baseline deduplicated by SHA-256
sources/draw/30_game_ready/ui_deploy_button/ui_button_nav_requisition.png,7C55CD1AE2789842C4D079A7B618E84A165AD72267612A3B8642037B3C1A4C8B,15841,.png,art_source,registered_exact_duplicate_alias,art/draw baseline deduplicated by SHA-256
sources/draw/30_game_ready/ui_deploy_button/ui_button_nav_talent_selected.png,E051CF0398847504F69B14E18C65430F81CD9FA50DF712352E85BA169D25BBA0,23470,.png,art_source,registered_exact_duplicate_alias,art/draw baseline deduplicated by SHA-256
sources/draw/30_game_ready/ui_deploy_button/ui_button_nav_warehouse.png,28EAA56504E1F7EA3136BE8AD7478357E03C4E6C28AEB27D67C011CCE416951E,16248,.png,art_source,registered_exact_duplicate_alias,art/draw baseline deduplicated by SHA-256
sources/draw/30_game_ready/ui_deploy_button/ui_key_or_arrow_small_button.png,8A70EF18582AA3D98BD6CA8E32D3790F2F169EA3F0EE43ACACC23F5A89471497,7558,.png,art_source,registered_exact_duplicate_alias,art/draw baseline deduplicated by SHA-256
sources/draw/30_game_ready/ui_deploy_icon/ui_icon_armor.png,29F71E2E65B31F0D3C1F0B6775482351C4837148E4D1773FAC4CB35127DC58F4,6300,.png,art_source,registered_exact_duplicate_alias,art/draw baseline deduplicated by SHA-256
sources/draw/30_game_ready/ui_deploy_icon/ui_icon_backpack.png,B247A2ABA7509D1797376B95136A2D7155D13CC8470EE7233ACF450EFA5A7413,6416,.png,art_source,registered_exact_duplicate_alias,art/draw baseline deduplicated by SHA-256
sources/draw/30_game_ready/ui_deploy_icon/ui_icon_bandage.png,8E5B26EB543E59A1B7D09BCDCC74803D1674BA4D3487C7FB10EE131FA5C18FE9,4341,.png,art_source,registered_exact_duplicate_alias,art/draw baseline deduplicated by SHA-256
sources/draw/30_game_ready/ui_deploy_icon/ui_icon_compass.png,016D4065BFBE7CA6406816F6BBA786C31F9D8CC2EACDD637A5257B822582E285,6890,.png,art_source,registered_exact_duplicate_alias,art/draw baseline deduplicated by SHA-256
sources/draw/30_game_ready/ui_deploy_panel/ui_frame_highlight.png,6A7B4D2BBC7A87236B11F52BEAA8568477428D86A288D987949EC11F1B5DD95D,19642,.png,art_source,registered_exact_duplicate_alias,art/draw baseline deduplicated by SHA-256
sources/draw/30_game_ready/ui_deploy_panel/ui_panel_deploy_main_blank.png,222F475C981FA20063686E3BA1C203A46E04B9B2DBE6C6CDD1C4B5827E9EF525,127236,.png,art_source,registered_exact_duplicate_alias,art/draw baseline deduplicated by SHA-256
sources/draw/30_game_ready/ui_deploy_panel/ui_panel_deploy_summary_blank.png,6893538A28D34001C2FFBF52DE811139936CAD2F24954A0588238A67DAEDFE75,18745,.png,art_source,registered_exact_duplicate_alias,art/draw baseline deduplicated by SHA-256
sources/draw/30_game_ready/ui_icon/ui_icon_account_gold.png,316453D913315C34C0DB493D0C62E461DFFD9D423C0B195C588426F838A3017D,9132,.png,art_source,registered_exact_duplicate_alias,art/draw baseline deduplicated by SHA-256
sources/draw/30_game_ready/ui_key_prompt/ui_key_e.png,819C31BC1070AC5C9832EEA32605584BC6D835ED952A40371AEC308F2379455A,3859,.png,art_source,registered_exact_duplicate_alias,art/draw baseline deduplicated by SHA-256
sources/draw/30_game_ready/ui_key_prompt/ui_key_esc.png,9A9A580FE1A1FB7268A905FA1E04B12576048D1D963CBB02F097E41B821E4EAB,4957,.png,art_source,registered_exact_duplicate_alias,art/draw baseline deduplicated by SHA-256
sources/draw/30_game_ready/ui_key_prompt/ui_key_f.png,EC188529DC43CB042E9EAFF489FBDFDD4B300B046B066FC666D2C4878DF98D87,3879,.png,art_source,registered_exact_duplicate_alias,art/draw baseline deduplicated by SHA-256
sources/draw/30_game_ready/ui_key_prompt/ui_key_m.png,18E737B8021ED01216132B95494A0CB7D83D71D006CC3C87AA83B103140F1FCD,4223,.png,art_source,registered_exact_duplicate_alias,art/draw baseline deduplicated by SHA-256
sources/draw/30_game_ready/ui_key_prompt/ui_key_q.png,099706289B700AEBAF7B6B679E26B2D7D8414FD624B2C7673378629582A79682,4536,.png,art_source,registered_exact_duplicate_alias,art/draw baseline deduplicated by SHA-256
sources/draw/30_game_ready/ui_key_prompt/ui_key_t.png,49AC601D40A4E14B5F76E5906F573C444C0A6D36EACA013B60B1B74C81DD3D47,3688,.png,art_source,registered_exact_duplicate_alias,art/draw baseline deduplicated by SHA-256
sources/draw/30_game_ready/ui_panel/ui_panel_terminal_main.png,4BB57AC94C797BE82FD9B03B1EB708D87E3FE6CD014AF898A059486DCA6EACBC,456147,.png,art_source,registered_exact_duplicate_alias,art/draw baseline deduplicated by SHA-256
sources/draw/30_game_ready/ui_scrollbar/ui_scrollbar_vertical.png,6F4CEBABB51384A31E306D57475A6AD1EE2E5F02179844C55B66C4798A9A7906,16688,.png,art_source,registered_exact_duplicate_alias,art/draw baseline deduplicated by SHA-256
sources/draw/30_game_ready/ui_summary_bar/ui_bar_blank_dark.png,DDE95EBD216C273230DE0E2776F445AE97D38B4C370FC2C4765AC24CFC468558,28665,.png,art_source,registered_exact_duplicate_alias,art/draw baseline deduplicated by SHA-256
sources/draw/30_game_ready/ui_title_plate/ui_title_extract_confirm.png,2565A06EE73395F5A5793E7BC3E1B60D67BA6C05952AE81343AB4914F332F6C7,47208,.png,art_source,registered_exact_duplicate_alias,art/draw baseline deduplicated by SHA-256
sources/draw/30_game_ready/ui_title_plate/ui_title_extraction_success.png,1ABBA3B9687D6B5EE553CD201FF6D24C2868A8463AC9AACACBE3DD13815A3951,44510,.png,art_source,registered_exact_duplicate_alias,art/draw baseline deduplicated by SHA-256
sources/draw/30_game_ready/ui_title_plate/ui_title_signal_lost.png,05346CDB918B7956130B95532F5B98EC86E9A4FEE792E36176AC5BCC50F67643,43518,.png,art_source,registered_exact_duplicate_alias,art/draw baseline deduplicated by SHA-256
sources/draw/4.png,D3F23FF510B88E6997417C99E9954DA61470F6E2731CEED3CE4AAA97DA17F955,1905154,.png,art_source,imported_canonical_content_object,art/draw baseline deduplicated by SHA-256
sources/draw/5.png,E9207D9B09FAE2AD5538AE9D20DBB22477486E2FF0DA49E3BE1FC8BCE6E35DEC,1974654,.png,art_source,imported_canonical_content_object,art/draw baseline deduplicated by SHA-256
sources/draw/6.png,424EDF0A3FCCE4A008B7BAED9473710E641B9DE529BF7D8B93B64A7694306CBA,1370592,.png,art_source,imported_canonical_content_object,art/draw baseline deduplicated by SHA-256
sources/draw/_manifest/asset_index.json,ECC4E7E602CA908F2DDC192F1D4BC005905FE93F8C7BA02C5ACDF6D833C68E65,47124,.json,art_source,imported_canonical_content_object,art/draw baseline deduplicated by SHA-256
sources/draw/_manifest/asset_inventory.md,177F513EC429454F1DCCBE46F384ECA32C9784B59DBF28D905C74E90FF152054,2667,.md,art_source,imported_canonical_content_object,art/draw baseline deduplicated by SHA-256
sources/draw/_manifest/asset_manifest.json,394D43C7126742C301BF813758CFAABF9679D0C7933D30E7EC597D9BE9D33C40,356228,.json,art_source,imported_canonical_content_object,art/draw baseline deduplicated by SHA-256
sources/draw/_manifest/asset_report.md,97FC6545678C0D2922C6025F842D67319E0EE1F78A31F2B8E7E8614BEE3AFC0D,2333,.md,art_source,imported_canonical_content_object,art/draw baseline deduplicated by SHA-256
sources/draw/_manifest/deploy_ui_assets_review.md,BA99AC8989849848D5EA86969EC9B620A660BC68F91CBD767F185F00FF644700,3177,.md,art_source,imported_canonical_content_object,art/draw baseline deduplicated by SHA-256
sources/draw/_manifest/duplicates.md,F7B3A749643B7C0F593655ECFFBD98BD1CBCB74F7CE453143DC129F567267DB0,28184,.md,art_source,imported_canonical_content_object,art/draw baseline deduplicated by SHA-256
sources/draw/_manifest/missing_assets.md,8FE20A0106F28537B202EFA7376DAD270F925C2F9C00B6617FF4562870F1BCA9,4453,.md,art_source,imported_canonical_content_object,art/draw baseline deduplicated by SHA-256
sources/draw/_manifest/pre_ui_integration_review.md,B707FA301B10A72A5AAB4A5196B845F141008B6F7ADB0CE47D76DC0434CA9078,12164,.md,art_source,imported_canonical_content_object,art/draw baseline deduplicated by SHA-256
sources/draw/_manifest/processing_notes.md,EE7C01036F3DB44EDC6D6B2E1761A96BDE5111822596CE4A404F2E89294D6FF1,615,.md,art_source,imported_canonical_content_object,art/draw baseline deduplicated by SHA-256
sources/draw/_manifest/selected_assets.md,B663E2172F9B164845A07CAF3BFE01AF682EB03D728EC186FE2FFAF2B629683E,21662,.md,art_source,imported_canonical_content_object,art/draw baseline deduplicated by SHA-256
sources/draw/_manifest/ui_asset_registry.json,FFC987DD4AB36060CF047249F6C1EF93609779D79AB30C3247AEE27A58B5D189,74415,.json,art_source,imported_canonical_content_object,art/draw baseline deduplicated by SHA-256
sources/draw/Art.zip,30C885C63A1E4D087115524977B9DFC6D1BF9234D1FB3599543D639129693348,40568750,.zip,nested_duplicate_archive,excluded_nested_archive,nested Art.zip duplicates members already represented outside the archive
sources/draw/asset_preview.html,7CD45816955946D42020B2C9F392DDD83AE1CEDBB65D0612B0699D3BF6DB0860,9138,.html,art_source,imported_canonical_content_object,art/draw baseline deduplicated by SHA-256
sources/draw/Fangjian.png,ABC0DFA57A2430D3DC6880663A8DFC5875627986ADF5247B98271F96F640C8E6,1719106,.png,art_source,imported_canonical_content_object,art/draw baseline deduplicated by SHA-256
sources/draw/Huanxiong.png,8EBD8B6D4E93CC9E84437E193902A1143F1D0DCF1F0D5CC3B019354300AFFF76,1461837,.png,art_source,imported_canonical_content_object,art/draw baseline deduplicated by SHA-256
sources/draw/Huanxionggai.png,CAC75BF317CE574CF66DA3C7F79DD4D90944B38A1EE5BDAAD7FC5392E63314BF,1608385,.png,art_source,imported_canonical_content_object,art/draw baseline deduplicated by SHA-256
sources/draw/Huli.png,E5F64DF977224B816346E1C476F6C49F5A208DAD031272D7460E6A490D4E8D61,1443623,.png,art_source,imported_canonical_content_object,art/draw baseline deduplicated by SHA-256
sources/draw/HUligai.png,DDE8A652FD1FDB22F6AFE3468EE9C5DE530074D228A734B8AEF5803AA7C9B6C5,1566387,.png,art_source,imported_canonical_content_object,art/draw baseline deduplicated by SHA-256
sources/draw/Main.png,AC521358BBEFB53300C41E9B562D0610C707948DE891650B34CD037D572E4313,2904266,.png,art_source,imported_canonical_content_object,art/draw baseline deduplicated by SHA-256
sources/draw/Mao.png,DD4FD3CCE358E8FA797E496D40E127057B22C3C193DA18197D6587737CFDB949,1420331,.png,art_source,imported_canonical_content_object,art/draw baseline deduplicated by SHA-256
sources/draw/Maogai.png,85786C63537E6353B31BB67F043CD4875D7A83C1675CDDE3562ED04E6F01DDA0,1672180,.png,art_source,imported_canonical_content_object,art/draw baseline deduplicated by SHA-256
sources/draw/Next.png,8467A8F7CE404283EC277829052C2EC8C238871838A8DACB1BA51BE3ADEBAC26,2302738,.png,art_source,imported_canonical_content_object,art/draw baseline deduplicated by SHA-256
sources/draw/processed/Huanxionggai/00_front_idle.png,8A0DAB0B5AD1D14DEE1E76F7B3E1495658946C6947E640717D8681412E9D9AA0,24377,.png,art_source,imported_canonical_content_object,art/draw baseline deduplicated by SHA-256
sources/draw/processed/Huanxionggai/01_back_idle.png,8246531B7C39A622B0F5B24AC62CBC51BAFBF3842E26073F1FDEB1E04E0518F8,20828,.png,art_source,imported_canonical_content_object,art/draw baseline deduplicated by SHA-256
sources/draw/processed/Huanxionggai/02_left_idle.png,C71E7D5CB3495E2BCDE292509F1A47060C786A58C0F3AF15EE98665545FA32CA,22944,.png,art_source,imported_canonical_content_object,art/draw baseline deduplicated by SHA-256
sources/draw/processed/Huanxionggai/03_right_idle.png,23C2277CB4E1F0A6D2987D77CA2C0D5552BF285532F86D371625F9AE5F827384,22779,.png,art_source,imported_canonical_content_object,art/draw baseline deduplicated by SHA-256
sources/draw/processed/Huanxionggai/04_front_walk_1.png,B90A0ECABEBFA538AC315CE43A33BE88BF418A37850ADDC2BBB2FCAAA62CEFBC,23147,.png,art_source,imported_canonical_content_object,art/draw baseline deduplicated by SHA-256
sources/draw/processed/Huanxionggai/05_back_walk_1.png,2DB93755DE894BA51A4E5AC4FD44C6CB8C4C5599133BB8351AD3FC1C559F889A,19549,.png,art_source,imported_canonical_content_object,art/draw baseline deduplicated by SHA-256
sources/draw/processed/Huanxionggai/06_left_walk_1.png,C8F3DF41AEE9EF6AC63BB8DD126A582227FA465FAF0E6618008A1A4FF88C1E87,23192,.png,art_source,imported_canonical_content_object,art/draw baseline deduplicated by SHA-256
sources/draw/processed/Huanxionggai/07_right_walk_1.png,A9C3FEF96B11928246A6E68BB4A1B94360B24E88D71CBD2DB3275DE5D6930933,23273,.png,art_source,imported_canonical_content_object,art/draw baseline deduplicated by SHA-256
sources/draw/processed/Huanxionggai/08_front_walk_2.png,9853EF0D60A66E19E68CDF35C72C4E508264D198F09536E010B86F18CD4651A8,23771,.png,art_source,imported_canonical_content_object,art/draw baseline deduplicated by SHA-256
sources/draw/processed/Huanxionggai/09_back_walk_2.png,1E051FC7D42A1CB6B8C52EAFF11F50E2E6C67AF0D9A2CEE2E99A971078DFE242,19638,.png,art_source,imported_canonical_content_object,art/draw baseline deduplicated by SHA-256
sources/draw/processed/Huanxionggai/10_left_walk_2.png,D490D087E242C9BDA9EBC4A8997AF619F1845024B4C33A62718077697B8C9A35,22848,.png,art_source,imported_canonical_content_object,art/draw baseline deduplicated by SHA-256
sources/draw/processed/Huanxionggai/11_right_walk_2.png,625FE1681A3DDC6FEE1EC0F30533E67EEAFA150192C6B6D5C9FB5B8F08FB8625,23166,.png,art_source,imported_canonical_content_object,art/draw baseline deduplicated by SHA-256
sources/draw/processed/Huanxionggai/debug_detected_boxes.png,29EC7E5A934D55497A576D8866BDE7BD9D7020833E4B9F53D1B795E19A31C081,1824054,.png,art_source,imported_canonical_content_object,art/draw baseline deduplicated by SHA-256
sources/draw/processed/Huanxionggai/Huanxionggai_sheet.png,B5CB86CC49CF44E121CAB6C711DC4FBEE9DA7A369546068FD3F58547A7D16095,225115,.png,art_source,imported_canonical_content_object,art/draw baseline deduplicated by SHA-256
sources/draw/processed/Huanxionggai/manifest.json,6EB578D9B80AC7A026DF98E249F9C796586A8B9A43D0853319D20F43654C87A7,3190,.json,art_source,imported_canonical_content_object,art/draw baseline deduplicated by SHA-256
sources/draw/processed/Huanxionggai/sheet.png,16A443BCFA0757F1526DC96F3F32DEB0722A934A95301DB82BF739C88BBEACDC,266752,.png,art_source,imported_canonical_content_object,art/draw baseline deduplicated by SHA-256
sources/draw/processed/HUligai/00_front_idle.png,918636E6DC876BA458C1DF164C03442601494E52D1877DEA277AD485F080F079,20900,.png,art_source,imported_canonical_content_object,art/draw baseline deduplicated by SHA-256
sources/draw/processed/HUligai/01_back_idle.png,F05595BF5093A5464C5B0A01C7141356F8B5DDF5A57350D32A939DB0B8ABF62F,18567,.png,art_source,imported_canonical_content_object,art/draw baseline deduplicated by SHA-256
sources/draw/processed/HUligai/02_left_idle.png,B1E1FA9B393CADEAB590A66FF7BBE400FDB91B2E6A6D0C91A0D2D4017295FCFD,18740,.png,art_source,imported_canonical_content_object,art/draw baseline deduplicated by SHA-256
sources/draw/processed/HUligai/03_right_idle.png,FB7128B561AB2ABF38297E346C42B3BB009BC941670C1E656C1D9897CFF04065,18910,.png,art_source,imported_canonical_content_object,art/draw baseline deduplicated by SHA-256
sources/draw/processed/HUligai/04_front_walk_1.png,B7578D7278962DBC0EBE9E33690651D2C040374029F2A302BD2C231E2AF4435D,21219,.png,art_source,imported_canonical_content_object,art/draw baseline deduplicated by SHA-256
sources/draw/processed/HUligai/05_back_walk_1.png,3B41F16C4BB497B5D90CDC63D5D806ED7DA06B16F17DD09CD0A4EFF9F9728B75,17901,.png,art_source,imported_canonical_content_object,art/draw baseline deduplicated by SHA-256
sources/draw/processed/HUligai/06_left_walk_1.png,804C134A3019683D58C1DDEC8FD2A8F1DCD1A64446239DEFF5D84E2DBC0796E5,19284,.png,art_source,imported_canonical_content_object,art/draw baseline deduplicated by SHA-256
sources/draw/processed/HUligai/07_right_walk_1.png,DDA7A15566063AD5B81EBB7C843C1047B9F4504BFB2DE2EDF72157D8F9831574,19393,.png,art_source,imported_canonical_content_object,art/draw baseline deduplicated by SHA-256
sources/draw/processed/HUligai/08_front_walk_2.png,6E1DE938A60B0D0F10797275EAB49AC88B969AE7A3006073542FB3BFDAF3BF4C,20995,.png,art_source,imported_canonical_content_object,art/draw baseline deduplicated by SHA-256
sources/draw/processed/HUligai/09_back_walk_2.png,E21FAC9069BF40E58875FED05B609E47E9229B24A472E7073814F4D596D91F65,18349,.png,art_source,imported_canonical_content_object,art/draw baseline deduplicated by SHA-256
sources/draw/processed/HUligai/10_left_walk_2.png,AF7E91221BE879AE96EDE60D261C52678C9086038A6B175AA1D563100049DDB9,19428,.png,art_source,imported_canonical_content_object,art/draw baseline deduplicated by SHA-256
sources/draw/processed/HUligai/11_right_walk_2.png,348E3693A8200A65B8359376CAB04F03D68CB4384B1449088AD8370C82D9117C,19456,.png,art_source,imported_canonical_content_object,art/draw baseline deduplicated by SHA-256
sources/draw/processed/HUligai/debug_detected_boxes.png,D4247F1F0B2ACB1EA2DAA63D57A51FA62BF30F0FB0C782088AF385DA4CED6878,1791774,.png,art_source,imported_canonical_content_object,art/draw baseline deduplicated by SHA-256
sources/draw/processed/HUligai/HUligai_sheet.png,E6F83C45F72CB9168A9801A1039EB07ACE53583070461809B4371F6E0B383F53,200795,.png,art_source,imported_canonical_content_object,art/draw baseline deduplicated by SHA-256
sources/draw/processed/HUligai/manifest.json,B11B055695E8C7A84BFE3D10928CABAF1333CD876C1474760FCEF1CE1AD229F4,3187,.json,art_source,imported_canonical_content_object,art/draw baseline deduplicated by SHA-256
sources/draw/processed/HUligai/sheet.png,B839EE24FA3E2675BB32F333B21F2654B7E661ADB5C1A86AFE9ABFE906320C9D,230508,.png,art_source,imported_canonical_content_object,art/draw baseline deduplicated by SHA-256
sources/draw/processed/Maogai/00_front_idle.png,6A47C2802F57F0FAC11898E669627BD34E23711874927368C023335CCC24500C,22910,.png,art_source,imported_canonical_content_object,art/draw baseline deduplicated by SHA-256
sources/draw/processed/Maogai/01_back_idle.png,8E7FEB40DF5FE4747172C5EC481D423A34C73C911985C1B77A22C6A256FC208B,20003,.png,art_source,imported_canonical_content_object,art/draw baseline deduplicated by SHA-256
sources/draw/processed/Maogai/02_left_idle.png,90AE08A2B07CAE3E2E59FF53CE3D4B6786F3CAE7BED3CCA4B343FFAF6C24F33B,20766,.png,art_source,imported_canonical_content_object,art/draw baseline deduplicated by SHA-256
sources/draw/processed/Maogai/03_right_idle.png,86B940AC448C201A528B3F74A67E80221B6768847C23EA82ACA6208F44685989,20877,.png,art_source,imported_canonical_content_object,art/draw baseline deduplicated by SHA-256
sources/draw/processed/Maogai/04_front_walk_1.png,0F6EACAE845F57B2C3BD94EB33FBDB6798E9529448B1314D8454388DC8C52629,21577,.png,art_source,imported_canonical_content_object,art/draw baseline deduplicated by SHA-256
sources/draw/processed/Maogai/05_back_walk_1.png,461C9B924EFA5167909B185C8E816D275C4100F95BF8C025431D54B74F08BC92,19270,.png,art_source,imported_canonical_content_object,art/draw baseline deduplicated by SHA-256
sources/draw/processed/Maogai/06_left_walk_1.png,3A9112636A55ABB4135555F1A29D0F1630697156073205537F18DC6F736DE50F,20775,.png,art_source,imported_canonical_content_object,art/draw baseline deduplicated by SHA-256
sources/draw/processed/Maogai/07_right_walk_1.png,90FD28C7B81D57332884104C5E3708CD75056095B9F14F9DEB06553DA247EE45,20939,.png,art_source,imported_canonical_content_object,art/draw baseline deduplicated by SHA-256
sources/draw/processed/Maogai/08_front_walk_2.png,F689610D4158B43EEB0EB429BD31FB07A6149B90922793B9E962B015F779BBD1,22318,.png,art_source,imported_canonical_content_object,art/draw baseline deduplicated by SHA-256
sources/draw/processed/Maogai/09_back_walk_2.png,8CEBEAA988EBF86778ABF14F0C0BC6FEDC98E6924395232BCF051324EADA841B,19141,.png,art_source,imported_canonical_content_object,art/draw baseline deduplicated by SHA-256
sources/draw/processed/Maogai/10_left_walk_2.png,DA6EAEDA4A52DDC1089631BFF4968D23EB5D6D98807B9149346DE41F55F754B8,21134,.png,art_source,imported_canonical_content_object,art/draw baseline deduplicated by SHA-256
sources/draw/processed/Maogai/11_right_walk_2.png,63A3BEB859FDDC874470B705F3A219F186CED5F160BD662D97CA2065B6AF234D,21391,.png,art_source,imported_canonical_content_object,art/draw baseline deduplicated by SHA-256
sources/draw/processed/Maogai/debug_detected_boxes.png,33C94D0A0891A6825A3BFA513690F5D270173021EE583382B1F2C36563DD9A06,1894477,.png,art_source,imported_canonical_content_object,art/draw baseline deduplicated by SHA-256
sources/draw/processed/Maogai/manifest.json,86712C7855056C532BD4E6B703049841DD77F4D724F31422D792984678C703F6,3186,.json,art_source,imported_canonical_content_object,art/draw baseline deduplicated by SHA-256
sources/draw/processed/Maogai/Maogai_sheet.png,A3B6EBF1BA48FE156403BB4A322F7E12B14F1BBB4C297359BB9226AD54EA70D4,271341,.png,art_source,imported_canonical_content_object,art/draw baseline deduplicated by SHA-256
sources/draw/processed/Maogai/sheet.png,984489DBD0F9F0F97D656759FA6B21C0DA1C204550C43E479EB86A73FD1BE7ED,248192,.png,art_source,imported_canonical_content_object,art/draw baseline deduplicated by SHA-256
sources/draw/processed/Tuzigai/00_front_idle.png,A4B08B74DAC24C587C837383AE647FDC4CA91A9A69144899C3F513472DF33DB2,17485,.png,art_source,imported_canonical_content_object,art/draw baseline deduplicated by SHA-256
sources/draw/processed/Tuzigai/01_back_idle.png,08F985ED5B7921A6CB2F0DEDD002217EB403DE50FF0531C475F5803B7CAA47FC,15821,.png,art_source,imported_canonical_content_object,art/draw baseline deduplicated by SHA-256
sources/draw/processed/Tuzigai/02_left_idle.png,7F6F605FDF9DE951083CD7E58D4BB1124D248CCC89BE231C4A3BF9FD4121E0AD,16952,.png,art_source,imported_canonical_content_object,art/draw baseline deduplicated by SHA-256
sources/draw/processed/Tuzigai/03_right_idle.png,A845F4DFDEECCD23282C338B5297A10114E7E2614BF6E7629CFD17EC2EF36CEA,17310,.png,art_source,imported_canonical_content_object,art/draw baseline deduplicated by SHA-256
sources/draw/processed/Tuzigai/04_front_walk_1.png,1E1E1BC5AAB790EB9E7488190FB15EFDA906EDDD227F64BB75C47F6EF8CCC24D,17528,.png,art_source,imported_canonical_content_object,art/draw baseline deduplicated by SHA-256
sources/draw/processed/Tuzigai/05_back_walk_1.png,AD4C6A68089D326F15089848CC7931C3C56B64FC8449390363658DE1F47779E3,15654,.png,art_source,imported_canonical_content_object,art/draw baseline deduplicated by SHA-256
sources/draw/processed/Tuzigai/06_left_walk_1.png,F925DF97FC95B4CF3FE815AD146B8FB1C2028CE03D85EFF2C9BAD11B9F0DF564,17700,.png,art_source,imported_canonical_content_object,art/draw baseline deduplicated by SHA-256
sources/draw/processed/Tuzigai/07_right_walk_1.png,E44BCE7BDE54D84DB0587E471DD37EFD3ACAA687EA0F466DCFD9B31ACC6E177A,17788,.png,art_source,imported_canonical_content_object,art/draw baseline deduplicated by SHA-256
sources/draw/processed/Tuzigai/08_front_walk_2.png,E8A7FAD394DFC19FCBC7F8FDDFF0C30EAF26D70C7AF44B0F89E1869263EA4BE8,17226,.png,art_source,imported_canonical_content_object,art/draw baseline deduplicated by SHA-256
sources/draw/processed/Tuzigai/09_back_walk_2.png,737378AA9CD230B5D04CD6C0AD8597FB923FD7B3AB34EA5FAC0CFE170E3B7417,15431,.png,art_source,imported_canonical_content_object,art/draw baseline deduplicated by SHA-256
sources/draw/processed/Tuzigai/10_left_walk_2.png,FE22D64CD9855106E93BA3C5AD5CD0B74A8F647C24E6F8C7CCE2809AB9A27162,17853,.png,art_source,imported_canonical_content_object,art/draw baseline deduplicated by SHA-256
sources/draw/processed/Tuzigai/11_right_walk_2.png,581D15BFE3313164CBA9C3F20F55BA23614CCCFB6723DEEF0F45E029CB845276,18209,.png,art_source,imported_canonical_content_object,art/draw baseline deduplicated by SHA-256
sources/draw/processed/Tuzigai/debug_detected_boxes.png,6B9F864FF5F64E87652E6BB105BD91750CA8498C0902E5A08245FAEFD1656D6B,1787147,.png,art_source,imported_canonical_content_object,art/draw baseline deduplicated by SHA-256
sources/draw/processed/Tuzigai/manifest.json,6D4474B2D890A4AA12BF8F34961BB86355E36B33AE9A564489CA55876555BF05,3184,.json,art_source,imported_canonical_content_object,art/draw baseline deduplicated by SHA-256
sources/draw/processed/Tuzigai/sheet.png,F3AAC657E2DC6C0B80DD2E368B22B17989202617FD9035BE125161F2A17F5653,202501,.png,art_source,imported_canonical_content_object,art/draw baseline deduplicated by SHA-256
sources/draw/processed/Tuzigai/Tuzigai_sheet.png,0C2740A27C6329DDB673C6F87AA62546093E4A41FF275236A503C4E7C18587C0,219828,.png,art_source,imported_canonical_content_object,art/draw baseline deduplicated by SHA-256
sources/draw/Tuzi.png,0F6E2C29A5F8BE67E72ACF1D8381A57104499D015E2DC171A477B00DA16ADAFB,1384327,.png,art_source,imported_canonical_content_object,art/draw baseline deduplicated by SHA-256
sources/draw/Tuzigai.png,3D8C461B73DB12F27537DE14671684FEBF0E65E37311AF86A0E94DEAF0C9D266,1580224,.png,art_source,imported_canonical_content_object,art/draw baseline deduplicated by SHA-256
sources/draw/Zuhe.png,40FEBDF0B02C514510BFBA54182DF3C52E70F7AD6A02BB4F4E3327872654E881,2028517,.png,art_source,imported_canonical_content_object,art/draw baseline deduplicated by SHA-256
sources/draw/Zuhe2.png,8F9C9722E9B5A1BF10F7DDE4D6A6708C9F7F412955B60F99B4181A990FCA95F3,1991828,.png,art_source,imported_canonical_content_object,art/draw baseline deduplicated by SHA-256
sources/draw/Zujian1.png,A08E4D0BA6493F9B58DD101C78861092F45CEB6C2E08C4B5BDE2CA3EC61E97E5,1440692,.png,art_source,imported_canonical_content_object,art/draw baseline deduplicated by SHA-256
sources/draw/Zujian2.png,9E7902CB3D0A4803FEA41AA56589DFD70C86EE3CA24C3726CC5A0EC3327FAB9E,1262513,.png,art_source,imported_canonical_content_object,art/draw baseline deduplicated by SHA-256
sources/draw/Zujian3.png,A36FD3D879EFFE7AECA5EEC7B031A9FAF80D3E6E518E64B0D437D24736793D1F,1572670,.png,art_source,imported_canonical_content_object,art/draw baseline deduplicated by SHA-256
sources/README.md,78924055012B4520B9BA8CF4F761F31F77D570F82F70C8ACC976D82139B61F5D,332,.md,other,excluded_out_of_scope,not a root planning original or art/draw source member
